# unix_ms	channel	operation	detail	duration_ms	status
1776622431791	http	GET /api/roots		0.007	ok
1776622431808	http	GET /api/roots		0.004	ok
1776622431867	http	GET /api/roots		0.003	ok
1776622431873	http	GET /api/roots		0.003	ok
1776622431883	http	GET /api/roots		0.005	ok
1776622431886	http	GET /api/roots		0.003	ok
1776622433606	http	GET /api/roots		0.003	ok
1776622433612	http	GET /api/roots		0.003	ok
1776622433666	http	GET /api/roots		0.003	ok
1776622433668	http	GET /api/roots		0.002	ok
1776622435049	http	POST /api/login	user=admin	954.716	ok
1776622435050	http	GET /api/roots		0.003	ok
1776622435055	http	GET /api/roots		0.003	ok
1776622435088	ws	list	root_id=dir1 path=	3.527	ok
1776622435430	ws	list_tree	root_id=dir1	341.601	ok
1776622439507	ws	list	root_id=dir1 path=grpc-airflow	2.086	ok
1776622441625	ws	list	root_id=dir1 path=	0.541	ok
1776622443405	ws	list	root_id=dir1 path=grpc-airflow	1.994	ok
1776622450914	ws	list	root_id=dir2 path=	0.666	ok
1776622450914	ws	list_tree	root_id=dir2	0.259	ok
1776622453595	ws	list	root_id=dir1 path=	0.565	ok
1776622453762	ws	list_tree	root_id=dir1	166.243	ok
1776622478559	ws	list	root_id=dir1 path=grpc-airflow	2.117	ok
1776622479953	ws	list	root_id=dir1 path=grpc-airflow/.build	0.518	ok
1776622481041	ws	list	root_id=dir1 path=grpc-airflow	1.920	ok
1776622488402	ws	list	root_id=dir1 path=grpc-airflow/.git	1.126	ok
1776622603193	ws	list	root_id=dir1 path=	1.461	ok
1776622609146	ws	list	root_id=dir2 path=	0.917	ok
1776622609147	ws	list_tree	root_id=dir2	0.899	ok
1776622612361	ws	list	root_id=dir1 path=	0.652	ok
1776622612673	ws	list_tree	root_id=dir1	311.153	ok
1776622614507	ws	list	root_id=dir1 path=grpc-airflow	2.399	ok
1776622617646	ws	list	root_id=dir1 path=grpc-airflow/.output	0.655	ok
1776622618492	ws	list	root_id=dir1 path=grpc-airflow/.output/Macos-armv8-Debug	0.716	ok
1776622638562	ws	list	root_id=dir1 path=grpc-airflow/.output	0.472	ok
1776622639233	ws	list	root_id=dir1 path=grpc-airflow	1.375	ok
1776622640592	ws	list	root_id=dir1 path=	0.257	ok
1776622652302	http	GET /api/roots		0.004	ok
1776622652302	http	GET /api/roots		0.004	ok
1776622652315	http	GET /api/roots		0.005	ok
1776622652909	http	GET /api/roots		0.004	ok
1776622656289	http	GET /api/roots		0.004	ok
1776622656328	http	GET /api/roots		0.006	ok
1776622656381	http	GET /api/roots		0.017	ok
1776622656389	http	GET /api/roots		0.003	ok
1776622656905	http	GET /api/roots		0.004	ok
1776622660690	http	POST /api/login	user=admin	941.285	ok
1776622662828	http	GET /api/roots		0.003	ok
1776622662830	http	GET /api/roots		0.004	ok
1776622662853	http	GET /api/roots		0.004	ok
1776622662904	http	GET /api/roots		0.003	ok
1776622668154	http	POST /api/login	user=admin	932.756	ok
1776622677372	http	GET /api/roots		0.008	ok
1776622677373	http	GET /api/roots		0.018	ok
1776622677391	http	GET /api/roots		0.004	ok
1776622677392	http	GET /api/roots		0.002	ok
1776622677910	http	GET /api/roots		0.005	ok
1776622677913	http	GET /api/roots		0.003	ok
1776622685452	http	GET /api/roots		0.034	ok
1776622685456	http	GET /api/roots		0.003	ok
1776622685908	http	GET /api/roots		0.003	ok
1776622703872	http	GET /api/roots		0.003	ok
1776622703878	http	GET /api/roots		0.005	ok
1776622703906	http	GET /api/roots		0.005	ok
1776622719103	http	GET /api/roots		0.003	ok
1776622719118	http	GET /api/roots		0.003	ok
1776622719910	http	GET /api/roots		0.004	ok
1776622761156	http	GET /api/roots		0.009	ok
1776622761158	http	GET /api/roots		0.004	ok
1776622763467	http	POST /api/login	user=admin	936.259	ok
1776622763527	ws	list	root_id=dir1 path=	2.999	ok
1776622763832	ws	list_tree	root_id=dir1	304.845	ok
1776622763833	ws	list_tree	root_id=dir2	0.814	ok
1776622768868	ws	list	root_id=dir2 path=	0.648	ok
1776622770225	ws	list	root_id=dir1 path=	0.549	ok
1776622771970	ws	list	root_id=dir1 path=grpc-airflow	1.959	ok
1776622773824	ws	list	root_id=dir1 path=grpc-airflow/.git	1.494	ok
1776622777485	ws	list	root_id=dir1 path=grpc-airflow/.git/hooks	2.043	ok
1776622779965	ws	list	root_id=dir1 path=grpc-airflow/.git/logs	0.459	ok
1776622804258	ws	list	root_id=dir1 path=grpc-airflow	3.072	ok
1776622806417	ws	list	root_id=dir2 path=	0.539	ok
1776622852502	http	GET /api/roots		0.168	ok
1776622852508	http	GET /api/roots		0.003	ok
1776622852934	http	GET /api/roots		0.003	ok
1776622908366	http	GET /api/roots		0.141	ok
1776622908369	http	GET /api/roots		0.002	ok
1776622910437	http	POST /api/login	user=admin	938.900	ok
1776622910475	ws	list	root_id=dir1 path=	2.370	ok
1776622910632	ws	list_tree	root_id=dir1	156.306	ok
1776622910632	ws	list_tree	root_id=dir2	0.190	ok
1776622913530	ws	list	root_id=dir2 path=	0.354	ok
1776622918260	ws	begin_upload	root_id=dir2 path=File Manager Wireframes Standalone.html size=1772035	1.089	ok
1776622918298	ws	upload_chunk	transfer_id=4ad57a7e-3f7b-417a-9609-75aa3c34f8ca	0.164	ok
1776622918306	ws	upload_chunk	transfer_id=4ad57a7e-3f7b-417a-9609-75aa3c34f8ca	0.124	ok
1776622918307	ws	end_upload	transfer_id=4ad57a7e-3f7b-417a-9609-75aa3c34f8ca	0.660	ok
1776622918312	ws	list	root_id=dir2 path=	0.237	ok
1776622918327	ws	list_tree	root_id=dir2	0.232	ok
1776622918327	ws	list	root_id=dir2 path=	0.151	ok
1776622918348	ws	list_tree	root_id=dir2	0.206	ok
1776622918349	ws	list	root_id=dir2 path=	0.120	ok
1776622918349	ws	list_tree	root_id=dir2	0.102	ok
1776622918349	ws	list	root_id=dir2 path=	0.129	ok
1776622918349	ws	list_tree	root_id=dir2	0.095	ok
1776622918349	ws	list	root_id=dir2 path=	0.101	ok
1776622918349	ws	list_tree	root_id=dir2	0.092	ok
1776622918349	ws	list	root_id=dir2 path=	0.136	ok
1776622918350	ws	list_tree	root_id=dir2	0.185	ok
1776622918350	ws	list	root_id=dir2 path=	0.143	ok
1776622918350	ws	list_tree	root_id=dir2	0.103	ok
1776622918350	ws	list	root_id=dir2 path=	0.119	ok
1776622925966	http	POST /api/login	user=admin	932.107	ok
1776622925999	ws	list	root_id=dir1 path=	0.300	ok
1776622926131	ws	list_tree	root_id=dir1	132.352	ok
1776622926132	ws	list_tree	root_id=dir2	0.374	ok
1776622932033	ws	list	root_id=dir2 path=	0.829	ok
1776622936593	ws	remove	root_id=dir2 path=File Manager Wireframes Standalone.html	1.099	ok
1776622936639	ws	list	root_id=dir2 path=	0.373	ok
1776622936639	ws	list_tree	root_id=dir2	0.235	ok
1776622936640	ws	list_tree	root_id=dir2	0.172	ok
1776622936640	ws	list	root_id=dir2 path=	0.224	ok
1776622936640	ws	list	root_id=dir2 path=	0.236	ok
1776622936741	ws	list_tree	root_id=dir2	0.344	ok
1776622936742	ws	list	root_id=dir2 path=	0.259	ok
1776622936756	ws	list_tree	root_id=dir2	0.374	ok
1776622936756	ws	list	root_id=dir2 path=	0.217	ok
1776623000923	http	GET /api/roots		0.005	ok
1776623000926	http	GET /api/roots		0.003	ok
1776623003220	http	POST /api/login	user=admin	926.472	ok
1776623003260	ws	list	root_id=dir1 path=	0.416	ok
1776623003419	ws	list_tree	root_id=dir1	159.036	ok
1776623003420	ws	list_tree	root_id=dir2	0.351	ok
1776623028795	ws	begin_download	root_id=dir1 path=.DS_Store	2.228	ok
1776623032786	ws	list	root_id=dir1 path=grpc-airflow	0.888	ok
1776623035412	ws	list	root_id=dir1 path=grpc-airflow/.output	1.024	ok
1776623039497	ws	list	root_id=dir1 path=grpc-airflow	0.836	ok
1776623052847	ws	begin_download	root_id=dir1 path=grpc-airflow/.env.darwin.release	2.516	ok
1776623246056	http	GET /api/roots		0.100	ok
1776623246201	http	GET /api/roots		0.005	ok
1776623246939	http	GET /api/roots		0.009	ok
1776623246956	http	GET /api/roots		0.004	ok
1776623250017	http	GET /api/roots		0.005	ok
1776623250189	http	GET /api/roots		0.002	ok
1776623250890	http	GET /api/roots		0.003	ok
1776623250901	http	GET /api/roots		0.005	ok
1776623276363	http	GET /api/roots		0.006	ok
1776623276535	http	GET /api/roots		0.006	ok
1776623276911	http	GET /api/roots		0.005	ok
1776623276923	http	GET /api/roots		0.003	ok
1776623450626	http	GET /api/roots		0.003	ok
1776623450635	http	GET /api/roots		0.003	ok
1776623451121	http	GET /api/roots		0.003	ok
1776623451125	http	GET /api/roots		0.003	ok
1776623453186	http	POST /api/login	user=admin	1055.398	ok
1776623453227	ws	list	root_id=dir1 path=	0.746	ok
1776623453534	ws	list_tree	root_id=dir1	307.247	ok
1776623453535	ws	list_tree	root_id=dir2	0.441	ok
1776623461913	ws	begin_download	root_id=dir1 path=.DS_Store	2.373	ok
1776623561343	http	GET /api/roots		0.009	ok
1776623561356	http	GET /api/roots		0.003	ok
1776623561376	http	GET /api/roots		0.002	ok
1776623561380	http	GET /api/roots		0.006	ok
1776623565251	http	GET /api/roots		0.017	ok
1776623565253	http	GET /api/roots		0.003	ok
1776623572183	http	GET /api/roots		0.011	ok
1776623572183	http	GET /api/roots		0.013	ok
1776623575562	http	GET /api/roots		0.006	ok
1776623575563	http	GET /api/roots		0.001	ok
1776623589674	http	GET /api/roots		0.019	ok
1776623589674	http	GET /api/roots		0.001	ok
1776623589696	http	GET /api/roots		0.003	ok
1776623589698	http	GET /api/roots		0.003	ok
1776623593266	http	GET /api/roots		0.004	ok
1776623593266	http	GET /api/roots		0.001	ok
1776623606559	http	GET /api/roots		0.005	ok
1776623606559	http	GET /api/roots		0.003	ok
1776623611127	http	GET /api/roots		0.005	ok
1776623611141	http	GET /api/roots		0.003	ok
1776623618896	http	GET /api/roots		0.005	ok
1776623618896	http	GET /api/roots		0.001	ok
1776623628335	http	GET /api/roots		0.005	ok
1776623628335	http	GET /api/roots		0.001	ok
1776623633316	http	GET /api/roots		0.006	ok
1776623633323	http	GET /api/roots		0.003	ok
1776623648027	http	GET /api/roots		0.009	ok
1776623648032	http	GET /api/roots		0.003	ok
1776623687671	http	POST /api/login	user=admin	942.097	ok
1776623687713	ws	list	root_id=dir1 path=	3.505	ok
1776623688034	ws	list_tree	root_id=dir1	321.199	ok
1776623688034	ws	list_tree	root_id=dir2	0.371	ok
1776623691067	ws	begin_download	root_id=dir1 path=.DS_Store	1.678	ok
1776623699159	ws	list	root_id=dir1 path=grpc-airflow	2.896	ok
1776623708011	ws	list	root_id=dir1 path=grpc-airflow/blackboard	0.750	ok
1776623828221	ws	list	root_id=dir1 path=grpc-airflow/blackboard/src	0.951	ok
1776623836504	ws	list	root_id=dir1 path=grpc-airflow	3.028	ok
1776623846026	ws	list	root_id=dir2 path=	1.314	ok
1776623848211	ws	list	root_id=dir1 path=	0.937	ok
1776623849270	ws	list	root_id=dir1 path=grpc-airflow	2.885	ok
1776623850823	ws	list	root_id=dir1 path=	0.774	ok
1776623860034	ws	list	root_id=dir2 path=	0.569	ok
1776623861128	ws	list	root_id=dir1 path=	0.554	ok
1776623862503	ws	list	root_id=dir1 path=grpc-airflow	2.774	ok
1776623863656	ws	list	root_id=dir1 path=	0.824	ok
1776623869648	ws	list	root_id=dir2 path=	0.548	ok
1776623879949	ws	begin_upload	root_id=dir2 path=AnythingLLMDesktop-Silicon.dmg size=426749697	1.846	ok
1776623879985	ws	upload_chunk	transfer_id=9c9cd434-44b8-41fa-a4e6-18f92ac6f85f	0.426	ok
1776623880001	ws	upload_chunk	transfer_id=9c9cd434-44b8-41fa-a4e6-18f92ac6f85f	0.280	ok
1776623880016	ws	upload_chunk	transfer_id=9c9cd434-44b8-41fa-a4e6-18f92ac6f85f	0.322	ok
1776623880031	ws	upload_chunk	transfer_id=9c9cd434-44b8-41fa-a4e6-18f92ac6f85f	0.459	ok
1776623880048	ws	upload_chunk	transfer_id=9c9cd434-44b8-41fa-a4e6-18f92ac6f85f	0.242	ok
1776623880065	ws	upload_chunk	transfer_id=9c9cd434-44b8-41fa-a4e6-18f92ac6f85f	0.174	ok
1776623880078	ws	upload_chunk	transfer_id=9c9cd434-44b8-41fa-a4e6-18f92ac6f85f	0.507	ok
1776623880092	ws	upload_chunk	transfer_id=9c9cd434-44b8-41fa-a4e6-18f92ac6f85f	0.237	ok
1776623880107	ws	upload_chunk	transfer_id=9c9cd434-44b8-41fa-a4e6-18f92ac6f85f	0.159	ok
1776623880122	ws	upload_chunk	transfer_id=9c9cd434-44b8-41fa-a4e6-18f92ac6f85f	0.259	ok
1776623880137	ws	upload_chunk	transfer_id=9c9cd434-44b8-41fa-a4e6-18f92ac6f85f	0.211	ok
1776623880151	ws	upload_chunk	transfer_id=9c9cd434-44b8-41fa-a4e6-18f92ac6f85f	0.338	ok
1776623880166	ws	upload_chunk	transfer_id=9c9cd434-44b8-41fa-a4e6-18f92ac6f85f	0.208	ok
1776623880181	ws	upload_chunk	transfer_id=9c9cd434-44b8-41fa-a4e6-18f92ac6f85f	0.309	ok
1776623880195	ws	upload_chunk	transfer_id=9c9cd434-44b8-41fa-a4e6-18f92ac6f85f	0.144	ok
1776623880210	ws	upload_chunk	transfer_id=9c9cd434-44b8-41fa-a4e6-18f92ac6f85f	0.283	ok
1776623880226	ws	upload_chunk	transfer_id=9c9cd434-44b8-41fa-a4e6-18f92ac6f85f	0.142	ok
1776623880241	ws	upload_chunk	transfer_id=9c9cd434-44b8-41fa-a4e6-18f92ac6f85f	0.402	ok
1776623880257	ws	upload_chunk	transfer_id=9c9cd434-44b8-41fa-a4e6-18f92ac6f85f	0.333	ok
1776623880274	ws	upload_chunk	transfer_id=9c9cd434-44b8-41fa-a4e6-18f92ac6f85f	0.435	ok
1776623880297	ws	upload_chunk	transfer_id=9c9cd434-44b8-41fa-a4e6-18f92ac6f85f	0.430	ok
1776623880315	ws	upload_chunk	transfer_id=9c9cd434-44b8-41fa-a4e6-18f92ac6f85f	0.630	ok
1776623880348	ws	upload_chunk	transfer_id=9c9cd434-44b8-41fa-a4e6-18f92ac6f85f	0.192	ok
1776623880366	ws	upload_chunk	transfer_id=9c9cd434-44b8-41fa-a4e6-18f92ac6f85f	0.425	ok
1776623880397	ws	upload_chunk	transfer_id=9c9cd434-44b8-41fa-a4e6-18f92ac6f85f	0.548	ok
1776623880417	ws	upload_chunk	transfer_id=9c9cd434-44b8-41fa-a4e6-18f92ac6f85f	0.649	ok
1776623880445	ws	upload_chunk	transfer_id=9c9cd434-44b8-41fa-a4e6-18f92ac6f85f	0.201	ok
1776623880465	ws	upload_chunk	transfer_id=9c9cd434-44b8-41fa-a4e6-18f92ac6f85f	1.682	ok
1776623880501	ws	upload_chunk	transfer_id=9c9cd434-44b8-41fa-a4e6-18f92ac6f85f	0.554	ok
1776623880519	ws	upload_chunk	transfer_id=9c9cd434-44b8-41fa-a4e6-18f92ac6f85f	0.928	ok
1776623880540	ws	upload_chunk	transfer_id=9c9cd434-44b8-41fa-a4e6-18f92ac6f85f	0.460	ok
1776623880556	ws	upload_chunk	transfer_id=9c9cd434-44b8-41fa-a4e6-18f92ac6f85f	0.235	ok
1776623880576	ws	upload_chunk	transfer_id=9c9cd434-44b8-41fa-a4e6-18f92ac6f85f	0.171	ok
1776623880592	ws	upload_chunk	transfer_id=9c9cd434-44b8-41fa-a4e6-18f92ac6f85f	0.252	ok
1776623880611	ws	upload_chunk	transfer_id=9c9cd434-44b8-41fa-a4e6-18f92ac6f85f	0.218	ok
1776623880627	ws	upload_chunk	transfer_id=9c9cd434-44b8-41fa-a4e6-18f92ac6f85f	0.190	ok
1776623880647	ws	upload_chunk	transfer_id=9c9cd434-44b8-41fa-a4e6-18f92ac6f85f	0.225	ok
1776623880657	ws	upload_chunk	transfer_id=9c9cd434-44b8-41fa-a4e6-18f92ac6f85f	0.137	ok
1776623880674	ws	upload_chunk	transfer_id=9c9cd434-44b8-41fa-a4e6-18f92ac6f85f	0.326	ok
1776623880686	ws	upload_chunk	transfer_id=9c9cd434-44b8-41fa-a4e6-18f92ac6f85f	0.135	ok
1776623880694	ws	upload_chunk	transfer_id=9c9cd434-44b8-41fa-a4e6-18f92ac6f85f	0.102	ok
1776623880703	ws	upload_chunk	transfer_id=9c9cd434-44b8-41fa-a4e6-18f92ac6f85f	0.109	ok
1776623880712	ws	upload_chunk	transfer_id=9c9cd434-44b8-41fa-a4e6-18f92ac6f85f	0.094	ok
1776623880720	ws	upload_chunk	transfer_id=9c9cd434-44b8-41fa-a4e6-18f92ac6f85f	0.128	ok
1776623880729	ws	upload_chunk	transfer_id=9c9cd434-44b8-41fa-a4e6-18f92ac6f85f	0.110	ok
1776623880738	ws	upload_chunk	transfer_id=9c9cd434-44b8-41fa-a4e6-18f92ac6f85f	0.121	ok
1776623880746	ws	upload_chunk	transfer_id=9c9cd434-44b8-41fa-a4e6-18f92ac6f85f	0.109	ok
1776623880755	ws	upload_chunk	transfer_id=9c9cd434-44b8-41fa-a4e6-18f92ac6f85f	0.134	ok
1776623880764	ws	upload_chunk	transfer_id=9c9cd434-44b8-41fa-a4e6-18f92ac6f85f	0.120	ok
1776623880774	ws	upload_chunk	transfer_id=9c9cd434-44b8-41fa-a4e6-18f92ac6f85f	0.134	ok
1776623880783	ws	upload_chunk	transfer_id=9c9cd434-44b8-41fa-a4e6-18f92ac6f85f	0.135	ok
1776623880791	ws	upload_chunk	transfer_id=9c9cd434-44b8-41fa-a4e6-18f92ac6f85f	0.119	ok
1776623880800	ws	upload_chunk	transfer_id=9c9cd434-44b8-41fa-a4e6-18f92ac6f85f	0.105	ok
1776623880809	ws	upload_chunk	transfer_id=9c9cd434-44b8-41fa-a4e6-18f92ac6f85f	0.123	ok
1776623880818	ws	upload_chunk	transfer_id=9c9cd434-44b8-41fa-a4e6-18f92ac6f85f	0.136	ok
1776623880826	ws	upload_chunk	transfer_id=9c9cd434-44b8-41fa-a4e6-18f92ac6f85f	0.085	ok
1776623880835	ws	upload_chunk	transfer_id=9c9cd434-44b8-41fa-a4e6-18f92ac6f85f	0.135	ok
1776623880844	ws	upload_chunk	transfer_id=9c9cd434-44b8-41fa-a4e6-18f92ac6f85f	0.109	ok
1776623880852	ws	upload_chunk	transfer_id=9c9cd434-44b8-41fa-a4e6-18f92ac6f85f	0.153	ok
1776623880861	ws	upload_chunk	transfer_id=9c9cd434-44b8-41fa-a4e6-18f92ac6f85f	0.126	ok
1776623880870	ws	upload_chunk	transfer_id=9c9cd434-44b8-41fa-a4e6-18f92ac6f85f	0.137	ok
1776623880880	ws	upload_chunk	transfer_id=9c9cd434-44b8-41fa-a4e6-18f92ac6f85f	0.160	ok
1776623880890	ws	upload_chunk	transfer_id=9c9cd434-44b8-41fa-a4e6-18f92ac6f85f	0.136	ok
1776623880898	ws	upload_chunk	transfer_id=9c9cd434-44b8-41fa-a4e6-18f92ac6f85f	0.083	ok
1776623880907	ws	upload_chunk	transfer_id=9c9cd434-44b8-41fa-a4e6-18f92ac6f85f	0.107	ok
1776623880915	ws	upload_chunk	transfer_id=9c9cd434-44b8-41fa-a4e6-18f92ac6f85f	0.100	ok
1776623880924	ws	upload_chunk	transfer_id=9c9cd434-44b8-41fa-a4e6-18f92ac6f85f	0.140	ok
1776623880933	ws	upload_chunk	transfer_id=9c9cd434-44b8-41fa-a4e6-18f92ac6f85f	0.105	ok
1776623880941	ws	upload_chunk	transfer_id=9c9cd434-44b8-41fa-a4e6-18f92ac6f85f	0.130	ok
1776623880950	ws	upload_chunk	transfer_id=9c9cd434-44b8-41fa-a4e6-18f92ac6f85f	0.114	ok
1776623880959	ws	upload_chunk	transfer_id=9c9cd434-44b8-41fa-a4e6-18f92ac6f85f	0.106	ok
1776623880968	ws	upload_chunk	transfer_id=9c9cd434-44b8-41fa-a4e6-18f92ac6f85f	0.134	ok
1776623880976	ws	upload_chunk	transfer_id=9c9cd434-44b8-41fa-a4e6-18f92ac6f85f	0.114	ok
1776623880985	ws	upload_chunk	transfer_id=9c9cd434-44b8-41fa-a4e6-18f92ac6f85f	0.108	ok
1776623880993	ws	upload_chunk	transfer_id=9c9cd434-44b8-41fa-a4e6-18f92ac6f85f	0.091	ok
1776623881002	ws	upload_chunk	transfer_id=9c9cd434-44b8-41fa-a4e6-18f92ac6f85f	0.097	ok
1776623881010	ws	upload_chunk	transfer_id=9c9cd434-44b8-41fa-a4e6-18f92ac6f85f	0.083	ok
1776623881018	ws	upload_chunk	transfer_id=9c9cd434-44b8-41fa-a4e6-18f92ac6f85f	0.080	ok
1776623881027	ws	upload_chunk	transfer_id=9c9cd434-44b8-41fa-a4e6-18f92ac6f85f	0.079	ok
1776623881035	ws	upload_chunk	transfer_id=9c9cd434-44b8-41fa-a4e6-18f92ac6f85f	0.100	ok
1776623881043	ws	upload_chunk	transfer_id=9c9cd434-44b8-41fa-a4e6-18f92ac6f85f	0.072	ok
1776623881052	ws	upload_chunk	transfer_id=9c9cd434-44b8-41fa-a4e6-18f92ac6f85f	0.087	ok
1776623881060	ws	upload_chunk	transfer_id=9c9cd434-44b8-41fa-a4e6-18f92ac6f85f	0.080	ok
1776623881069	ws	upload_chunk	transfer_id=9c9cd434-44b8-41fa-a4e6-18f92ac6f85f	0.081	ok
1776623881077	ws	upload_chunk	transfer_id=9c9cd434-44b8-41fa-a4e6-18f92ac6f85f	0.107	ok
1776623881085	ws	upload_chunk	transfer_id=9c9cd434-44b8-41fa-a4e6-18f92ac6f85f	0.100	ok
1776623881094	ws	upload_chunk	transfer_id=9c9cd434-44b8-41fa-a4e6-18f92ac6f85f	0.093	ok
1776623881102	ws	upload_chunk	transfer_id=9c9cd434-44b8-41fa-a4e6-18f92ac6f85f	0.106	ok
1776623881110	ws	upload_chunk	transfer_id=9c9cd434-44b8-41fa-a4e6-18f92ac6f85f	0.087	ok
1776623881119	ws	upload_chunk	transfer_id=9c9cd434-44b8-41fa-a4e6-18f92ac6f85f	0.088	ok
1776623881127	ws	upload_chunk	transfer_id=9c9cd434-44b8-41fa-a4e6-18f92ac6f85f	0.072	ok
1776623881136	ws	upload_chunk	transfer_id=9c9cd434-44b8-41fa-a4e6-18f92ac6f85f	0.092	ok
1776623881144	ws	upload_chunk	transfer_id=9c9cd434-44b8-41fa-a4e6-18f92ac6f85f	0.070	ok
1776623881152	ws	upload_chunk	transfer_id=9c9cd434-44b8-41fa-a4e6-18f92ac6f85f	0.094	ok
1776623881161	ws	upload_chunk	transfer_id=9c9cd434-44b8-41fa-a4e6-18f92ac6f85f	0.083	ok
1776623881169	ws	upload_chunk	transfer_id=9c9cd434-44b8-41fa-a4e6-18f92ac6f85f	0.094	ok
1776623881177	ws	upload_chunk	transfer_id=9c9cd434-44b8-41fa-a4e6-18f92ac6f85f	0.085	ok
1776623881186	ws	upload_chunk	transfer_id=9c9cd434-44b8-41fa-a4e6-18f92ac6f85f	0.087	ok
1776623881195	ws	upload_chunk	transfer_id=9c9cd434-44b8-41fa-a4e6-18f92ac6f85f	0.084	ok
1776623881203	ws	upload_chunk	transfer_id=9c9cd434-44b8-41fa-a4e6-18f92ac6f85f	0.084	ok
1776623881211	ws	upload_chunk	transfer_id=9c9cd434-44b8-41fa-a4e6-18f92ac6f85f	0.102	ok
1776623881219	ws	upload_chunk	transfer_id=9c9cd434-44b8-41fa-a4e6-18f92ac6f85f	0.090	ok
1776623881228	ws	upload_chunk	transfer_id=9c9cd434-44b8-41fa-a4e6-18f92ac6f85f	0.101	ok
1776623881236	ws	upload_chunk	transfer_id=9c9cd434-44b8-41fa-a4e6-18f92ac6f85f	0.087	ok
1776623881245	ws	upload_chunk	transfer_id=9c9cd434-44b8-41fa-a4e6-18f92ac6f85f	0.136	ok
1776623881254	ws	upload_chunk	transfer_id=9c9cd434-44b8-41fa-a4e6-18f92ac6f85f	0.105	ok
1776623881262	ws	upload_chunk	transfer_id=9c9cd434-44b8-41fa-a4e6-18f92ac6f85f	0.097	ok
1776623881270	ws	upload_chunk	transfer_id=9c9cd434-44b8-41fa-a4e6-18f92ac6f85f	0.090	ok
1776623881279	ws	upload_chunk	transfer_id=9c9cd434-44b8-41fa-a4e6-18f92ac6f85f	0.090	ok
1776623881287	ws	upload_chunk	transfer_id=9c9cd434-44b8-41fa-a4e6-18f92ac6f85f	0.091	ok
1776623881295	ws	upload_chunk	transfer_id=9c9cd434-44b8-41fa-a4e6-18f92ac6f85f	0.087	ok
1776623881304	ws	upload_chunk	transfer_id=9c9cd434-44b8-41fa-a4e6-18f92ac6f85f	0.105	ok
1776623881312	ws	upload_chunk	transfer_id=9c9cd434-44b8-41fa-a4e6-18f92ac6f85f	0.118	ok
1776623881320	ws	upload_chunk	transfer_id=9c9cd434-44b8-41fa-a4e6-18f92ac6f85f	0.081	ok
1776623881329	ws	upload_chunk	transfer_id=9c9cd434-44b8-41fa-a4e6-18f92ac6f85f	0.081	ok
1776623881337	ws	upload_chunk	transfer_id=9c9cd434-44b8-41fa-a4e6-18f92ac6f85f	0.107	ok
1776623881347	ws	upload_chunk	transfer_id=9c9cd434-44b8-41fa-a4e6-18f92ac6f85f	0.129	ok
1776623881355	ws	upload_chunk	transfer_id=9c9cd434-44b8-41fa-a4e6-18f92ac6f85f	0.083	ok
1776623881363	ws	upload_chunk	transfer_id=9c9cd434-44b8-41fa-a4e6-18f92ac6f85f	0.112	ok
1776623881372	ws	upload_chunk	transfer_id=9c9cd434-44b8-41fa-a4e6-18f92ac6f85f	0.090	ok
1776623881380	ws	upload_chunk	transfer_id=9c9cd434-44b8-41fa-a4e6-18f92ac6f85f	0.070	ok
1776623881388	ws	upload_chunk	transfer_id=9c9cd434-44b8-41fa-a4e6-18f92ac6f85f	0.086	ok
1776623881397	ws	upload_chunk	transfer_id=9c9cd434-44b8-41fa-a4e6-18f92ac6f85f	0.072	ok
1776623881405	ws	upload_chunk	transfer_id=9c9cd434-44b8-41fa-a4e6-18f92ac6f85f	0.094	ok
1776623881413	ws	upload_chunk	transfer_id=9c9cd434-44b8-41fa-a4e6-18f92ac6f85f	0.086	ok
1776623881424	ws	upload_chunk	transfer_id=9c9cd434-44b8-41fa-a4e6-18f92ac6f85f	0.125	ok
1776623881432	ws	upload_chunk	transfer_id=9c9cd434-44b8-41fa-a4e6-18f92ac6f85f	0.083	ok
1776623881440	ws	upload_chunk	transfer_id=9c9cd434-44b8-41fa-a4e6-18f92ac6f85f	0.091	ok
1776623881449	ws	upload_chunk	transfer_id=9c9cd434-44b8-41fa-a4e6-18f92ac6f85f	0.081	ok
1776623881457	ws	upload_chunk	transfer_id=9c9cd434-44b8-41fa-a4e6-18f92ac6f85f	0.088	ok
1776623881466	ws	upload_chunk	transfer_id=9c9cd434-44b8-41fa-a4e6-18f92ac6f85f	0.080	ok
1776623881474	ws	upload_chunk	transfer_id=9c9cd434-44b8-41fa-a4e6-18f92ac6f85f	0.092	ok
1776623881482	ws	upload_chunk	transfer_id=9c9cd434-44b8-41fa-a4e6-18f92ac6f85f	0.102	ok
1776623881491	ws	upload_chunk	transfer_id=9c9cd434-44b8-41fa-a4e6-18f92ac6f85f	0.089	ok
1776623881499	ws	upload_chunk	transfer_id=9c9cd434-44b8-41fa-a4e6-18f92ac6f85f	0.065	ok
1776623881508	ws	upload_chunk	transfer_id=9c9cd434-44b8-41fa-a4e6-18f92ac6f85f	0.079	ok
1776623881517	ws	upload_chunk	transfer_id=9c9cd434-44b8-41fa-a4e6-18f92ac6f85f	0.069	ok
1776623881524	ws	upload_chunk	transfer_id=9c9cd434-44b8-41fa-a4e6-18f92ac6f85f	0.099	ok
1776623881533	ws	upload_chunk	transfer_id=9c9cd434-44b8-41fa-a4e6-18f92ac6f85f	0.067	ok
1776623881541	ws	upload_chunk	transfer_id=9c9cd434-44b8-41fa-a4e6-18f92ac6f85f	0.094	ok
1776623881549	ws	upload_chunk	transfer_id=9c9cd434-44b8-41fa-a4e6-18f92ac6f85f	0.065	ok
1776623881558	ws	upload_chunk	transfer_id=9c9cd434-44b8-41fa-a4e6-18f92ac6f85f	0.107	ok
1776623881566	ws	upload_chunk	transfer_id=9c9cd434-44b8-41fa-a4e6-18f92ac6f85f	0.063	ok
1776623881574	ws	upload_chunk	transfer_id=9c9cd434-44b8-41fa-a4e6-18f92ac6f85f	0.099	ok
1776623881583	ws	upload_chunk	transfer_id=9c9cd434-44b8-41fa-a4e6-18f92ac6f85f	0.084	ok
1776623881591	ws	upload_chunk	transfer_id=9c9cd434-44b8-41fa-a4e6-18f92ac6f85f	0.107	ok
1776623881600	ws	upload_chunk	transfer_id=9c9cd434-44b8-41fa-a4e6-18f92ac6f85f	0.211	ok
1776623881609	ws	upload_chunk	transfer_id=9c9cd434-44b8-41fa-a4e6-18f92ac6f85f	0.123	ok
1776623881618	ws	upload_chunk	transfer_id=9c9cd434-44b8-41fa-a4e6-18f92ac6f85f	0.085	ok
1776623881627	ws	upload_chunk	transfer_id=9c9cd434-44b8-41fa-a4e6-18f92ac6f85f	0.077	ok
1776623881634	ws	upload_chunk	transfer_id=9c9cd434-44b8-41fa-a4e6-18f92ac6f85f	0.083	ok
1776623881642	ws	upload_chunk	transfer_id=9c9cd434-44b8-41fa-a4e6-18f92ac6f85f	0.077	ok
1776623881651	ws	upload_chunk	transfer_id=9c9cd434-44b8-41fa-a4e6-18f92ac6f85f	0.086	ok
1776623881660	ws	upload_chunk	transfer_id=9c9cd434-44b8-41fa-a4e6-18f92ac6f85f	0.081	ok
1776623881668	ws	upload_chunk	transfer_id=9c9cd434-44b8-41fa-a4e6-18f92ac6f85f	0.069	ok
1776623881676	ws	upload_chunk	transfer_id=9c9cd434-44b8-41fa-a4e6-18f92ac6f85f	0.108	ok
1776623881685	ws	upload_chunk	transfer_id=9c9cd434-44b8-41fa-a4e6-18f92ac6f85f	0.095	ok
1776623881694	ws	upload_chunk	transfer_id=9c9cd434-44b8-41fa-a4e6-18f92ac6f85f	0.111	ok
1776623881702	ws	upload_chunk	transfer_id=9c9cd434-44b8-41fa-a4e6-18f92ac6f85f	0.099	ok
1776623881711	ws	upload_chunk	transfer_id=9c9cd434-44b8-41fa-a4e6-18f92ac6f85f	0.084	ok
1776623881719	ws	upload_chunk	transfer_id=9c9cd434-44b8-41fa-a4e6-18f92ac6f85f	0.075	ok
1776623881729	ws	upload_chunk	transfer_id=9c9cd434-44b8-41fa-a4e6-18f92ac6f85f	0.073	ok
1776623881737	ws	upload_chunk	transfer_id=9c9cd434-44b8-41fa-a4e6-18f92ac6f85f	0.083	ok
1776623881745	ws	upload_chunk	transfer_id=9c9cd434-44b8-41fa-a4e6-18f92ac6f85f	0.078	ok
1776623881753	ws	upload_chunk	transfer_id=9c9cd434-44b8-41fa-a4e6-18f92ac6f85f	0.069	ok
1776623881761	ws	upload_chunk	transfer_id=9c9cd434-44b8-41fa-a4e6-18f92ac6f85f	0.077	ok
1776623881770	ws	upload_chunk	transfer_id=9c9cd434-44b8-41fa-a4e6-18f92ac6f85f	0.081	ok
1776623881779	ws	upload_chunk	transfer_id=9c9cd434-44b8-41fa-a4e6-18f92ac6f85f	0.379	ok
1776623881788	ws	upload_chunk	transfer_id=9c9cd434-44b8-41fa-a4e6-18f92ac6f85f	0.120	ok
1776623881797	ws	upload_chunk	transfer_id=9c9cd434-44b8-41fa-a4e6-18f92ac6f85f	0.092	ok
1776623881805	ws	upload_chunk	transfer_id=9c9cd434-44b8-41fa-a4e6-18f92ac6f85f	0.087	ok
1776623881813	ws	upload_chunk	transfer_id=9c9cd434-44b8-41fa-a4e6-18f92ac6f85f	0.082	ok
1776623881822	ws	upload_chunk	transfer_id=9c9cd434-44b8-41fa-a4e6-18f92ac6f85f	0.103	ok
1776623881830	ws	upload_chunk	transfer_id=9c9cd434-44b8-41fa-a4e6-18f92ac6f85f	0.103	ok
1776623881840	ws	upload_chunk	transfer_id=9c9cd434-44b8-41fa-a4e6-18f92ac6f85f	0.101	ok
1776623881848	ws	upload_chunk	transfer_id=9c9cd434-44b8-41fa-a4e6-18f92ac6f85f	0.068	ok
1776623881857	ws	upload_chunk	transfer_id=9c9cd434-44b8-41fa-a4e6-18f92ac6f85f	0.090	ok
1776623881865	ws	upload_chunk	transfer_id=9c9cd434-44b8-41fa-a4e6-18f92ac6f85f	0.074	ok
1776623881873	ws	upload_chunk	transfer_id=9c9cd434-44b8-41fa-a4e6-18f92ac6f85f	0.085	ok
1776623881882	ws	upload_chunk	transfer_id=9c9cd434-44b8-41fa-a4e6-18f92ac6f85f	0.075	ok
1776623881890	ws	upload_chunk	transfer_id=9c9cd434-44b8-41fa-a4e6-18f92ac6f85f	0.083	ok
1776623881898	ws	upload_chunk	transfer_id=9c9cd434-44b8-41fa-a4e6-18f92ac6f85f	0.081	ok
1776623881907	ws	upload_chunk	transfer_id=9c9cd434-44b8-41fa-a4e6-18f92ac6f85f	0.104	ok
1776623881928	ws	upload_chunk	transfer_id=9c9cd434-44b8-41fa-a4e6-18f92ac6f85f	0.104	ok
1776623881938	ws	upload_chunk	transfer_id=9c9cd434-44b8-41fa-a4e6-18f92ac6f85f	0.090	ok
1776623881947	ws	upload_chunk	transfer_id=9c9cd434-44b8-41fa-a4e6-18f92ac6f85f	0.095	ok
1776623881955	ws	upload_chunk	transfer_id=9c9cd434-44b8-41fa-a4e6-18f92ac6f85f	0.097	ok
1776623881963	ws	upload_chunk	transfer_id=9c9cd434-44b8-41fa-a4e6-18f92ac6f85f	0.089	ok
1776623881972	ws	upload_chunk	transfer_id=9c9cd434-44b8-41fa-a4e6-18f92ac6f85f	0.094	ok
1776623881980	ws	upload_chunk	transfer_id=9c9cd434-44b8-41fa-a4e6-18f92ac6f85f	0.094	ok
1776623881989	ws	upload_chunk	transfer_id=9c9cd434-44b8-41fa-a4e6-18f92ac6f85f	0.122	ok
1776623881997	ws	upload_chunk	transfer_id=9c9cd434-44b8-41fa-a4e6-18f92ac6f85f	0.079	ok
1776623882006	ws	upload_chunk	transfer_id=9c9cd434-44b8-41fa-a4e6-18f92ac6f85f	0.094	ok
1776623882014	ws	upload_chunk	transfer_id=9c9cd434-44b8-41fa-a4e6-18f92ac6f85f	0.080	ok
1776623882023	ws	upload_chunk	transfer_id=9c9cd434-44b8-41fa-a4e6-18f92ac6f85f	0.104	ok
1776623882031	ws	upload_chunk	transfer_id=9c9cd434-44b8-41fa-a4e6-18f92ac6f85f	0.106	ok
1776623882040	ws	upload_chunk	transfer_id=9c9cd434-44b8-41fa-a4e6-18f92ac6f85f	0.097	ok
1776623882048	ws	upload_chunk	transfer_id=9c9cd434-44b8-41fa-a4e6-18f92ac6f85f	0.078	ok
1776623882056	ws	upload_chunk	transfer_id=9c9cd434-44b8-41fa-a4e6-18f92ac6f85f	0.100	ok
1776623882065	ws	upload_chunk	transfer_id=9c9cd434-44b8-41fa-a4e6-18f92ac6f85f	0.086	ok
1776623882075	ws	upload_chunk	transfer_id=9c9cd434-44b8-41fa-a4e6-18f92ac6f85f	0.126	ok
1776623882083	ws	upload_chunk	transfer_id=9c9cd434-44b8-41fa-a4e6-18f92ac6f85f	0.072	ok
1776623882092	ws	upload_chunk	transfer_id=9c9cd434-44b8-41fa-a4e6-18f92ac6f85f	0.090	ok
1776623882100	ws	upload_chunk	transfer_id=9c9cd434-44b8-41fa-a4e6-18f92ac6f85f	0.074	ok
1776623882109	ws	upload_chunk	transfer_id=9c9cd434-44b8-41fa-a4e6-18f92ac6f85f	0.120	ok
1776623882118	ws	upload_chunk	transfer_id=9c9cd434-44b8-41fa-a4e6-18f92ac6f85f	0.126	ok
1776623882126	ws	upload_chunk	transfer_id=9c9cd434-44b8-41fa-a4e6-18f92ac6f85f	0.074	ok
1776623882135	ws	upload_chunk	transfer_id=9c9cd434-44b8-41fa-a4e6-18f92ac6f85f	0.085	ok
1776623882143	ws	upload_chunk	transfer_id=9c9cd434-44b8-41fa-a4e6-18f92ac6f85f	0.077	ok
1776623882152	ws	upload_chunk	transfer_id=9c9cd434-44b8-41fa-a4e6-18f92ac6f85f	0.095	ok
1776623882160	ws	upload_chunk	transfer_id=9c9cd434-44b8-41fa-a4e6-18f92ac6f85f	0.063	ok
1776623882168	ws	upload_chunk	transfer_id=9c9cd434-44b8-41fa-a4e6-18f92ac6f85f	0.072	ok
1776623882176	ws	upload_chunk	transfer_id=9c9cd434-44b8-41fa-a4e6-18f92ac6f85f	0.068	ok
1776623882185	ws	upload_chunk	transfer_id=9c9cd434-44b8-41fa-a4e6-18f92ac6f85f	0.085	ok
1776623882193	ws	upload_chunk	transfer_id=9c9cd434-44b8-41fa-a4e6-18f92ac6f85f	0.073	ok
1776623882201	ws	upload_chunk	transfer_id=9c9cd434-44b8-41fa-a4e6-18f92ac6f85f	0.100	ok
1776623882210	ws	upload_chunk	transfer_id=9c9cd434-44b8-41fa-a4e6-18f92ac6f85f	0.087	ok
1776623882219	ws	upload_chunk	transfer_id=9c9cd434-44b8-41fa-a4e6-18f92ac6f85f	0.098	ok
1776623882227	ws	upload_chunk	transfer_id=9c9cd434-44b8-41fa-a4e6-18f92ac6f85f	0.106	ok
1776623882235	ws	upload_chunk	transfer_id=9c9cd434-44b8-41fa-a4e6-18f92ac6f85f	0.083	ok
1776623882244	ws	upload_chunk	transfer_id=9c9cd434-44b8-41fa-a4e6-18f92ac6f85f	0.068	ok
1776623882252	ws	upload_chunk	transfer_id=9c9cd434-44b8-41fa-a4e6-18f92ac6f85f	0.088	ok
1776623882261	ws	upload_chunk	transfer_id=9c9cd434-44b8-41fa-a4e6-18f92ac6f85f	0.073	ok
1776623882269	ws	upload_chunk	transfer_id=9c9cd434-44b8-41fa-a4e6-18f92ac6f85f	0.077	ok
1776623882277	ws	upload_chunk	transfer_id=9c9cd434-44b8-41fa-a4e6-18f92ac6f85f	0.067	ok
1776623882286	ws	upload_chunk	transfer_id=9c9cd434-44b8-41fa-a4e6-18f92ac6f85f	0.105	ok
1776623882295	ws	upload_chunk	transfer_id=9c9cd434-44b8-41fa-a4e6-18f92ac6f85f	0.108	ok
1776623882303	ws	upload_chunk	transfer_id=9c9cd434-44b8-41fa-a4e6-18f92ac6f85f	0.124	ok
1776623882312	ws	upload_chunk	transfer_id=9c9cd434-44b8-41fa-a4e6-18f92ac6f85f	0.123	ok
1776623882321	ws	upload_chunk	transfer_id=9c9cd434-44b8-41fa-a4e6-18f92ac6f85f	0.132	ok
1776623882329	ws	upload_chunk	transfer_id=9c9cd434-44b8-41fa-a4e6-18f92ac6f85f	0.097	ok
1776623882338	ws	upload_chunk	transfer_id=9c9cd434-44b8-41fa-a4e6-18f92ac6f85f	0.150	ok
1776623882348	ws	upload_chunk	transfer_id=9c9cd434-44b8-41fa-a4e6-18f92ac6f85f	0.117	ok
1776623882356	ws	upload_chunk	transfer_id=9c9cd434-44b8-41fa-a4e6-18f92ac6f85f	0.096	ok
1776623882364	ws	upload_chunk	transfer_id=9c9cd434-44b8-41fa-a4e6-18f92ac6f85f	0.080	ok
1776623882373	ws	upload_chunk	transfer_id=9c9cd434-44b8-41fa-a4e6-18f92ac6f85f	0.089	ok
1776623882381	ws	upload_chunk	transfer_id=9c9cd434-44b8-41fa-a4e6-18f92ac6f85f	0.103	ok
1776623882390	ws	upload_chunk	transfer_id=9c9cd434-44b8-41fa-a4e6-18f92ac6f85f	0.099	ok
1776623882398	ws	upload_chunk	transfer_id=9c9cd434-44b8-41fa-a4e6-18f92ac6f85f	0.078	ok
1776623882407	ws	upload_chunk	transfer_id=9c9cd434-44b8-41fa-a4e6-18f92ac6f85f	0.115	ok
1776623882415	ws	upload_chunk	transfer_id=9c9cd434-44b8-41fa-a4e6-18f92ac6f85f	0.091	ok
1776623882424	ws	upload_chunk	transfer_id=9c9cd434-44b8-41fa-a4e6-18f92ac6f85f	0.109	ok
1776623882433	ws	upload_chunk	transfer_id=9c9cd434-44b8-41fa-a4e6-18f92ac6f85f	0.117	ok
1776623882441	ws	upload_chunk	transfer_id=9c9cd434-44b8-41fa-a4e6-18f92ac6f85f	0.112	ok
1776623882450	ws	upload_chunk	transfer_id=9c9cd434-44b8-41fa-a4e6-18f92ac6f85f	0.085	ok
1776623882458	ws	upload_chunk	transfer_id=9c9cd434-44b8-41fa-a4e6-18f92ac6f85f	0.092	ok
1776623882466	ws	upload_chunk	transfer_id=9c9cd434-44b8-41fa-a4e6-18f92ac6f85f	0.075	ok
1776623882475	ws	upload_chunk	transfer_id=9c9cd434-44b8-41fa-a4e6-18f92ac6f85f	0.094	ok
1776623882483	ws	upload_chunk	transfer_id=9c9cd434-44b8-41fa-a4e6-18f92ac6f85f	0.098	ok
1776623882492	ws	upload_chunk	transfer_id=9c9cd434-44b8-41fa-a4e6-18f92ac6f85f	0.103	ok
1776623882500	ws	upload_chunk	transfer_id=9c9cd434-44b8-41fa-a4e6-18f92ac6f85f	0.097	ok
1776623882509	ws	upload_chunk	transfer_id=9c9cd434-44b8-41fa-a4e6-18f92ac6f85f	0.092	ok
1776623882517	ws	upload_chunk	transfer_id=9c9cd434-44b8-41fa-a4e6-18f92ac6f85f	0.106	ok
1776623882526	ws	upload_chunk	transfer_id=9c9cd434-44b8-41fa-a4e6-18f92ac6f85f	0.074	ok
1776623882534	ws	upload_chunk	transfer_id=9c9cd434-44b8-41fa-a4e6-18f92ac6f85f	0.079	ok
1776623882542	ws	upload_chunk	transfer_id=9c9cd434-44b8-41fa-a4e6-18f92ac6f85f	0.074	ok
1776623882551	ws	upload_chunk	transfer_id=9c9cd434-44b8-41fa-a4e6-18f92ac6f85f	0.122	ok
1776623882559	ws	upload_chunk	transfer_id=9c9cd434-44b8-41fa-a4e6-18f92ac6f85f	0.080	ok
1776623882567	ws	upload_chunk	transfer_id=9c9cd434-44b8-41fa-a4e6-18f92ac6f85f	0.089	ok
1776623882575	ws	upload_chunk	transfer_id=9c9cd434-44b8-41fa-a4e6-18f92ac6f85f	0.062	ok
1776623882584	ws	upload_chunk	transfer_id=9c9cd434-44b8-41fa-a4e6-18f92ac6f85f	0.092	ok
1776623882592	ws	upload_chunk	transfer_id=9c9cd434-44b8-41fa-a4e6-18f92ac6f85f	0.066	ok
1776623882601	ws	upload_chunk	transfer_id=9c9cd434-44b8-41fa-a4e6-18f92ac6f85f	0.083	ok
1776623882609	ws	upload_chunk	transfer_id=9c9cd434-44b8-41fa-a4e6-18f92ac6f85f	0.067	ok
1776623882618	ws	upload_chunk	transfer_id=9c9cd434-44b8-41fa-a4e6-18f92ac6f85f	0.142	ok
1776623882626	ws	upload_chunk	transfer_id=9c9cd434-44b8-41fa-a4e6-18f92ac6f85f	0.113	ok
1776623882635	ws	upload_chunk	transfer_id=9c9cd434-44b8-41fa-a4e6-18f92ac6f85f	0.082	ok
1776623882643	ws	upload_chunk	transfer_id=9c9cd434-44b8-41fa-a4e6-18f92ac6f85f	0.082	ok
1776623882651	ws	upload_chunk	transfer_id=9c9cd434-44b8-41fa-a4e6-18f92ac6f85f	0.112	ok
1776623882660	ws	upload_chunk	transfer_id=9c9cd434-44b8-41fa-a4e6-18f92ac6f85f	0.078	ok
1776623882668	ws	upload_chunk	transfer_id=9c9cd434-44b8-41fa-a4e6-18f92ac6f85f	0.087	ok
1776623882676	ws	upload_chunk	transfer_id=9c9cd434-44b8-41fa-a4e6-18f92ac6f85f	0.072	ok
1776623882685	ws	upload_chunk	transfer_id=9c9cd434-44b8-41fa-a4e6-18f92ac6f85f	0.072	ok
1776623882693	ws	upload_chunk	transfer_id=9c9cd434-44b8-41fa-a4e6-18f92ac6f85f	0.132	ok
1776623882702	ws	upload_chunk	transfer_id=9c9cd434-44b8-41fa-a4e6-18f92ac6f85f	0.122	ok
1776623882710	ws	upload_chunk	transfer_id=9c9cd434-44b8-41fa-a4e6-18f92ac6f85f	0.068	ok
1776623882719	ws	upload_chunk	transfer_id=9c9cd434-44b8-41fa-a4e6-18f92ac6f85f	0.093	ok
1776623882727	ws	upload_chunk	transfer_id=9c9cd434-44b8-41fa-a4e6-18f92ac6f85f	0.069	ok
1776623882736	ws	upload_chunk	transfer_id=9c9cd434-44b8-41fa-a4e6-18f92ac6f85f	0.120	ok
1776623882744	ws	upload_chunk	transfer_id=9c9cd434-44b8-41fa-a4e6-18f92ac6f85f	0.087	ok
1776623882752	ws	upload_chunk	transfer_id=9c9cd434-44b8-41fa-a4e6-18f92ac6f85f	0.123	ok
1776623882760	ws	upload_chunk	transfer_id=9c9cd434-44b8-41fa-a4e6-18f92ac6f85f	0.075	ok
1776623882769	ws	upload_chunk	transfer_id=9c9cd434-44b8-41fa-a4e6-18f92ac6f85f	0.112	ok
1776623882778	ws	upload_chunk	transfer_id=9c9cd434-44b8-41fa-a4e6-18f92ac6f85f	0.087	ok
1776623882786	ws	upload_chunk	transfer_id=9c9cd434-44b8-41fa-a4e6-18f92ac6f85f	0.084	ok
1776623882794	ws	upload_chunk	transfer_id=9c9cd434-44b8-41fa-a4e6-18f92ac6f85f	0.073	ok
1776623882802	ws	upload_chunk	transfer_id=9c9cd434-44b8-41fa-a4e6-18f92ac6f85f	0.098	ok
1776623882810	ws	upload_chunk	transfer_id=9c9cd434-44b8-41fa-a4e6-18f92ac6f85f	0.059	ok
1776623882819	ws	upload_chunk	transfer_id=9c9cd434-44b8-41fa-a4e6-18f92ac6f85f	0.085	ok
1776623882827	ws	upload_chunk	transfer_id=9c9cd434-44b8-41fa-a4e6-18f92ac6f85f	0.080	ok
1776623882835	ws	upload_chunk	transfer_id=9c9cd434-44b8-41fa-a4e6-18f92ac6f85f	0.119	ok
1776623882844	ws	upload_chunk	transfer_id=9c9cd434-44b8-41fa-a4e6-18f92ac6f85f	0.080	ok
1776623882852	ws	upload_chunk	transfer_id=9c9cd434-44b8-41fa-a4e6-18f92ac6f85f	0.089	ok
1776623882860	ws	upload_chunk	transfer_id=9c9cd434-44b8-41fa-a4e6-18f92ac6f85f	0.078	ok
1776623882869	ws	upload_chunk	transfer_id=9c9cd434-44b8-41fa-a4e6-18f92ac6f85f	0.102	ok
1776623882877	ws	upload_chunk	transfer_id=9c9cd434-44b8-41fa-a4e6-18f92ac6f85f	0.074	ok
1776623882886	ws	upload_chunk	transfer_id=9c9cd434-44b8-41fa-a4e6-18f92ac6f85f	0.120	ok
1776623882894	ws	upload_chunk	transfer_id=9c9cd434-44b8-41fa-a4e6-18f92ac6f85f	0.081	ok
1776623882903	ws	upload_chunk	transfer_id=9c9cd434-44b8-41fa-a4e6-18f92ac6f85f	0.102	ok
1776623882911	ws	upload_chunk	transfer_id=9c9cd434-44b8-41fa-a4e6-18f92ac6f85f	0.073	ok
1776623882920	ws	upload_chunk	transfer_id=9c9cd434-44b8-41fa-a4e6-18f92ac6f85f	0.086	ok
1776623882928	ws	upload_chunk	transfer_id=9c9cd434-44b8-41fa-a4e6-18f92ac6f85f	0.069	ok
1776623882936	ws	upload_chunk	transfer_id=9c9cd434-44b8-41fa-a4e6-18f92ac6f85f	0.089	ok
1776623882944	ws	upload_chunk	transfer_id=9c9cd434-44b8-41fa-a4e6-18f92ac6f85f	0.073	ok
1776623882953	ws	upload_chunk	transfer_id=9c9cd434-44b8-41fa-a4e6-18f92ac6f85f	0.075	ok
1776623882961	ws	upload_chunk	transfer_id=9c9cd434-44b8-41fa-a4e6-18f92ac6f85f	0.106	ok
1776623882970	ws	upload_chunk	transfer_id=9c9cd434-44b8-41fa-a4e6-18f92ac6f85f	0.113	ok
1776623882979	ws	upload_chunk	transfer_id=9c9cd434-44b8-41fa-a4e6-18f92ac6f85f	0.070	ok
1776623882987	ws	upload_chunk	transfer_id=9c9cd434-44b8-41fa-a4e6-18f92ac6f85f	0.082	ok
1776623882996	ws	upload_chunk	transfer_id=9c9cd434-44b8-41fa-a4e6-18f92ac6f85f	0.070	ok
1776623883003	ws	upload_chunk	transfer_id=9c9cd434-44b8-41fa-a4e6-18f92ac6f85f	0.103	ok
1776623883012	ws	upload_chunk	transfer_id=9c9cd434-44b8-41fa-a4e6-18f92ac6f85f	0.066	ok
1776623883020	ws	upload_chunk	transfer_id=9c9cd434-44b8-41fa-a4e6-18f92ac6f85f	0.080	ok
1776623883029	ws	upload_chunk	transfer_id=9c9cd434-44b8-41fa-a4e6-18f92ac6f85f	0.074	ok
1776623883037	ws	upload_chunk	transfer_id=9c9cd434-44b8-41fa-a4e6-18f92ac6f85f	0.087	ok
1776623883046	ws	upload_chunk	transfer_id=9c9cd434-44b8-41fa-a4e6-18f92ac6f85f	0.122	ok
1776623883054	ws	upload_chunk	transfer_id=9c9cd434-44b8-41fa-a4e6-18f92ac6f85f	0.096	ok
1776623883062	ws	upload_chunk	transfer_id=9c9cd434-44b8-41fa-a4e6-18f92ac6f85f	0.100	ok
1776623883071	ws	upload_chunk	transfer_id=9c9cd434-44b8-41fa-a4e6-18f92ac6f85f	0.086	ok
1776623883079	ws	upload_chunk	transfer_id=9c9cd434-44b8-41fa-a4e6-18f92ac6f85f	0.072	ok
1776623883087	ws	upload_chunk	transfer_id=9c9cd434-44b8-41fa-a4e6-18f92ac6f85f	0.079	ok
1776623883096	ws	upload_chunk	transfer_id=9c9cd434-44b8-41fa-a4e6-18f92ac6f85f	0.107	ok
1776623883104	ws	upload_chunk	transfer_id=9c9cd434-44b8-41fa-a4e6-18f92ac6f85f	0.095	ok
1776623883112	ws	upload_chunk	transfer_id=9c9cd434-44b8-41fa-a4e6-18f92ac6f85f	0.122	ok
1776623883121	ws	upload_chunk	transfer_id=9c9cd434-44b8-41fa-a4e6-18f92ac6f85f	0.101	ok
1776623883129	ws	upload_chunk	transfer_id=9c9cd434-44b8-41fa-a4e6-18f92ac6f85f	0.086	ok
1776623883137	ws	upload_chunk	transfer_id=9c9cd434-44b8-41fa-a4e6-18f92ac6f85f	0.084	ok
1776623883146	ws	upload_chunk	transfer_id=9c9cd434-44b8-41fa-a4e6-18f92ac6f85f	0.088	ok
1776623883154	ws	upload_chunk	transfer_id=9c9cd434-44b8-41fa-a4e6-18f92ac6f85f	0.082	ok
1776623883162	ws	upload_chunk	transfer_id=9c9cd434-44b8-41fa-a4e6-18f92ac6f85f	0.085	ok
1776623883171	ws	upload_chunk	transfer_id=9c9cd434-44b8-41fa-a4e6-18f92ac6f85f	0.088	ok
1776623883179	ws	upload_chunk	transfer_id=9c9cd434-44b8-41fa-a4e6-18f92ac6f85f	0.078	ok
1776623883187	ws	upload_chunk	transfer_id=9c9cd434-44b8-41fa-a4e6-18f92ac6f85f	0.078	ok
1776623883197	ws	upload_chunk	transfer_id=9c9cd434-44b8-41fa-a4e6-18f92ac6f85f	0.076	ok
1776623883205	ws	upload_chunk	transfer_id=9c9cd434-44b8-41fa-a4e6-18f92ac6f85f	0.077	ok
1776623883212	ws	upload_chunk	transfer_id=9c9cd434-44b8-41fa-a4e6-18f92ac6f85f	0.069	ok
1776623883221	ws	upload_chunk	transfer_id=9c9cd434-44b8-41fa-a4e6-18f92ac6f85f	0.074	ok
1776623883229	ws	upload_chunk	transfer_id=9c9cd434-44b8-41fa-a4e6-18f92ac6f85f	0.069	ok
1776623883237	ws	upload_chunk	transfer_id=9c9cd434-44b8-41fa-a4e6-18f92ac6f85f	0.100	ok
1776623883245	ws	upload_chunk	transfer_id=9c9cd434-44b8-41fa-a4e6-18f92ac6f85f	0.065	ok
1776623883254	ws	upload_chunk	transfer_id=9c9cd434-44b8-41fa-a4e6-18f92ac6f85f	0.083	ok
1776623883262	ws	upload_chunk	transfer_id=9c9cd434-44b8-41fa-a4e6-18f92ac6f85f	0.066	ok
1776623883271	ws	upload_chunk	transfer_id=9c9cd434-44b8-41fa-a4e6-18f92ac6f85f	0.116	ok
1776623883279	ws	upload_chunk	transfer_id=9c9cd434-44b8-41fa-a4e6-18f92ac6f85f	0.066	ok
1776623883288	ws	upload_chunk	transfer_id=9c9cd434-44b8-41fa-a4e6-18f92ac6f85f	0.112	ok
1776623883296	ws	upload_chunk	transfer_id=9c9cd434-44b8-41fa-a4e6-18f92ac6f85f	0.091	ok
1776623883305	ws	upload_chunk	transfer_id=9c9cd434-44b8-41fa-a4e6-18f92ac6f85f	0.119	ok
1776623883314	ws	upload_chunk	transfer_id=9c9cd434-44b8-41fa-a4e6-18f92ac6f85f	0.184	ok
1776623883323	ws	upload_chunk	transfer_id=9c9cd434-44b8-41fa-a4e6-18f92ac6f85f	0.114	ok
1776623883332	ws	upload_chunk	transfer_id=9c9cd434-44b8-41fa-a4e6-18f92ac6f85f	0.058	ok
1776623883340	ws	upload_chunk	transfer_id=9c9cd434-44b8-41fa-a4e6-18f92ac6f85f	0.092	ok
1776623883349	ws	upload_chunk	transfer_id=9c9cd434-44b8-41fa-a4e6-18f92ac6f85f	0.061	ok
1776623883357	ws	upload_chunk	transfer_id=9c9cd434-44b8-41fa-a4e6-18f92ac6f85f	0.088	ok
1776623883365	ws	upload_chunk	transfer_id=9c9cd434-44b8-41fa-a4e6-18f92ac6f85f	0.072	ok
1776623883374	ws	upload_chunk	transfer_id=9c9cd434-44b8-41fa-a4e6-18f92ac6f85f	0.089	ok
1776623883382	ws	upload_chunk	transfer_id=9c9cd434-44b8-41fa-a4e6-18f92ac6f85f	0.058	ok
1776623883391	ws	upload_chunk	transfer_id=9c9cd434-44b8-41fa-a4e6-18f92ac6f85f	0.090	ok
1776623883399	ws	upload_chunk	transfer_id=9c9cd434-44b8-41fa-a4e6-18f92ac6f85f	0.068	ok
1776623883408	ws	upload_chunk	transfer_id=9c9cd434-44b8-41fa-a4e6-18f92ac6f85f	0.089	ok
1776623883417	ws	upload_chunk	transfer_id=9c9cd434-44b8-41fa-a4e6-18f92ac6f85f	0.106	ok
1776623883425	ws	upload_chunk	transfer_id=9c9cd434-44b8-41fa-a4e6-18f92ac6f85f	0.068	ok
1776623883434	ws	upload_chunk	transfer_id=9c9cd434-44b8-41fa-a4e6-18f92ac6f85f	0.089	ok
1776623883442	ws	upload_chunk	transfer_id=9c9cd434-44b8-41fa-a4e6-18f92ac6f85f	0.075	ok
1776623883451	ws	upload_chunk	transfer_id=9c9cd434-44b8-41fa-a4e6-18f92ac6f85f	0.089	ok
1776623883459	ws	upload_chunk	transfer_id=9c9cd434-44b8-41fa-a4e6-18f92ac6f85f	0.080	ok
1776623883467	ws	upload_chunk	transfer_id=9c9cd434-44b8-41fa-a4e6-18f92ac6f85f	0.071	ok
1776623883476	ws	upload_chunk	transfer_id=9c9cd434-44b8-41fa-a4e6-18f92ac6f85f	0.072	ok
1776623883484	ws	upload_chunk	transfer_id=9c9cd434-44b8-41fa-a4e6-18f92ac6f85f	0.087	ok
1776623883493	ws	upload_chunk	transfer_id=9c9cd434-44b8-41fa-a4e6-18f92ac6f85f	0.068	ok
1776623883501	ws	upload_chunk	transfer_id=9c9cd434-44b8-41fa-a4e6-18f92ac6f85f	0.091	ok
1776623883509	ws	upload_chunk	transfer_id=9c9cd434-44b8-41fa-a4e6-18f92ac6f85f	0.067	ok
1776623883518	ws	upload_chunk	transfer_id=9c9cd434-44b8-41fa-a4e6-18f92ac6f85f	0.078	ok
1776623883526	ws	upload_chunk	transfer_id=9c9cd434-44b8-41fa-a4e6-18f92ac6f85f	0.074	ok
1776623883535	ws	upload_chunk	transfer_id=9c9cd434-44b8-41fa-a4e6-18f92ac6f85f	0.079	ok
1776623883543	ws	upload_chunk	transfer_id=9c9cd434-44b8-41fa-a4e6-18f92ac6f85f	0.067	ok
1776623883552	ws	upload_chunk	transfer_id=9c9cd434-44b8-41fa-a4e6-18f92ac6f85f	0.087	ok
1776623883560	ws	upload_chunk	transfer_id=9c9cd434-44b8-41fa-a4e6-18f92ac6f85f	0.075	ok
1776623883568	ws	upload_chunk	transfer_id=9c9cd434-44b8-41fa-a4e6-18f92ac6f85f	0.084	ok
1776623883577	ws	upload_chunk	transfer_id=9c9cd434-44b8-41fa-a4e6-18f92ac6f85f	0.071	ok
1776623883585	ws	upload_chunk	transfer_id=9c9cd434-44b8-41fa-a4e6-18f92ac6f85f	0.080	ok
1776623883594	ws	upload_chunk	transfer_id=9c9cd434-44b8-41fa-a4e6-18f92ac6f85f	0.106	ok
1776623883602	ws	upload_chunk	transfer_id=9c9cd434-44b8-41fa-a4e6-18f92ac6f85f	0.093	ok
1776623883611	ws	upload_chunk	transfer_id=9c9cd434-44b8-41fa-a4e6-18f92ac6f85f	0.067	ok
1776623883619	ws	upload_chunk	transfer_id=9c9cd434-44b8-41fa-a4e6-18f92ac6f85f	0.093	ok
1776623883628	ws	upload_chunk	transfer_id=9c9cd434-44b8-41fa-a4e6-18f92ac6f85f	0.072	ok
1776623883636	ws	upload_chunk	transfer_id=9c9cd434-44b8-41fa-a4e6-18f92ac6f85f	0.090	ok
1776623883645	ws	upload_chunk	transfer_id=9c9cd434-44b8-41fa-a4e6-18f92ac6f85f	0.079	ok
1776623883653	ws	upload_chunk	transfer_id=9c9cd434-44b8-41fa-a4e6-18f92ac6f85f	0.073	ok
1776623883662	ws	upload_chunk	transfer_id=9c9cd434-44b8-41fa-a4e6-18f92ac6f85f	0.077	ok
1776623883670	ws	upload_chunk	transfer_id=9c9cd434-44b8-41fa-a4e6-18f92ac6f85f	0.084	ok
1776623883679	ws	upload_chunk	transfer_id=9c9cd434-44b8-41fa-a4e6-18f92ac6f85f	0.075	ok
1776623883687	ws	upload_chunk	transfer_id=9c9cd434-44b8-41fa-a4e6-18f92ac6f85f	0.124	ok
1776623883696	ws	upload_chunk	transfer_id=9c9cd434-44b8-41fa-a4e6-18f92ac6f85f	0.089	ok
1776623883707	ws	upload_chunk	transfer_id=9c9cd434-44b8-41fa-a4e6-18f92ac6f85f	2.573	ok
1776623883715	ws	upload_chunk	transfer_id=9c9cd434-44b8-41fa-a4e6-18f92ac6f85f	0.088	ok
1776623883724	ws	upload_chunk	transfer_id=9c9cd434-44b8-41fa-a4e6-18f92ac6f85f	0.084	ok
1776623883733	ws	upload_chunk	transfer_id=9c9cd434-44b8-41fa-a4e6-18f92ac6f85f	0.073	ok
1776623883742	ws	upload_chunk	transfer_id=9c9cd434-44b8-41fa-a4e6-18f92ac6f85f	1.018	ok
1776623883751	ws	upload_chunk	transfer_id=9c9cd434-44b8-41fa-a4e6-18f92ac6f85f	0.092	ok
1776623883759	ws	upload_chunk	transfer_id=9c9cd434-44b8-41fa-a4e6-18f92ac6f85f	0.069	ok
1776623883768	ws	upload_chunk	transfer_id=9c9cd434-44b8-41fa-a4e6-18f92ac6f85f	0.077	ok
1776623883776	ws	upload_chunk	transfer_id=9c9cd434-44b8-41fa-a4e6-18f92ac6f85f	0.092	ok
1776623883785	ws	upload_chunk	transfer_id=9c9cd434-44b8-41fa-a4e6-18f92ac6f85f	0.080	ok
1776623883793	ws	upload_chunk	transfer_id=9c9cd434-44b8-41fa-a4e6-18f92ac6f85f	0.075	ok
1776623883801	ws	upload_chunk	transfer_id=9c9cd434-44b8-41fa-a4e6-18f92ac6f85f	0.085	ok
1776623883810	ws	upload_chunk	transfer_id=9c9cd434-44b8-41fa-a4e6-18f92ac6f85f	0.064	ok
1776623883818	ws	upload_chunk	transfer_id=9c9cd434-44b8-41fa-a4e6-18f92ac6f85f	0.062	ok
1776623883820	ws	end_upload	transfer_id=9c9cd434-44b8-41fa-a4e6-18f92ac6f85f	1.891	ok
1776623883820	ws	list_tree	root_id=dir2	0.160	ok
1776623883820	ws	list	root_id=dir2 path=	0.101	ok
1776623883820	ws	list_tree	root_id=dir2	0.064	ok
1776623883820	ws	list	root_id=dir2 path=	0.079	ok
1776623883820	ws	list_tree	root_id=dir2	0.060	ok
1776623883820	ws	list	root_id=dir2 path=	0.066	ok
1776623883821	ws	list	root_id=dir2 path=	0.077	ok
1776623883821	ws	list_tree	root_id=dir2	0.056	ok
1776623883821	ws	list	root_id=dir2 path=	0.068	ok
1776623883867	ws	list_tree	root_id=dir2	0.234	ok
1776623883868	ws	list	root_id=dir2 path=	0.184	ok
1776623883889	ws	list_tree	root_id=dir2	0.247	ok
1776623883890	ws	list	root_id=dir2 path=	0.216	ok
1776623883890	ws	list_tree	root_id=dir2	0.140	ok
1776623883890	ws	list	root_id=dir2 path=	0.171	ok
1776623883890	ws	list_tree	root_id=dir2	0.249	ok
1776623883891	ws	list	root_id=dir2 path=	0.243	ok
1776623883891	ws	list_tree	root_id=dir2	0.138	ok
1776623883891	ws	list	root_id=dir2 path=	0.195	ok
1776623883892	ws	list_tree	root_id=dir2	0.151	ok
1776623883892	ws	list	root_id=dir2 path=	0.163	ok
1776623893069	ws	remove	root_id=dir2 path=AnythingLLMDesktop-Silicon.dmg	24.677	ok
1776623893094	ws	list	root_id=dir2 path=	0.655	ok
1776623893095	ws	list_tree	root_id=dir2	0.263	ok
1776623893095	ws	list	root_id=dir2 path=	0.172	ok
1776623893095	ws	list_tree	root_id=dir2	0.235	ok
1776623893096	ws	list	root_id=dir2 path=	0.173	ok
1776623893096	ws	list_tree	root_id=dir2	0.191	ok
1776623893096	ws	list	root_id=dir2 path=	0.161	ok
1776623896196	ws	list	root_id=dir2 path=	0.569	ok
1776623896813	ws	list_tree	root_id=dir1	582.070	ok
1776623896813	ws	list_tree	root_id=dir2	0.147	ok
1776623954951	ws	list	root_id=dir1 path=	1.713	ok
1776623955984	ws	list	root_id=dir1 path=grpc-airflow	2.233	ok
1776624008849	http	GET /api/roots		0.010	ok
1776624008853	http	GET /api/roots		0.002	ok
1776624027752	http	GET /api/roots		0.009	ok
1776624027756	http	GET /api/roots		0.005	ok
1776624030115	http	POST /api/login	user=admin	929.398	ok
1776624030143	ws	list	root_id=dir1 path=	0.671	ok
1776624030337	ws	list_tree	root_id=dir1	193.639	ok
1776624030337	ws	list_tree	root_id=dir2	0.370	ok
1776624032686	ws	list	root_id=dir2 path=	0.320	ok
1776624034096	ws	list	root_id=dir1 path=grpc-airflow	1.611	ok
1776624036010	ws	list	root_id=dir1 path=grpc-airflow/.task	0.404	ok
1776624037200	ws	list	root_id=dir1 path=grpc-airflow/.task/checksum	0.782	ok
1776624162016	http	GET /api/roots		0.609	ok
1776624162021	http	GET /api/roots		0.003	ok
1776624165843	http	POST /api/login	user=admin	940.612	ok
1776624165874	ws	list	root_id=dir1 path=	2.151	ok
1776624166072	ws	list_tree	root_id=dir1	197.629	ok
1776624166073	ws	list_tree	root_id=dir2	0.361	ok
1776624176930	ws	list	root_id=dir1 path=grpc-airflow	1.877	ok
1776624190909	ws	list	root_id=dir1 path=grpc-airflow/.git	1.209	ok
1776624193193	http	GET /api/roots		0.005	ok
1776624193193	ws	list	root_id=dir1 path=grpc-airflow/.git	1.155	ok
1776624193363	ws	list_tree	root_id=dir1	169.857	ok
1776624193364	ws	list_tree	root_id=dir2	0.285	ok
1776624193519	ws	list_tree	root_id=dir1	154.877	ok
1776624193519	ws	list_tree	root_id=dir2	0.257	ok
1776624198046	ws	list	root_id=dir1 path=grpc-airflow/.git	0.618	ok
1776624198046	http	GET /api/roots		0.003	ok
1776624198220	ws	list_tree	root_id=dir1	173.702	ok
1776624198220	ws	list_tree	root_id=dir2	0.394	ok
1776624198376	ws	list_tree	root_id=dir1	155.183	ok
1776624198377	ws	list_tree	root_id=dir2	0.588	ok
1776624200131	ws	list	root_id=dir1 path=grpc-airflow	1.800	ok
1776624202978	http	GET /api/roots		0.005	ok
1776624205872	http	POST /api/login	user=admin	951.362	ok
1776624205895	ws	list	root_id=dir1 path=	0.307	ok
1776624206048	ws	list_tree	root_id=dir1	153.180	ok
1776624206049	ws	list_tree	root_id=dir2	0.256	ok
1776624208485	ws	list	root_id=dir1 path=grpc-airflow	1.883	ok
1776624243305	http	GET /api/roots		0.004	ok
1776624243308	ws	list	root_id=dir1 path=grpc-airflow	2.656	ok
1776624243860	ws	list_tree	root_id=dir1	552.257	ok
1776624243860	ws	list_tree	root_id=dir2	0.394	ok
1776624244008	ws	list_tree	root_id=dir1	147.647	ok
1776624244009	ws	list_tree	root_id=dir2	0.280	ok
1776624259502	http	GET /api/roots		0.005	ok
1776624259504	ws	list	root_id=dir1 path=grpc-airflow	2.796	ok
1776624259686	ws	list_tree	root_id=dir1	181.613	ok
1776624259687	ws	list_tree	root_id=dir2	0.292	ok
1776624259832	ws	list_tree	root_id=dir1	144.794	ok
1776624259832	ws	list_tree	root_id=dir2	0.279	ok
1776624285568	http	GET /api/roots		0.003	ok
1776624285568	ws	list	root_id=dir1 path=grpc-airflow	1.292	ok
1776624285741	ws	list_tree	root_id=dir1	172.952	ok
1776624285742	ws	list_tree	root_id=dir2	0.405	ok
1776624285898	ws	list_tree	root_id=dir1	155.640	ok
1776624285898	ws	list_tree	root_id=dir2	0.276	ok
1776624294464	http	GET /api/roots		0.002	ok
1776624294464	ws	list	root_id=dir1 path=grpc-airflow	1.173	ok
1776624294621	ws	list_tree	root_id=dir1	156.857	ok
1776624294622	ws	list_tree	root_id=dir2	0.388	ok
1776624294771	ws	list_tree	root_id=dir1	148.931	ok
1776624294772	ws	list_tree	root_id=dir2	0.342	ok
1776624301107	http	GET /api/roots		0.002	ok
1776624301107	ws	list	root_id=dir1 path=grpc-airflow	1.346	ok
1776624301266	ws	list_tree	root_id=dir1	159.300	ok
1776624301267	ws	list_tree	root_id=dir2	0.163	ok
1776624301408	ws	list_tree	root_id=dir1	141.175	ok
1776624301409	ws	list_tree	root_id=dir2	0.753	ok
1776624312541	http	GET /api/roots		0.005	ok
1776624312543	ws	list	root_id=dir1 path=grpc-airflow	1.755	ok
1776624312785	ws	list_tree	root_id=dir1	242.113	ok
1776624312786	ws	list_tree	root_id=dir2	0.308	ok
1776624312937	ws	list_tree	root_id=dir1	151.074	ok
1776624312937	ws	list_tree	root_id=dir2	0.388	ok
1776624332444	http	GET /api/roots		0.029	ok
1776624332446	ws	list	root_id=dir1 path=grpc-airflow	2.729	ok
1776624332631	ws	list_tree	root_id=dir1	184.725	ok
1776624332632	ws	list_tree	root_id=dir2	0.378	ok
1776624332776	ws	list_tree	root_id=dir1	144.339	ok
1776624332777	ws	list_tree	root_id=dir2	0.250	ok
1776624382645	http	GET /api/roots		0.006	ok
1776624382647	ws	list	root_id=dir1 path=grpc-airflow	2.399	ok
1776624383017	ws	list_tree	root_id=dir1	370.130	ok
1776624383020	ws	list_tree	root_id=dir2	2.197	ok
1776624383170	ws	list_tree	root_id=dir1	149.748	ok
1776624383170	ws	list_tree	root_id=dir2	0.165	ok
1776624391037	http	GET /api/roots		0.002	ok
1776624391037	ws	list	root_id=dir1 path=grpc-airflow	0.829	ok
1776624391207	ws	list_tree	root_id=dir1	169.320	ok
1776624391207	ws	list_tree	root_id=dir2	0.264	ok
1776624391348	ws	list_tree	root_id=dir1	140.613	ok
1776624391349	ws	list_tree	root_id=dir2	0.235	ok
1776624425131	ws	list	root_id=dir1 path=grpc-airflow/.build	0.498	ok
1776624427740	ws	list	root_id=dir1 path=grpc-airflow/.build/Macos-armv8-Debug	5.274	ok
1776624429833	ws	list	root_id=dir1 path=grpc-airflow/.build/Macos-armv8-Debug/.tasks	0.761	ok
1776624435519	ws	list	root_id=dir1 path=grpc-airflow/.build/Macos-armv8-Debug/.tasks/checksum	0.320	ok
1776624444879	ws	begin_download	root_id=dir1 path=grpc-airflow/.build/Macos-armv8-Debug/.tasks/checksum/deps-cpp	1.671	ok
1776624452896	ws	list	root_id=dir1 path=grpc-airflow	1.870	ok
1776624465121	ws	list	root_id=dir1 path=	0.939	ok
1776624467659	ws	list	root_id=dir2 path=	0.902	ok
1776624476076	ws	list	root_id=dir1 path=grpc-airflow	2.664	ok
1776624477643	ws	list	root_id=dir1 path=grpc-airflow/.output	0.942	ok
1776624478518	ws	list	root_id=dir1 path=grpc-airflow/.output/Macos-armv8-Debug	1.278	ok
1776624479368	ws	list	root_id=dir1 path=grpc-airflow/.output/Macos-armv8-Debug/bin	0.660	ok
1776624560014	ws	list	root_id=dir1 path=grpc-airflow/.output/Macos-armv8-Debug	1.162	ok
1776624561046	ws	list	root_id=dir1 path=grpc-airflow/.task	0.679	ok
1776624561891	ws	list	root_id=dir1 path=grpc-airflow/.task/checksum	0.502	ok
1776624574650	http	GET /api/roots		0.006	ok
1776624578783	http	POST /api/login	user=admin	963.914	ok
1776624578806	ws	list	root_id=dir1 path=	0.667	ok
1776624579114	ws	list_tree	root_id=dir1	307.736	ok
1776624579114	ws	list_tree	root_id=dir2	0.316	ok
1776624581543	ws	list	root_id=dir1 path=grpc-airflow	2.811	ok
1776624583030	http	GET /api/roots		0.003	ok
1776624583030	ws	list	root_id=dir1 path=grpc-airflow	1.184	ok
1776624583226	ws	list_tree	root_id=dir1	195.873	ok
1776624583227	ws	list_tree	root_id=dir2	0.365	ok
1776624583391	ws	list_tree	root_id=dir1	163.717	ok
1776624583392	ws	list_tree	root_id=dir2	0.264	ok
1776624591873	ws	list	root_id=dir1 path=grpc-airflow/.task	0.699	ok
1776624598009	http	GET /api/roots		0.005	ok
1776624598009	ws	list	root_id=dir1 path=grpc-airflow/.task	0.480	ok
1776624598179	ws	list_tree	root_id=dir1	169.171	ok
1776624598179	ws	list_tree	root_id=dir2	0.264	ok
1776624598320	ws	list_tree	root_id=dir1	140.814	ok
1776624598321	ws	list_tree	root_id=dir2	0.258	ok
1776624604581	ws	list	root_id=dir1 path=grpc-airflow/.task	0.464	ok
1776624604581	http	GET /api/roots		0.002	ok
1776624604750	ws	list_tree	root_id=dir1	168.195	ok
1776624604750	ws	list_tree	root_id=dir2	0.176	ok
1776624604930	ws	list_tree	root_id=dir1	179.971	ok
1776624604931	ws	list_tree	root_id=dir2	0.375	ok
1776624621102	ws	list	root_id=dir1 path=grpc-airflow/.task	0.389	ok
1776624621103	http	GET /api/roots		0.002	ok
1776624621265	ws	list_tree	root_id=dir1	162.343	ok
1776624621265	ws	list_tree	root_id=dir2	0.336	ok
1776624621424	ws	list_tree	root_id=dir1	158.521	ok
1776624621425	ws	list_tree	root_id=dir2	0.249	ok
1776624623884	ws	list	root_id=dir1 path=grpc-airflow/.task	0.438	ok
1776624623885	http	GET /api/roots		0.003	ok
1776624624029	ws	list_tree	root_id=dir1	144.715	ok
1776624624030	ws	list_tree	root_id=dir2	0.377	ok
1776624624168	ws	list_tree	root_id=dir1	138.632	ok
1776624624169	ws	list_tree	root_id=dir2	0.273	ok
1776624627420	ws	list	root_id=dir1 path=grpc-airflow/.task	0.401	ok
1776624627421	http	GET /api/roots		0.002	ok
1776624627548	http	GET /api/roots		0.002	ok
1776624627584	ws	list_tree	root_id=dir1	163.369	ok
1776624627584	ws	list_tree	root_id=dir2	0.195	ok
1776624627722	ws	list_tree	root_id=dir1	138.414	ok
1776624627723	ws	list_tree	root_id=dir2	0.245	ok
1776624627723	ws	list	root_id=dir1 path=grpc-airflow/.task	0.138	ok
1776624627870	ws	list_tree	root_id=dir1	146.573	ok
1776624627870	ws	list_tree	root_id=dir2	0.220	ok
1776624628010	ws	list_tree	root_id=dir1	139.768	ok
1776624628011	ws	list_tree	root_id=dir2	0.384	ok
1776624654146	http	GET /api/roots		0.007	ok
1776624654146	ws	list	root_id=dir1 path=grpc-airflow/.task	0.425	ok
1776624654312	ws	list_tree	root_id=dir1	166.069	ok
1776624654313	ws	list_tree	root_id=dir2	0.613	ok
1776624654523	ws	list_tree	root_id=dir1	209.427	ok
1776624654524	ws	list_tree	root_id=dir2	0.284	ok
1776624656696	ws	list	root_id=dir1 path=grpc-airflow/.task	0.287	ok
1776624656697	http	GET /api/roots		0.002	ok
1776624656846	ws	list_tree	root_id=dir1	150.573	ok
1776624656847	ws	list_tree	root_id=dir2	0.279	ok
1776624656985	ws	list_tree	root_id=dir1	138.122	ok
1776624656986	ws	list_tree	root_id=dir2	0.349	ok
1776624726452	http	GET /api/roots		0.009	ok
1776624726454	http	GET /api/roots		0.004	ok
1776624863217	http	POST /api/login	user=admin	925.184	ok
1776624863255	ws	list	root_id=dir1 path=	2.471	ok
1776624863557	ws	list_tree	root_id=dir1	301.887	ok
1776624863558	ws	list_tree	root_id=dir2	0.347	ok
1776624869259	ws	copy	root_id=dir1 from=.DS_Store to=.DS_Store (copy)	1.306	ok
1776624869304	ws	list	root_id=dir1 path=	0.688	ok
1776624869465	ws	list_tree	root_id=dir1	160.847	ok
1776624869466	ws	list	root_id=dir1 path=	0.302	ok
1776624869610	ws	list_tree	root_id=dir1	132.283	ok
1776624869611	ws	list	root_id=dir1 path=	0.329	ok
1776624869753	ws	list_tree	root_id=dir1	142.091	ok
1776624869753	ws	list	root_id=dir1 path=	0.295	ok
1776624872324	ws	remove	root_id=dir1 path=.DS_Store (copy)	0.528	ok
1776624872375	ws	list	root_id=dir1 path=	2.095	ok
1776624872537	ws	list_tree	root_id=dir1	162.429	ok
1776624872538	ws	list	root_id=dir1 path=	0.229	ok
1776624872669	ws	list_tree	root_id=dir1	131.355	ok
1776624872670	ws	list	root_id=dir1 path=	0.255	ok
1776624872798	ws	list_tree	root_id=dir1	127.839	ok
1776624872798	ws	list	root_id=dir1 path=	0.213	ok
1776624872927	ws	list_tree	root_id=dir1	129.511	ok
1776624872928	ws	list	root_id=dir1 path=	0.235	ok
1776625003302	http	GET /api/roots		0.007	ok
1776625003304	http	GET /api/roots		0.003	ok
1776625161346	http	GET /api/roots		0.375	ok
1776625161355	http	GET /api/roots		0.014	ok
1776692234942	http	POST /api/login	user=admin	934.068	ok
1776692235062	ws	list	root_id=dir1 path=	81.066	ok
1776692235576	ws	list_tree	root_id=dir1	513.807	ok
1776692235577	ws	list_tree	root_id=dir2	0.562	ok
1776692237736	ws	list	root_id=dir1 path=grpc-airflow	1.713	ok
1776692241343	ws	list	root_id=dir1 path=grpc-airflow/.git	1.170	ok
1776692322220	http	GET /api/roots		0.009	ok
1776692322220	ws	list	root_id=dir1 path=grpc-airflow/.git	7.974	ok
1776692322556	ws	list_tree	root_id=dir1	334.376	ok
1776692322557	ws	list_tree	root_id=dir2	0.401	ok
1776692322733	ws	list_tree	root_id=dir1	176.494	ok
1776692322735	ws	list_tree	root_id=dir2	0.961	ok
1776692328666	http	GET /api/roots		0.004	ok
1776692328666	ws	list	root_id=dir1 path=grpc-airflow/.git	2.195	ok
1776692328806	ws	list_tree	root_id=dir1	140.040	ok
1776692328807	ws	list_tree	root_id=dir2	0.182	ok
1776692328954	ws	list_tree	root_id=dir1	146.845	ok
1776692328954	ws	list_tree	root_id=dir2	0.357	ok
1776692332680	http	GET /api/roots		0.005	ok
1776692332682	http	GET /api/roots		0.002	ok
1776692335278	http	POST /api/login	user=admin	944.342	ok
1776692335309	ws	list	root_id=dir1 path=	0.334	ok
1776692335445	ws	list_tree	root_id=dir1	136.292	ok
1776692335446	ws	list_tree	root_id=dir2	0.203	ok
1776692336989	ws	list	root_id=dir1 path=	0.310	ok
1776692336990	http	GET /api/roots		0.002	ok
1776692337128	ws	list_tree	root_id=dir1	139.010	ok
1776692337129	ws	list_tree	root_id=dir2	0.256	ok
1776692337274	ws	list_tree	root_id=dir1	144.747	ok
1776692337274	ws	list_tree	root_id=dir2	0.229	ok
1776692341104	ws	list	root_id=dir2 path=	0.957	ok
1776692341978	ws	list	root_id=dir2 path=	0.297	ok
1776692341979	http	GET /api/roots		0.003	ok
1776692342120	ws	list_tree	root_id=dir1	141.849	ok
1776692342121	ws	list_tree	root_id=dir2	0.275	ok
1776692342251	ws	list_tree	root_id=dir1	130.396	ok
1776692342252	ws	list_tree	root_id=dir2	0.167	ok
1776692350049	ws	list	root_id=dir1 path=grpc-airflow	1.962	ok
1776692352642	ws	list	root_id=dir1 path=grpc-airflow/.output	0.219	ok
1776692353723	ws	list	root_id=dir1 path=grpc-airflow/.output/Macos-armv8-Debug	1.087	ok
1776692354516	ws	list	root_id=dir1 path=grpc-airflow/.output/Macos-armv8-Debug/include	0.553	ok
1776692357699	ws	list	root_id=dir1 path=grpc-airflow/.output/Macos-armv8-Debug/include/airflow_core	0.832	ok
1776692495450	http	GET /api/roots		0.011	ok
1776692495462	http	GET /api/roots		0.003	ok
1776693926869	http	POST /api/login	user=admin	921.180	ok
1776693926906	ws	list	root_id=dir1 path=	2.263	ok
1776693927180	ws	list_tree	root_id=dir1	274.572	ok
1776693927181	ws	list_tree	root_id=dir2	0.249	ok
1776693931904	ws	begin_download	root_id=dir1 path=.DS_Store	1.557	ok
1776693942277	ws	list	root_id=dir2 path=	0.688	ok
1776693948348	ws	list	root_id=dir1 path=	0.829	ok
1776693980312	ws	list	root_id=dir1 path=grpc-airflow	1.464	ok
1776694176775	http	GET /api/roots		0.113	ok
1776694176779	http	GET /api/roots		0.003	ok
1776694178614	http	GET /api/roots		0.003	ok
1776694179163	http	POST /api/login	user=admin	1067.659	ok
1776694179603	http	GET /api/roots		0.003	ok
1776694187057	http	POST /api/login	user=admin	949.454	ok
1776694187091	ws	list	root_id=dir1 path=	3.375	ok
1776694187365	ws	list_tree	root_id=dir1	273.271	ok
1776694187366	ws	list_tree	root_id=dir2	0.920	ok
1776694189458	ws	list	root_id=dir1 path=grpc-airflow	1.760	ok
1776694198589	http	GET /api/roots		0.004	ok
1776694198595	http	GET /api/roots		0.004	ok
1776694239578	http	GET /api/roots		0.004	ok
1776694239580	http	GET /api/roots		0.002	ok
1776694243577	http	GET /api/roots		0.002	ok
1776694243579	http	GET /api/roots		0.006	ok
1776694313454	http	POST /api/login	user=admin	933.076	ok
1776694313489	ws	list	root_id=dir1 path=	3.007	ok
1776694313755	ws	list_tree	root_id=dir1	265.763	ok
1776694313755	ws	list_tree	root_id=dir2	0.158	ok
1776694378551	http	POST /api/login	user=admin	932.071	ok
1776694378583	ws	list	root_id=dir1 path=	0.547	ok
1776694378751	ws	list_tree	root_id=dir1	167.912	ok
1776694378752	ws	list_tree	root_id=dir2	0.242	ok
1776694420804	ws	list	root_id=dir1 path=grpc-airflow	2.525	ok
1776694421903	ws	list	root_id=dir1 path=grpc-airflow/.build	1.235	ok
1776694422699	ws	list	root_id=dir1 path=grpc-airflow/.build/Macos-armv8-Debug	8.730	ok
1776694423725	ws	list	root_id=dir1 path=grpc-airflow/.build/Macos-armv8-Debug/.tasks	0.433	ok
1776694424722	ws	list	root_id=dir1 path=grpc-airflow/.build/Macos-armv8-Debug/airflow	2.962	ok
1776694425825	ws	list	root_id=dir1 path=grpc-airflow/.build/Macos-armv8-Debug/airflow/Testing	0.832	ok
1776694427136	ws	list	root_id=dir1 path=grpc-airflow/.build/Macos-armv8-Debug/airflow/Testing/Temporary	0.608	ok
1776694428411	ws	list	root_id=dir1 path=grpc-airflow/.build/Macos-armv8-Debug/airflow/tests	0.477	ok
1776694429515	ws	list	root_id=dir1 path=grpc-airflow/.build/Macos-armv8-Debug/airflow_core	3.154	ok
1776694430570	ws	list	root_id=dir1 path=grpc-airflow/.build	0.859	ok
1776694431753	ws	list	root_id=dir1 path=grpc-airflow	3.505	ok
1776694433034	ws	list	root_id=dir2 path=	1.061	ok
1776694434543	ws	list	root_id=dir1 path=grpc-airflow	1.940	ok
1776694436229	ws	list	root_id=dir1 path=grpc-airflow/docs	1.430	ok
1776694438603	ws	list	root_id=dir2 path=	0.463	ok
1776694440289	ws	list	root_id=dir1 path=grpc-airflow/docs	0.435	ok
1776694442103	ws	list	root_id=dir2 path=	0.314	ok
1776694444102	ws	list	root_id=dir1 path=grpc-airflow/docs	0.357	ok
1776694445122	ws	list	root_id=dir1 path=grpc-airflow/cmake	1.905	ok
1776694446216	ws	list	root_id=dir1 path=grpc-airflow/blackboard	1.479	ok
1776694448631	ws	list	root_id=dir2 path=	0.251	ok
1776694492834	http	GET /api/roots		0.006	ok
1776694492836	http	GET /api/roots		0.003	ok
1776694493578	http	GET /api/roots		0.003	ok
1776694493579	http	GET /api/roots		0.001	ok
1776694509891	http	GET /api/roots		0.004	ok
1776694510572	http	GET /api/roots		0.002	ok
1776694511743	http	GET /api/roots		0.003	ok
1776694511744	http	GET /api/roots		0.002	ok
1776694514711	http	POST /api/login	user=admin	940.045	ok
1776694515156	http	GET /api/roots		0.003	ok
1776694515157	http	GET /api/roots		0.002	ok
1776694515573	http	GET /api/roots		0.005	ok
1776694518400	http	POST /api/login	user=admin	961.702	ok
1776694518492	http	GET /api/roots		0.004	ok
1776694518497	http	GET /api/roots		0.003	ok
1776694518568	http	GET /api/roots		0.003	ok
1776694522606	http	POST /api/login	user=admin	925.686	ok
1776694525703	http	GET /api/roots		0.003	ok
1776694525704	http	GET /api/roots		0.002	ok
1776694528439	http	POST /api/login	user=admin	927.727	ok
1776694586574	http	GET /api/roots		0.005	ok
1776694586582	http	GET /api/roots		0.003	ok
1776694586584	http	GET /api/roots		0.002	ok
1776694605571	http	GET /api/roots		0.005	ok
1776694605575	http	GET /api/roots		0.006	ok
1776694664257	http	POST /api/login	user=admin	938.181	ok
1776694664295	ws	list	root_id=dir1 path=	1.566	ok
1776694664575	ws	list_tree	root_id=dir1	280.638	ok
1776694664576	ws	list_tree	root_id=dir2	0.216	ok
1776694670145	ws	list	root_id=dir1 path=grpc-airflow	3.465	ok
1776694670983	ws	list	root_id=dir1 path=grpc-airflow/.git	1.095	ok
1776694672733	ws	list	root_id=dir1 path=grpc-airflow/.git/objects	3.231	ok
1776694674743	ws	list	root_id=dir1 path=	0.797	ok
1776694675797	ws	list	root_id=dir2 path=	0.614	ok
1776694685620	http	POST /api/login	user=admin	939.524	ok
1776694685652	ws	list	root_id=dir2 path=	0.238	ok
1776694685784	ws	list_tree	root_id=dir1	132.045	ok
1776694685784	ws	list_tree	root_id=dir2	0.199	ok
1776694698009	ws	list	root_id=dir1 path=	0.944	ok
1776694698811	ws	list	root_id=dir1 path=grpc-airflow	2.856	ok
1776694740345	ws	begin_download	root_id=dir1 path=grpc-airflow/SystemDefinition.md	2.731	ok
1776694771082	ws	list	root_id=dir2 path=	5.070	ok
1776694774234	ws	mkdir	root_id=dir2 path=abc	1.428	ok
1776694774283	ws	list_tree	root_id=dir2	1.002	ok
1776694774284	ws	list	root_id=dir2 path=	0.924	ok
1776694774285	ws	list	root_id=dir2 path=	0.439	ok
1776694774286	ws	list_tree	root_id=dir2	0.743	ok
1776694774286	ws	list	root_id=dir2 path=	0.258	ok
1776694774359	ws	list_tree	root_id=dir2	0.537	ok
1776694774360	ws	list	root_id=dir2 path=	0.275	ok
1776694774381	ws	list_tree	root_id=dir2	0.423	ok
1776694774382	ws	list	root_id=dir2 path=	0.689	ok
1776694774383	ws	list_tree	root_id=dir2	0.624	ok
1776694774383	ws	list	root_id=dir2 path=	0.395	ok
1776694774384	ws	list_tree	root_id=dir2	0.360	ok
1776694774385	ws	list	root_id=dir2 path=	0.346	ok
1776694775733	ws	list	root_id=dir2 path=abc	0.604	ok
1776694780039	ws	rename	root_id=dir2 from=abc to=abcdef	0.692	ok
1776694780090	ws	list	root_id=dir2 path=abc	0.790	err
1776694780092	ws	list_tree	root_id=dir2	0.653	ok
1776694780093	ws	list	root_id=dir2 path=abc	0.199	err
1776694780094	ws	list_tree	root_id=dir2	0.485	ok
1776694780094	ws	list	root_id=dir2 path=abc	0.095	err
1776694780095	ws	list_tree	root_id=dir2	0.342	ok
1776694780095	ws	list	root_id=dir2 path=abc	0.079	err
1776694780095	ws	list_tree	root_id=dir2	0.315	ok
1776694780095	ws	list	root_id=dir2 path=abc	0.079	err
1776694780096	ws	list_tree	root_id=dir2	0.266	ok
1776694780096	ws	list	root_id=dir2 path=abc	0.072	err
1776694780096	ws	list_tree	root_id=dir2	0.236	ok
1776694780097	ws	list	root_id=dir2 path=abc	0.074	err
1776694786071	http	GET /api/roots		0.010	ok
1776694786074	http	GET /api/roots		0.003	ok
1776694788465	http	POST /api/login	user=admin	934.724	ok
1776694788513	ws	list	root_id=dir1 path=	0.766	ok
1776694788795	ws	list_tree	root_id=dir1	281.943	ok
1776694788796	ws	list_tree	root_id=dir2	0.201	ok
1776694789813	ws	list	root_id=dir2 path=	0.469	ok
1776694790763	ws	list	root_id=dir2 path=abcdef	0.573	ok
1776694798589	ws	rename	root_id=dir2 from=abcdef to=zzzz	0.638	ok
1776694798630	ws	list	root_id=dir2 path=abcdef	0.160	err
1776694798631	ws	list_tree	root_id=dir2	0.428	ok
1776694798631	ws	list	root_id=dir2 path=abcdef	0.120	err
1776694798662	ws	list_tree	root_id=dir2	0.449	ok
1776694798663	ws	list	root_id=dir2 path=abcdef	0.071	err
1776694798682	ws	list_tree	root_id=dir2	0.416	ok
1776694798682	ws	list	root_id=dir2 path=abcdef	0.081	err
1776694893594	ws	list_tree	root_id=dir2	3.529	ok
1776694893597	ws	list	root_id=dir2 path=abcdef	0.425	err
1776694893641	ws	list_tree	root_id=dir2	0.420	ok
1776694893641	ws	list	root_id=dir2 path=abcdef	0.052	err
1776694893641	ws	list_tree	root_id=dir2	0.158	ok
1776694893641	ws	list	root_id=dir2 path=abcdef	0.045	err
1776694893641	ws	list_tree	root_id=dir2	0.150	ok
1776694893641	ws	list	root_id=dir2 path=abcdef	0.061	err
1776694893642	ws	list_tree	root_id=dir2	0.138	ok
1776694893642	ws	list	root_id=dir2 path=abcdef	0.037	err
1776694946222	ws	list	root_id=dir2 path=abcdef	0.643	err
1776694954340	ws	list	root_id=dir1 path=	2.374	ok
1776694955176	ws	list	root_id=dir2 path=	0.938	ok
1776694956847	ws	list	root_id=dir2 path=zzzz	1.168	ok
1776694994102	ws	list	root_id=dir2 path=zzzz	0.850	ok
1776694994106	http	GET /api/roots		0.005	ok
1776694994443	ws	list_tree	root_id=dir1	340.838	ok
1776694994447	ws	list_tree	root_id=dir2	2.418	ok
1776694994559	http	GET /api/roots		0.002	ok
1776694994647	ws	list_tree	root_id=dir1	199.533	ok
1776694994647	ws	list_tree	root_id=dir2	0.344	ok
1776694999084	ws	list	root_id=dir2 path=zzzz	0.329	ok
1776694999084	http	GET /api/roots		0.002	ok
1776694999299	ws	list_tree	root_id=dir1	215.196	ok
1776694999300	ws	list_tree	root_id=dir2	0.329	ok
1776694999449	ws	list_tree	root_id=dir1	149.450	ok
1776694999450	ws	list_tree	root_id=dir2	0.459	ok
1776694999556	http	GET /api/roots		0.003	ok
1776695008527	http	GET /api/roots		0.003	ok
1776695008527	ws	list	root_id=dir2 path=zzzz	0.242	ok
1776695008555	http	GET /api/roots		0.005	ok
1776695008688	ws	list_tree	root_id=dir1	160.557	ok
1776695008689	ws	list_tree	root_id=dir2	0.363	ok
1776695008821	ws	list_tree	root_id=dir1	132.190	ok
1776695008821	ws	list_tree	root_id=dir2	0.258	ok
1776695040988	ws	rename	root_id=dir2 from=zzzz to=dazzzz	0.769	ok
1776695041052	ws	list	root_id=dir2 path=dazzzz	0.463	ok
1776695041069	ws	list_tree	root_id=dir2	0.465	ok
1776695041069	ws	list	root_id=dir2 path=dazzzz	0.152	ok
1776695041138	ws	list_tree	root_id=dir2	0.713	ok
1776695041138	ws	list	root_id=dir2 path=dazzzz	0.275	ok
1776695041155	ws	list_tree	root_id=dir2	0.552	ok
1776695041156	ws	list	root_id=dir2 path=dazzzz	0.139	ok
1776695095386	http	GET /api/roots		0.007	ok
1776695095561	http	GET /api/roots		0.004	ok
1776695099490	http	GET /api/roots		0.011	ok
1776695099550	http	GET /api/roots		0.003	ok
1776695110731	http	POST /api/login	user=admin	1032.140	ok
1776695110732	http	GET /api/roots		0.013	ok
1776695110735	http	GET /api/roots		0.003	ok
1776695110770	ws	list	root_id=dir1 path=	4.524	ok
1776695111093	ws	list_tree	root_id=dir1	322.714	ok
1776695111094	ws	list_tree	root_id=dir2	0.746	ok
1776695125334	ws	list	root_id=dir1 path=grpc-airflow	2.151	ok
1776695126136	ws	list	root_id=dir1 path=grpc-airflow/.git	1.341	ok
1776695126906	ws	list	root_id=dir1 path=grpc-airflow/.git/hooks	1.122	ok
1776695127828	ws	list	root_id=dir1 path=grpc-airflow/.git/logs	0.660	ok
1776695199188	ws	list	root_id=dir1 path=grpc-airflow/.git	2.022	ok
1776695199870	ws	list	root_id=dir1 path=grpc-airflow	3.185	ok
1776695200538	ws	list	root_id=dir1 path=	1.884	ok
1776695201460	ws	list	root_id=dir1 path=grpc-airflow/.git/hooks	1.243	ok
1776695202330	ws	list	root_id=dir1 path=grpc-airflow/.git/info	0.485	ok
1776695203392	ws	list	root_id=dir1 path=grpc-airflow/.git/logs/refs	0.676	ok
1776695203491	ws	list	root_id=dir1 path=grpc-airflow/.git/logs/refs	0.434	ok
1776695203492	http	GET /api/roots		0.006	ok
1776695203555	http	GET /api/roots		0.002	ok
1776695203843	ws	list_tree	root_id=dir1	352.210	ok
1776695203844	ws	list_tree	root_id=dir2	0.612	ok
1776695203986	ws	list_tree	root_id=dir1	141.780	ok
1776695203988	ws	list_tree	root_id=dir2	1.922	ok
1776695204075	ws	list	root_id=dir1 path=grpc-airflow/.git/logs/refs/heads	0.455	ok
1776695205220	ws	list	root_id=dir1 path=grpc-airflow/blackboard	0.678	ok
1776695206986	http	GET /api/roots		0.004	ok
1776695206990	http	GET /api/roots		0.003	ok
1776695209284	http	POST /api/login	user=admin	958.247	ok
1776695209311	ws	list	root_id=dir1 path=	0.251	ok
1776695209458	ws	list_tree	root_id=dir1	146.789	ok
1776695209459	ws	list_tree	root_id=dir2	0.256	ok
1776695210548	http	GET /api/roots		0.003	ok
1776695228724	http	GET /api/roots		0.012	ok
1776695228727	http	GET /api/roots		0.003	ok
1776695229552	http	GET /api/roots		0.002	ok
1776695240855	http	GET /api/roots		0.005	ok
1776695241556	http	GET /api/roots		0.003	ok
1776695257042	http	POST /api/login	user=admin	945.608	ok
1776695257070	ws	list	root_id=dir1 path=	1.000	ok
1776695257361	ws	list_tree	root_id=dir1	290.909	ok
1776695257362	ws	list_tree	root_id=dir2	0.439	ok
1776695264738	ws	list	root_id=dir1 path=grpc-airflow	3.149	ok
1776695265421	ws	list	root_id=dir1 path=grpc-airflow/.git	1.166	ok
1776695266176	ws	list	root_id=dir1 path=grpc-airflow/.git/hooks	2.374	ok
1776695266762	ws	list	root_id=dir1 path=grpc-airflow/.git/logs	0.530	ok
1776695298333	ws	list	root_id=dir1 path=grpc-airflow/.git/logs	2.517	ok
1776695298665	ws	list_tree	root_id=dir1	277.351	ok
1776695298665	ws	list_tree	root_id=dir2	0.645	ok
1776695305022	ws	list	root_id=dir1 path=grpc-airflow/.git/logs	0.381	ok
1776695305023	http	GET /api/roots		0.003	ok
1776695305211	ws	list_tree	root_id=dir1	188.507	ok
1776695305212	ws	list_tree	root_id=dir2	0.572	ok
1776695305404	ws	list_tree	root_id=dir1	192.526	ok
1776695305405	ws	list_tree	root_id=dir2	0.735	ok
1776695305541	http	GET /api/roots		0.003	ok
1776695309771	ws	list	root_id=dir1 path=grpc-airflow/.git/refs	0.499	ok
1776695310656	ws	list	root_id=dir1 path=grpc-airflow/.output	0.704	ok
1776695311618	ws	list	root_id=dir1 path=grpc-airflow/.git/refs/heads	0.515	ok
1776695312265	ws	list	root_id=dir1 path=grpc-airflow/.git/refs/remotes	0.210	ok
1776695315471	ws	list	root_id=dir1 path=grpc-airflow/.git/refs/tags	0.508	ok
1776695318863	ws	list	root_id=dir1 path=grpc-airflow/.git/refs/tags	0.660	ok
1776695319074	ws	list_tree	root_id=dir1	153.989	ok
1776695319074	ws	list_tree	root_id=dir2	0.299	ok
1776695337973	ws	list_tree	root_id=dir2	0.430	ok
1776695337973	ws	list_tree	root_id=dir2	0.219	ok
1776695365136	http	GET /api/roots		0.029	ok
1776695365138	http	GET /api/roots		0.002	ok
1776695365733	http	GET /api/roots		0.006	ok
1776695365738	http	GET /api/roots		0.006	ok
1776695368266	http	POST /api/login	user=admin	956.694	ok
1776695368334	ws	list	root_id=dir1 path=	1.314	ok
1776695368618	ws	list_tree	root_id=dir1	284.327	ok
1776695368618	ws	list_tree	root_id=dir2	0.286	ok
1776695370093	ws	list	root_id=dir1 path=grpc-airflow	0.843	ok
1776695371914	ws	list	root_id=dir1 path=grpc-airflow/.task	0.739	ok
1776695376962	ws	list	root_id=dir1 path=grpc-airflow/.task	0.974	ok
1776695377173	ws	list_tree	root_id=dir1	160.325	ok
1776695377174	ws	list_tree	root_id=dir2	0.259	ok
1776695384332	ws	list	root_id=dir1 path=grpc-airflow/.task/checksum	0.748	ok
1776695387321	ws	list	root_id=dir1 path=grpc-airflow/airflow_ui	2.163	ok
1776695387951	ws	list	root_id=dir1 path=grpc-airflow/airflow_ui/node_modules	11.245	ok
1776696978630	http	GET /api/roots		0.265	ok
1776696978636	http	GET /api/roots		0.002	ok
1776697133615	http	POST /api/login	user=admin	927.615	ok
1776697133664	ws	list	root_id=workspace-a path=	2.523	ok
1776697133665	ws	list_tree	root_id=workspace-a	0.915	ok
1776697133666	ws	list_tree	root_id=workspace-b	0.788	ok
1776697361201	http	GET /api/roots		0.008	ok
1776697361210	http	GET /api/roots		0.006	ok
1776697361340	http	GET /api/roots		0.002	ok
1776697361342	http	GET /api/roots		0.002	ok
1776697604559	http	GET /api/roots		0.009	ok
1776697604563	http	GET /api/roots		0.003	ok
1776697722762	http	GET /api/roots		0.004	ok
1776697722766	http	GET /api/roots		0.004	ok
1776697914723	http	GET /api/roots		0.006	ok
1776697914727	http	GET /api/roots		0.003	ok
1776698515958	http	GET /api/roots		0.002	ok
1776698515961	http	GET /api/roots		0.003	ok
1776698549141	http	GET /api/roots		0.006	ok
1776698549144	http	GET /api/roots		0.003	ok
1776698552701	http	GET /api/roots		0.007	ok
1776698552705	http	GET /api/roots		0.003	ok
1776698554509	http	POST /api/login	user=admin	993.799	ok
1776698554543	ws	list	root_id=workspace-a path=	0.432	ok
1776698554543	ws	list_tree	root_id=workspace-a	0.505	ok
1776698554544	ws	list_tree	root_id=workspace-b	0.385	ok
1776698556141	http	GET /api/roots		0.003	ok
1776698556143	http	GET /api/roots		0.002	ok
1776698557514	http	POST /api/login	user=admin	1181.749	err
1776698558780	http	GET /api/roots		0.003	ok
1776698558781	http	GET /api/roots		0.002	ok
1776698559878	http	POST /api/login	user=admin	951.061	ok
1776698559909	ws	list	root_id=workspace-a path=	0.464	ok
1776698559910	ws	list_tree	root_id=workspace-a	0.550	ok
1776698559910	ws	list_tree	root_id=workspace-b	0.343	ok
1776698560755	http	GET /api/roots		0.003	ok
1776698560757	http	GET /api/roots		0.002	ok
1776698562010	http	POST /api/login	user=admin	1010.956	ok
1776698562042	ws	list	root_id=workspace-a path=	0.351	ok
1776698562042	ws	list_tree	root_id=workspace-a	0.440	ok
1776698562043	ws	list_tree	root_id=workspace-b	0.264	ok
1776698562351	ws	list	root_id=workspace-a path=docs	0.242	ok
1776698562464	ws	list	root_id=workspace-a path=docs/manuals	0.262	ok
1776698562533	ws	list	root_id=workspace-a path=docs/manuals/deep	0.285	ok
1776698563103	http	GET /api/roots		0.002	ok
1776698563106	http	GET /api/roots		0.002	ok
1776698564190	http	POST /api/login	user=admin	961.890	ok
1776698564223	ws	list	root_id=workspace-a path=	0.539	ok
1776698564224	ws	list_tree	root_id=workspace-a	0.608	ok
1776698564224	ws	list_tree	root_id=workspace-b	0.371	ok
1776698564553	ws	list	root_id=workspace-b path=	0.633	ok
1776698565155	http	GET /api/roots		0.003	ok
1776698565157	http	GET /api/roots		0.002	ok
1776698566286	http	POST /api/login	user=admin	958.701	ok
1776698566317	ws	list	root_id=workspace-a path=	0.373	ok
1776698566318	ws	list_tree	root_id=workspace-a	0.526	ok
1776698566318	ws	list_tree	root_id=workspace-b	0.353	ok
1776698566653	ws	list	root_id=workspace-b path=	0.455	ok
1776698566786	ws	list	root_id=workspace-b path=projects	0.295	ok
1776698566849	ws	list	root_id=workspace-b path=projects/alpha	0.244	ok
1776698566914	ws	list	root_id=workspace-b path=projects/alpha/src	0.246	ok
1776698566982	ws	list	root_id=workspace-b path=projects/alpha/src/nested	0.254	ok
1776698567049	ws	list	root_id=workspace-b path=projects/alpha/src/nested/deep	0.340	ok
1776698567600	http	GET /api/roots		0.003	ok
1776698567601	http	GET /api/roots		0.002	ok
1776698568694	http	POST /api/login	user=admin	950.688	ok
1776698568726	ws	list	root_id=workspace-a path=	0.357	ok
1776698568727	ws	list_tree	root_id=workspace-a	0.529	ok
1776698568727	ws	list_tree	root_id=workspace-b	0.392	ok
1776698569117	ws	list	root_id=workspace-b path=	0.341	ok
1776698569656	http	GET /api/roots		0.005	ok
1776698569657	http	GET /api/roots		0.002	ok
1776698570734	http	POST /api/login	user=admin	957.346	ok
1776698570766	ws	list	root_id=workspace-a path=	0.367	ok
1776698570767	ws	list_tree	root_id=workspace-a	0.556	ok
1776698570767	ws	list_tree	root_id=workspace-b	0.519	ok
1776698571135	ws	list	root_id=workspace-a path=docs	0.253	ok
1776698571247	ws	list	root_id=workspace-a path=docs/manuals	0.278	ok
1776698571316	ws	list	root_id=workspace-a path=docs/manuals/deep	0.294	ok
1776698571382	ws	list	root_id=workspace-a path=	0.316	ok
1776698571895	http	GET /api/roots		0.003	ok
1776698571896	http	GET /api/roots		0.002	ok
1776698572961	http	POST /api/login	user=admin	951.036	ok
1776698572993	ws	list	root_id=workspace-a path=	0.454	ok
1776698572993	ws	list_tree	root_id=workspace-a	0.547	ok
1776698572994	ws	list_tree	root_id=workspace-b	0.321	ok
1776698793743	http	GET /api/roots		0.003	ok
1776698793746	http	GET /api/roots		0.003	ok
1776698795959	http	GET /api/roots		0.005	ok
1776698795962	http	GET /api/roots		0.002	ok
1776698797914	http	POST /api/login	user=admin	953.573	ok
1776698797952	ws	list	root_id=workspace-a path=	3.425	ok
1776698797952	ws	list_tree	root_id=workspace-a	0.653	ok
1776698797953	ws	list_tree	root_id=workspace-b	0.540	ok
1776698799954	http	GET /api/roots		0.003	ok
1776698799957	http	GET /api/roots		0.003	ok
1776698800979	http	POST /api/login	user=admin	921.908	err
1776698802406	http	GET /api/roots		0.005	ok
1776698802407	http	GET /api/roots		0.001	ok
1776698803429	http	POST /api/login	user=admin	922.499	ok
1776698803460	ws	list	root_id=workspace-a path=	0.387	ok
1776698803461	ws	list_tree	root_id=workspace-a	0.535	ok
1776698803461	ws	list_tree	root_id=workspace-b	0.404	ok
1776698804267	http	GET /api/roots		0.003	ok
1776698804269	http	GET /api/roots		0.002	ok
1776698805314	http	POST /api/login	user=admin	940.846	ok
1776698805345	ws	list	root_id=workspace-a path=	0.384	ok
1776698805345	ws	list_tree	root_id=workspace-a	0.597	ok
1776698805346	ws	list_tree	root_id=workspace-b	0.452	ok
1776698805748	ws	list	root_id=workspace-a path=docs	0.250	ok
1776698805861	ws	list	root_id=workspace-a path=docs/manuals	0.259	ok
1776698805929	ws	list	root_id=workspace-a path=docs/manuals/deep	0.296	ok
1776698806443	http	GET /api/roots		0.003	ok
1776698806445	http	GET /api/roots		0.003	ok
1776698807466	http	POST /api/login	user=admin	925.488	ok
1776698807496	ws	list	root_id=workspace-a path=	0.431	ok
1776698807497	ws	list_tree	root_id=workspace-a	0.445	ok
1776698807497	ws	list_tree	root_id=workspace-b	0.297	ok
1776698807940	ws	list	root_id=workspace-b path=	0.607	ok
1776698808461	http	GET /api/roots		0.005	ok
1776698808463	http	GET /api/roots		0.002	ok
1776698809481	http	POST /api/login	user=admin	924.363	ok
1776698809512	ws	list	root_id=workspace-a path=	0.353	ok
1776698809513	ws	list_tree	root_id=workspace-a	0.425	ok
1776698809513	ws	list_tree	root_id=workspace-b	0.349	ok
1776698809882	ws	list	root_id=workspace-b path=	0.311	ok
1776698809998	ws	list	root_id=workspace-b path=projects	0.298	ok
1776698810062	ws	list	root_id=workspace-b path=projects/alpha	0.250	ok
1776698810128	ws	list	root_id=workspace-b path=projects/alpha/src	0.224	ok
1776698810195	ws	list	root_id=workspace-b path=projects/alpha/src/nested	0.303	ok
1776698810263	ws	list	root_id=workspace-b path=projects/alpha/src/nested/deep	0.333	ok
1776698810844	http	GET /api/roots		0.006	ok
1776698810846	http	GET /api/roots		0.002	ok
1776698811868	http	POST /api/login	user=admin	926.222	ok
1776698811898	ws	list	root_id=workspace-a path=	0.325	ok
1776698811899	ws	list_tree	root_id=workspace-a	0.406	ok
1776698811899	ws	list_tree	root_id=workspace-b	0.325	ok
1776698812297	ws	list	root_id=workspace-b path=	0.335	ok
1776698812825	http	GET /api/roots		0.005	ok
1776698812829	http	GET /api/roots		0.003	ok
1776698813891	http	POST /api/login	user=admin	967.964	ok
1776698813923	ws	list	root_id=workspace-a path=	0.366	ok
1776698813923	ws	list_tree	root_id=workspace-a	0.407	ok
1776698813923	ws	list_tree	root_id=workspace-b	0.344	ok
1776698814281	ws	list	root_id=workspace-a path=docs	0.308	ok
1776698814395	ws	list	root_id=workspace-a path=docs/manuals	0.292	ok
1776698814462	ws	list	root_id=workspace-a path=docs/manuals/deep	0.305	ok
1776698814530	ws	list	root_id=workspace-a path=	0.312	ok
1776698815023	http	GET /api/roots		0.005	ok
1776698815024	http	GET /api/roots		0.005	ok
1776698816073	http	POST /api/login	user=admin	949.201	ok
1776698816104	ws	list	root_id=workspace-a path=	0.456	ok
1776698816105	ws	list_tree	root_id=workspace-a	0.539	ok
1776698816105	ws	list_tree	root_id=workspace-b	0.269	ok
1776698852029	http	GET /api/roots		0.019	ok
1776698852031	http	GET /api/roots		0.002	ok
1776698853197	http	POST /api/login	user=admin	937.872	ok
1776698853228	ws	list	root_id=workspace-a path=	0.430	ok
1776698853229	ws	list_tree	root_id=workspace-a	0.473	ok
1776698853229	ws	list_tree	root_id=workspace-b	0.331	ok
1776698853587	ws	list	root_id=workspace-b path=	0.318	ok
1776698854195	http	GET /api/roots		0.004	ok
1776698854197	http	GET /api/roots		0.002	ok
1776698855235	http	POST /api/login	user=admin	926.848	ok
1776698855266	ws	list	root_id=workspace-a path=	0.387	ok
1776698855266	ws	list_tree	root_id=workspace-a	0.497	ok
1776698855267	ws	list_tree	root_id=workspace-b	0.274	ok
1776698855619	ws	list	root_id=workspace-b path=	0.302	ok
1776698855731	ws	list	root_id=workspace-b path=projects	0.303	ok
1776698888682	http	GET /api/roots		0.004	ok
1776698888685	http	GET /api/roots		0.003	ok
1776698890395	http	GET /api/roots		0.004	ok
1776698890398	http	GET /api/roots		0.002	ok
1776698892208	http	POST /api/login	user=admin	937.252	ok
1776698892239	ws	list	root_id=workspace-a path=	0.453	ok
1776698892240	ws	list_tree	root_id=workspace-a	0.502	ok
1776698892240	ws	list_tree	root_id=workspace-b	0.426	ok
1776698894016	http	GET /api/roots		0.003	ok
1776698894018	http	GET /api/roots		0.002	ok
1776698895049	http	POST /api/login	user=admin	925.133	err
1776698896479	http	GET /api/roots		0.005	ok
1776698896480	http	GET /api/roots		0.002	ok
1776698897498	http	POST /api/login	user=admin	924.747	ok
1776698897528	ws	list	root_id=workspace-a path=	0.304	ok
1776698897529	ws	list_tree	root_id=workspace-a	0.453	ok
1776698897529	ws	list_tree	root_id=workspace-b	0.393	ok
1776698898314	http	GET /api/roots		0.002	ok
1776698898315	http	GET /api/roots		0.002	ok
1776698899349	http	POST /api/login	user=admin	924.381	ok
1776698899379	ws	list	root_id=workspace-a path=	0.343	ok
1776698899380	ws	list_tree	root_id=workspace-a	0.444	ok
1776698899380	ws	list_tree	root_id=workspace-b	0.286	ok
1776698899781	ws	list	root_id=workspace-a path=docs	0.324	ok
1776698899894	ws	list	root_id=workspace-a path=docs/manuals	0.312	ok
1776698899962	ws	list	root_id=workspace-a path=docs/manuals/deep	0.266	ok
1776698900440	http	GET /api/roots		0.006	ok
1776698900443	http	GET /api/roots		0.002	ok
1776698901464	http	POST /api/login	user=admin	924.497	ok
1776698901494	ws	list	root_id=workspace-a path=	0.330	ok
1776698901495	ws	list_tree	root_id=workspace-a	0.416	ok
1776698901495	ws	list_tree	root_id=workspace-b	0.330	ok
1776698901869	ws	list	root_id=workspace-b path=	0.366	ok
1776698902381	http	GET /api/roots		0.004	ok
1776698902382	http	GET /api/roots		0.002	ok
1776698903400	http	POST /api/login	user=admin	927.477	ok
1776698903431	ws	list	root_id=workspace-a path=	0.385	ok
1776698903432	ws	list_tree	root_id=workspace-a	1.262	ok
1776698903434	ws	list_tree	root_id=workspace-b	1.300	ok
1776698903800	ws	list	root_id=workspace-b path=	0.349	ok
1776698903914	ws	list	root_id=workspace-b path=projects	0.273	ok
1776698903979	ws	list	root_id=workspace-b path=projects/alpha	0.228	ok
1776698904046	ws	list	root_id=workspace-b path=projects/alpha/src	0.272	ok
1776698904113	ws	list	root_id=workspace-b path=projects/alpha/src/nested	0.291	ok
1776698904179	ws	list	root_id=workspace-b path=projects/alpha/src/nested/deep	0.303	ok
1776698904715	http	GET /api/roots		0.005	ok
1776698904717	http	GET /api/roots		0.002	ok
1776698905738	http	POST /api/login	user=admin	929.718	ok
1776698905768	ws	list	root_id=workspace-a path=	0.358	ok
1776698905768	ws	list_tree	root_id=workspace-a	0.460	ok
1776698905769	ws	list_tree	root_id=workspace-b	0.316	ok
1776698906181	ws	list	root_id=workspace-b path=	0.314	ok
1776698906786	http	GET /api/roots		0.006	ok
1776698906788	http	GET /api/roots		0.002	ok
1776698907815	http	POST /api/login	user=admin	925.054	ok
1776698907845	ws	list	root_id=workspace-a path=	0.310	ok
1776698907845	ws	list_tree	root_id=workspace-a	0.434	ok
1776698907846	ws	list_tree	root_id=workspace-b	0.332	ok
1776698908244	ws	list	root_id=workspace-a path=docs	0.249	ok
1776698908359	ws	list	root_id=workspace-a path=docs/manuals	0.277	ok
1776698908427	ws	list	root_id=workspace-a path=docs/manuals/deep	0.282	ok
1776698908495	ws	list	root_id=workspace-a path=	0.288	ok
1776698908947	http	GET /api/roots		0.003	ok
1776698908948	http	GET /api/roots		0.003	ok
1776698909987	http	POST /api/login	user=admin	929.029	ok
1776698910017	ws	list	root_id=workspace-a path=	0.437	ok
1776698910017	ws	list_tree	root_id=workspace-a	0.451	ok
1776698910017	ws	list_tree	root_id=workspace-b	0.334	ok
1776698940543	http	GET /api/roots		0.005	ok
1776698940546	http	GET /api/roots		0.003	ok
1776698941588	http	POST /api/login	user=admin	927.732	ok
1776698941618	ws	list	root_id=workspace-a path=	0.416	ok
1776698941618	ws	list_tree	root_id=workspace-a	0.414	ok
1776698941619	ws	list_tree	root_id=workspace-b	0.308	ok
1776698941983	ws	list	root_id=workspace-b path=	0.310	ok
1776698942574	http	GET /api/roots		0.003	ok
1776698942576	http	GET /api/roots		0.003	ok
1776698943581	http	POST /api/login	user=admin	923.945	ok
1776698943611	ws	list	root_id=workspace-a path=	0.323	ok
1776698943612	ws	list_tree	root_id=workspace-a	0.427	ok
1776698943612	ws	list_tree	root_id=workspace-b	0.308	ok
1776698943986	ws	list	root_id=workspace-b path=	0.298	ok
1776698944096	ws	list	root_id=workspace-b path=projects	0.266	ok
1776699112886	http	GET /api/roots		0.014	ok
1776699112889	http	GET /api/roots		0.002	ok
1776699113976	http	POST /api/login	user=admin	965.682	ok
1776699113977	http	GET /api/roots		0.002	ok
1776699113979	http	GET /api/roots		0.002	ok
1776699114008	ws	list	root_id=workspace-a path=	0.432	ok
1776699114009	ws	list_tree	root_id=workspace-a	0.515	ok
1776699114010	ws	list_tree	root_id=workspace-b	0.408	ok
1776699114743	http	GET /api/roots		0.004	ok
1776699114745	http	GET /api/roots		0.002	ok
1776699115863	http	POST /api/login	user=admin	1022.450	err
1776699117181	http	GET /api/roots		0.004	ok
1776699117183	http	GET /api/roots		0.002	ok
1776699118216	http	POST /api/login	user=admin	924.655	ok
1776699118246	ws	list	root_id=workspace-a path=	0.389	ok
1776699118247	ws	list_tree	root_id=workspace-a	0.526	ok
1776699118247	ws	list_tree	root_id=workspace-b	0.364	ok
1776699119060	http	GET /api/roots		0.006	ok
1776699119062	http	GET /api/roots		0.002	ok
1776699120079	http	POST /api/login	user=admin	922.265	ok
1776699120110	ws	list	root_id=workspace-a path=	0.381	ok
1776699120110	ws	list_tree	root_id=workspace-a	0.497	ok
1776699120111	ws	list_tree	root_id=workspace-b	0.352	ok
1776699120514	ws	list	root_id=workspace-a path=docs	0.336	ok
1776699120628	ws	list	root_id=workspace-a path=docs/manuals	0.279	ok
1776699120696	ws	list	root_id=workspace-a path=docs/manuals/deep	0.330	ok
1776699121204	http	GET /api/roots		0.004	ok
1776699121206	http	GET /api/roots		0.002	ok
1776699122229	http	POST /api/login	user=admin	920.569	ok
1776699122259	ws	list	root_id=workspace-a path=	0.415	ok
1776699122260	ws	list_tree	root_id=workspace-a	0.485	ok
1776699122260	ws	list_tree	root_id=workspace-b	0.352	ok
1776699122636	ws	list	root_id=workspace-b path=	0.344	ok
1776699123149	http	GET /api/roots		0.012	ok
1776699123151	http	GET /api/roots		0.002	ok
1776699124182	http	POST /api/login	user=admin	924.749	ok
1776699124212	ws	list	root_id=workspace-a path=	0.351	ok
1776699124212	ws	list_tree	root_id=workspace-a	0.397	ok
1776699124213	ws	list_tree	root_id=workspace-b	0.302	ok
1776699124569	ws	list	root_id=workspace-b path=	0.305	ok
1776699124681	ws	list	root_id=workspace-b path=projects	0.278	ok
1776699124746	ws	list	root_id=workspace-b path=projects/alpha	0.234	ok
1776699124812	ws	list	root_id=workspace-b path=projects/alpha/src	0.250	ok
1776699124880	ws	list	root_id=workspace-b path=projects/alpha/src/nested	0.305	ok
1776699124946	ws	list	root_id=workspace-b path=projects/alpha/src/nested/deep	0.316	ok
1776699125460	http	GET /api/roots		0.009	ok
1776699125462	http	GET /api/roots		0.006	ok
1776699126480	http	POST /api/login	user=admin	922.935	ok
1776699126510	ws	list	root_id=workspace-a path=	0.335	ok
1776699126511	ws	list_tree	root_id=workspace-a	0.445	ok
1776699126511	ws	list_tree	root_id=workspace-b	0.271	ok
1776699126932	ws	list	root_id=workspace-b path=	0.334	ok
1776699127460	http	GET /api/roots		0.005	ok
1776699127464	http	GET /api/roots		0.006	ok
1776699128480	http	POST /api/login	user=admin	923.717	ok
1776699128511	ws	list	root_id=workspace-a path=	0.392	ok
1776699128511	ws	list_tree	root_id=workspace-a	0.461	ok
1776699128511	ws	list_tree	root_id=workspace-b	0.324	ok
1776699128913	ws	list	root_id=workspace-a path=docs	0.283	ok
1776699129028	ws	list	root_id=workspace-a path=docs/manuals	0.297	ok
1776699129094	ws	list	root_id=workspace-a path=docs/manuals/deep	0.272	ok
1776699129163	ws	list	root_id=workspace-a path=	0.363	ok
1776699129612	http	GET /api/roots		0.003	ok
1776699129613	http	GET /api/roots		0.001	ok
1776699130629	http	POST /api/login	user=admin	922.274	ok
1776699130659	ws	list	root_id=workspace-a path=	0.478	ok
1776699130660	ws	list_tree	root_id=workspace-a	0.425	ok
1776699130660	ws	list_tree	root_id=workspace-b	0.333	ok
1776699131595	ws	list	root_id=workspace-a path=docs	0.227	ok
1776699131694	ws	list	root_id=workspace-a path=docs/manuals	0.301	ok
1776699131812	ws	list	root_id=workspace-a path=docs/manuals/deep	0.311	ok
1776699132406	http	GET /api/roots		0.003	ok
1776699132407	http	GET /api/roots		0.001	ok
1776699133430	http	POST /api/login	user=admin	923.834	ok
1776699133461	ws	list	root_id=workspace-a path=	0.308	ok
1776699133461	ws	list_tree	root_id=workspace-a	0.381	ok
1776699133462	ws	list_tree	root_id=workspace-b	0.303	ok
1776699133834	ws	list	root_id=workspace-b path=	0.325	ok
1776699134385	http	GET /api/roots		0.003	ok
1776699134388	http	GET /api/roots		0.003	ok
1776699135417	http	POST /api/login	user=admin	924.805	ok
1776699135447	ws	list	root_id=workspace-a path=	0.333	ok
1776699135447	ws	list_tree	root_id=workspace-a	0.465	ok
1776699135447	ws	list_tree	root_id=workspace-b	0.336	ok
1776699135805	ws	list	root_id=workspace-b path=	0.342	ok
1776699135933	ws	list	root_id=workspace-b path=projects	0.302	ok
1776699136273	ws	mkdir	root_id=workspace-b path=projects/scratch-empty	0.310	ok
1776699136289	ws	list	root_id=workspace-b path=projects	0.840	ok
1776699136290	ws	list_tree	root_id=workspace-b	0.518	ok
1776699136290	ws	list	root_id=workspace-b path=projects	0.308	ok
1776699136291	ws	list_tree	root_id=workspace-b	0.561	ok
1776699136291	ws	list	root_id=workspace-b path=projects	0.329	ok
1776699136292	ws	list_tree	root_id=workspace-b	0.364	ok
1776699136292	ws	list	root_id=workspace-b path=projects	0.233	ok
1776699136603	ws	list	root_id=workspace-b path=projects/scratch-empty	0.219	ok
1776703065185	http	GET /api/roots		0.005	ok
1776703065187	http	GET /api/roots		0.006	ok
1776703066254	http	GET /api/roots		0.006	ok
1776703066257	http	GET /api/roots		0.003	ok
1776703067460	http	POST /api/login	user=admin	938.088	ok
1776703067504	ws	list	root_id=workspace-a path=	0.709	ok
1776703067505	ws	list_tree	root_id=workspace-a	0.896	ok
1776703067507	ws	list_tree	root_id=workspace-b	2.089	ok
1776703155189	http	GET /api/roots		0.015	ok
1776703155206	http	GET /api/roots		0.003	ok
1776703155208	http	GET /api/roots		0.005	ok
1776703155218	http	GET /api/roots		0.003	ok
1776703183954	http	GET /api/roots		0.004	ok
1776703183971	http	GET /api/roots		0.005	ok
1776703183971	http	GET /api/roots		0.001	ok
1776703183981	http	GET /api/roots		0.002	ok
1776703192179	http	POST /api/login	user=admin	936.466	ok
1776703192218	ws	list	root_id=workspace-a path=	0.670	ok
1776703192219	ws	list_tree	root_id=workspace-a	0.799	ok
1776703192219	ws	list_tree	root_id=workspace-b	0.744	ok
1776703506901	http	POST /api/login	user=admin	957.356	ok
1776703506939	ws	list	root_id=workspace-a path=	0.360	ok
1776703506940	ws	list_tree	root_id=workspace-a	0.502	ok
1776703506940	ws	list_tree	root_id=workspace-b	0.374	ok
1776703522307	ws	list	root_id=workspace-a path=docs	0.483	ok
1776703523703	ws	list	root_id=workspace-a path=docs/manuals	0.426	ok
1776703525435	ws	list	root_id=workspace-a path=docs/manuals/deep	0.502	ok
1776703530558	ws	list	root_id=workspace-a path=photos	0.544	ok
1776703540138	ws	copy	root_id=workspace-a from=docs/manuals/deep/archive to=photos/archive	0.431	err
1776703563738	ws	list	root_id=workspace-b path=	0.767	ok
1776703564412	ws	list	root_id=workspace-b path=projects	0.943	ok
1776703565056	ws	list	root_id=workspace-b path=projects/alpha	0.507	ok
1776703565675	ws	list	root_id=workspace-b path=projects/alpha/src	0.607	ok
1776703566325	ws	list	root_id=workspace-b path=projects/beta	0.331	ok
1776703566907	ws	list	root_id=workspace-b path=projects/scratch-empty	0.534	ok
1776703567674	ws	list	root_id=workspace-b path=projects/beta/data	0.707	ok
1776703569247	ws	list	root_id=workspace-b path=projects/alpha/src/nested	0.345	ok
1776703570810	ws	list	root_id=workspace-a path=docs/manuals/deep/archive	0.599	ok
1776703831669	http	GET /api/roots		0.017	ok
1776703831672	http	GET /api/roots		0.003	ok
1776703840865	http	GET /api/roots		0.003	ok
1776703840866	http	GET /api/roots		0.002	ok
1776703840957	http	GET /api/roots		0.003	ok
1776703840967	http	GET /api/roots		0.004	ok
1776703878863	http	POST /api/login	user=admin	914.665	ok
1776703878906	ws	list	root_id=workspace-a path=	0.747	ok
1776703878907	ws	list_tree	root_id=workspace-a	0.823	ok
1776703878909	ws	list_tree	root_id=workspace-b	1.807	ok
1776703884172	ws	list	root_id=workspace-a path=photos	0.455	ok
1776703885715	ws	list	root_id=workspace-a path=docs	0.522	ok
1776703887547	ws	list	root_id=workspace-a path=docs/manuals	0.469	ok
1776703889223	ws	list	root_id=workspace-a path=docs/manuals/deep	0.497	ok
1776703890489	ws	list	root_id=workspace-a path=docs/manuals/deep/archive	0.357	ok
1776703893152	ws	list	root_id=workspace-b path=	0.529	ok
1776703895894	ws	list	root_id=workspace-b path=projects	0.435	ok
1776703897392	ws	list	root_id=workspace-b path=projects/beta	0.410	ok
1776703898140	ws	list	root_id=workspace-b path=projects/scratch-empty	0.400	ok
1776703898834	ws	list	root_id=workspace-b path=projects/beta/data	0.475	ok
1776703931514	ws	list	root_id=workspace-b path=projects/beta/data	0.627	ok
1776703931514	http	GET /api/roots		0.002	ok
1776703931515	ws	list_tree	root_id=workspace-a	0.615	ok
1776703931515	ws	list_tree	root_id=workspace-b	0.417	ok
1776703931594	ws	list_tree	root_id=workspace-a	1.052	ok
1776703931595	ws	list_tree	root_id=workspace-b	0.902	ok
1776703937204	ws	list	root_id=workspace-b path=projects/beta/data	0.299	ok
1776703937204	http	GET /api/roots		0.002	ok
1776703937205	ws	list_tree	root_id=workspace-a	0.506	ok
1776703937205	ws	list_tree	root_id=workspace-b	0.711	ok
1776703937287	ws	list_tree	root_id=workspace-a	0.451	ok
1776703937294	ws	list_tree	root_id=workspace-b	7.846	ok
1776703940926	ws	list	root_id=workspace-b path=projects/beta/data	0.792	ok
1776703940927	http	GET /api/roots		0.003	ok
1776703940927	ws	list_tree	root_id=workspace-a	1.656	ok
1776703940930	ws	list_tree	root_id=workspace-b	2.246	ok
1776703941001	ws	list_tree	root_id=workspace-a	0.503	ok
1776703941001	ws	list_tree	root_id=workspace-b	0.368	ok
1776703951621	http	GET /api/roots		0.004	ok
1776703978197	http	GET /api/roots		0.003	ok
1776703992059	http	GET /api/roots		0.002	ok
1776704015468	http	GET /api/roots		0.003	ok
1776704042952	http	GET /api/roots		0.006	ok
1776704061122	http	GET /api/roots		0.002	ok
1776704068595	http	GET /api/roots		0.003	ok
1776704079177	http	GET /api/roots		0.002	ok
1776704120409	http	GET /api/roots		0.007	ok
1776704131406	http	GET /api/roots		0.003	ok
1776704173406	http	GET /api/roots		0.003	ok
1776704500391	http	GET /api/roots		0.005	ok
1776704500394	http	GET /api/roots		0.002	ok
1776704525719	http	POST /api/login	user=admin	913.184	ok
1776704525762	ws	list	root_id=workspace-a path=	0.772	ok
1776704525763	ws	list_tree	root_id=workspace-a	0.913	ok
1776704525765	ws	list_tree	root_id=workspace-b	1.710	ok
1776704548211	ws	move	from_root_id=workspace-a from=photos to_root_id=workspace-a to=docs/photos	1.050	ok
1776704548230	ws	list_tree	root_id=workspace-a	1.226	ok
1776704548230	ws	list	root_id=workspace-a path=	0.293	ok
1776704548237	ws	list_tree	root_id=workspace-a	1.214	ok
1776704548238	ws	list	root_id=workspace-a path=	0.412	ok
1776704548239	ws	list_tree	root_id=workspace-a	1.002	ok
1776704548240	ws	list	root_id=workspace-a path=	0.273	ok
1776704548241	ws	list_tree	root_id=workspace-a	0.833	ok
1776704548241	ws	list	root_id=workspace-a path=	0.252	ok
1776704550200	ws	list	root_id=workspace-a path=docs	0.695	ok
1776704552928	ws	move	from_root_id=workspace-a from=docs/photos to_root_id=workspace-a to=photos	0.601	ok
1776704552948	ws	list_tree	root_id=workspace-a	1.236	ok
1776704552949	ws	list	root_id=workspace-a path=docs	0.419	ok
1776704552956	ws	list_tree	root_id=workspace-a	1.260	ok
1776704552956	ws	list	root_id=workspace-a path=docs	0.333	ok
1776704552957	ws	list_tree	root_id=workspace-a	0.954	ok
1776704552958	ws	list	root_id=workspace-a path=docs	0.256	ok
1776704552959	ws	list_tree	root_id=workspace-a	0.780	ok
1776704552959	ws	list	root_id=workspace-a path=docs	0.245	ok
1776704555630	ws	list	root_id=workspace-a path=photos	0.799	ok
1776704556410	ws	list	root_id=workspace-a path=photos/vacation	0.830	ok
1776704557061	ws	list	root_id=workspace-a path=photos/vacation/2024	0.745	ok
1776704557767	ws	list	root_id=workspace-a path=photos/vacation/2024/07	0.766	ok
1776704568257	ws	list	root_id=workspace-b path=	0.474	ok
1776704574957	ws	copy	from_root_id=workspace-a from=photos/vacation/2024/07 to_root_id=workspace-b to=projects/07	2.261	ok
1776704575042	ws	list_tree	root_id=workspace-b	1.166	ok
1776704575043	ws	list	root_id=workspace-b path=	0.434	ok
1776704575071	ws	list_tree	root_id=workspace-b	1.216	ok
1776704575071	ws	list	root_id=workspace-b path=	0.375	ok
1776704575072	ws	list_tree	root_id=workspace-b	0.967	ok
1776704575073	ws	list	root_id=workspace-b path=	0.317	ok
1776704575074	ws	list_tree	root_id=workspace-b	0.821	ok
1776704575074	ws	list	root_id=workspace-b path=	0.301	ok
1776704575075	ws	list_tree	root_id=workspace-b	0.885	ok
1776704575076	ws	list	root_id=workspace-b path=	0.314	ok
1776704576146	ws	list	root_id=workspace-b path=projects	1.144	ok
1776704578096	ws	move	from_root_id=workspace-b from=projects/07 to_root_id=workspace-b to=07	0.317	ok
1776704578150	ws	list_tree	root_id=workspace-b	2.189	ok
1776704578151	ws	list	root_id=workspace-b path=projects	0.593	ok
1776704578173	ws	list_tree	root_id=workspace-b	2.101	ok
1776704578174	ws	list	root_id=workspace-b path=projects	1.028	ok
1776704578176	ws	list_tree	root_id=workspace-b	0.976	ok
1776704578176	ws	list	root_id=workspace-b path=projects	0.324	ok
1776704578177	ws	list_tree	root_id=workspace-b	0.867	ok
1776704578177	ws	list	root_id=workspace-b path=projects	0.307	ok
1776704578178	ws	list_tree	root_id=workspace-b	0.817	ok
1776704578179	ws	list	root_id=workspace-b path=projects	0.304	ok
1776704578180	ws	list_tree	root_id=workspace-b	0.822	ok
1776704578180	ws	list	root_id=workspace-b path=projects	0.285	ok
1776704672239	ws	move	from_root_id=workspace-b from=07 to_root_id=workspace-a to=docs/07	1.052	ok
1776704672261	ws	list_tree	root_id=workspace-b	1.512	ok
1776704672262	ws	list	root_id=workspace-b path=projects	0.627	ok
1776704672269	ws	list_tree	root_id=workspace-a	1.559	ok
1776704672271	ws	list_tree	root_id=workspace-a	1.186	ok
1776704672272	ws	list_tree	root_id=workspace-b	0.882	ok
1776704672272	ws	list	root_id=workspace-b path=projects	0.372	ok
1776704676088	ws	move	from_root_id=workspace-a from=docs/07 to_root_id=workspace-b to=07	0.335	ok
1776704676109	ws	list_tree	root_id=workspace-a	1.400	ok
1776704676111	ws	list_tree	root_id=workspace-b	1.614	ok
1776704676112	ws	list	root_id=workspace-b path=projects	0.545	ok
1776704676113	ws	list_tree	root_id=workspace-b	0.961	ok
1776704676113	ws	list	root_id=workspace-b path=projects	0.247	ok
1776704676114	ws	list_tree	root_id=workspace-a	0.389	ok
1776704678862	ws	move	from_root_id=workspace-b from=07 to_root_id=workspace-a to=07	0.569	ok
1776704678908	ws	list_tree	root_id=workspace-b	2.160	ok
1776704678909	ws	list	root_id=workspace-b path=projects	0.537	ok
1776704678921	ws	list_tree	root_id=workspace-a	2.281	ok
1776704678922	ws	list_tree	root_id=workspace-a	0.921	ok
1776704678923	ws	list_tree	root_id=workspace-b	0.834	ok
1776704678924	ws	list	root_id=workspace-b path=projects	0.401	ok
1776704866957	http	GET /api/roots		0.010	ok
1776704866974	http	GET /api/roots		0.003	ok
1776705109867	http	POST /api/login	user=admin	929.138	ok
1776705109908	ws	list	root_id=workspace-a path=	0.791	ok
1776705109909	ws	list_tree	root_id=workspace-a	0.837	ok
1776705109910	ws	list_tree	root_id=workspace-b	1.054	ok
1776705117599	ws	move	from_root_id=workspace-a from=07 to_root_id=workspace-a to=docs/07	1.005	ok
1776705117618	ws	list_tree	root_id=workspace-a	1.439	ok
1776705117619	ws	list	root_id=workspace-a path=	0.434	ok
1776705117626	ws	list_tree	root_id=workspace-a	1.202	ok
1776705117627	ws	list	root_id=workspace-a path=	0.398	ok
1776705117628	ws	list_tree	root_id=workspace-a	1.083	ok
1776705117628	ws	list	root_id=workspace-a path=	0.404	ok
1776705117629	ws	list_tree	root_id=workspace-a	0.947	ok
1776705117630	ws	list	root_id=workspace-a path=	0.314	ok
1776705119117	ws	list	root_id=workspace-a path=photos	0.753	ok
1776705124072	ws	move	from_root_id=workspace-a from=photos/vacation to_root_id=workspace-a to=docs/vacation	0.621	ok
1776705124106	ws	list_tree	root_id=workspace-a	2.283	ok
1776705124107	ws	list	root_id=workspace-a path=photos	0.271	ok
1776705124120	ws	list_tree	root_id=workspace-a	2.342	ok
1776705124120	ws	list	root_id=workspace-a path=photos	0.257	ok
1776705124121	ws	list_tree	root_id=workspace-a	1.060	ok
1776705124122	ws	list	root_id=workspace-a path=photos	0.192	ok
1776705124123	ws	list_tree	root_id=workspace-a	1.056	ok
1776705124123	ws	list	root_id=workspace-a path=photos	0.175	ok
1776705124894	ws	list	root_id=workspace-a path=docs	1.163	ok
1776705125917	ws	list	root_id=workspace-a path=photos	0.592	ok
1776705129276	ws	list	root_id=workspace-b path=	0.667	ok
1776705130207	ws	list	root_id=workspace-b path=projects	1.036	ok
1776705131053	ws	list	root_id=workspace-b path=projects/alpha	0.580	ok
1776705132151	ws	list	root_id=workspace-b path=projects/alpha/src	0.817	ok
1776705132869	ws	list	root_id=workspace-b path=projects/scratch-empty	0.548	ok
1776705133550	ws	list	root_id=workspace-b path=projects/beta	0.648	ok
1776705134554	ws	list	root_id=workspace-b path=projects/beta/data	0.585	ok
1776705310320	ws	list	root_id=workspace-b path=projects/beta/data	0.420	ok
1776705310321	http	GET /api/roots		0.002	ok
1776705310321	ws	list_tree	root_id=workspace-a	0.878	ok
1776705310322	ws	list_tree	root_id=workspace-b	0.736	ok
1776705310402	ws	list_tree	root_id=workspace-a	0.516	ok
1776705310402	ws	list_tree	root_id=workspace-b	0.348	ok
1776705315819	ws	list	root_id=workspace-b path=projects/beta/data	0.438	ok
1776705315819	http	GET /api/roots		0.002	ok
1776705315820	ws	list_tree	root_id=workspace-a	0.988	ok
1776705315821	ws	list_tree	root_id=workspace-b	0.687	ok
1776705315888	ws	list_tree	root_id=workspace-a	0.538	ok
1776705315895	ws	list_tree	root_id=workspace-b	7.490	ok
1776705339131	ws	list	root_id=workspace-b path=projects/beta/data	0.402	ok
1776705339132	http	GET /api/roots		0.002	ok
1776705339132	ws	list_tree	root_id=workspace-a	1.011	ok
1776705339133	ws	list_tree	root_id=workspace-b	0.806	ok
1776705339202	ws	list_tree	root_id=workspace-a	0.550	ok
1776705339203	ws	list_tree	root_id=workspace-b	0.387	ok
1776705345435	http	GET /api/roots		0.003	ok
1776705463215	http	GET /api/roots		0.012	ok
1776705463220	http	GET /api/roots		0.003	ok
1776705466251	http	POST /api/login	user=admin	934.092	ok
1776705466287	ws	list	root_id=workspace-a path=	0.698	ok
1776705466288	ws	list_tree	root_id=workspace-a	0.783	ok
1776705466289	ws	list_tree	root_id=workspace-b	1.148	ok
1776705484443	ws	mkdir	root_id=workspace-b path=facturici	0.850	ok
1776705484449	ws	mkdir	root_id=workspace-b path=facturici/2025	0.305	ok
1776705484450	ws	list_tree	root_id=workspace-b	1.380	ok
1776705484451	ws	mkdir	root_id=workspace-b path=facturici/2025/noiembrie	0.275	ok
1776705484452	ws	list_tree	root_id=workspace-b	1.041	ok
1776705484458	ws	mkdir	root_id=workspace-b path=facturici/2025/februarie	0.508	ok
1776705484460	ws	list_tree	root_id=workspace-b	1.705	ok
1776705484464	ws	list_tree	root_id=workspace-b	1.291	ok
1776705484466	ws	list_tree	root_id=workspace-b	0.992	ok
1776705484467	ws	list_tree	root_id=workspace-b	1.009	ok
1776705484468	ws	list_tree	root_id=workspace-b	0.967	ok
1776705484469	ws	list_tree	root_id=workspace-b	0.966	ok
1776705484469	ws	list_tree	root_id=workspace-b	0.489	ok
1776705484470	ws	mkdir	root_id=workspace-b path=facturici/2025/septembrie	0.154	ok
1776705484470	ws	list_tree	root_id=workspace-b	0.532	ok
1776705484476	ws	list_tree	root_id=workspace-b	0.540	ok
1776705484477	ws	mkdir	root_id=workspace-b path=facturici/2025/octombrie	0.169	ok
1776705484482	ws	list_tree	root_id=workspace-b	0.671	ok
1776705484483	ws	list_tree	root_id=workspace-b	0.436	ok
1776705484483	ws	mkdir	root_id=workspace-b path=facturici/2025/iulie	0.122	ok
1776705484489	ws	list_tree	root_id=workspace-b	0.546	ok
1776705484489	ws	list_tree	root_id=workspace-b	0.408	ok
1776705484490	ws	list_tree	root_id=workspace-b	0.438	ok
1776705484490	ws	list_tree	root_id=workspace-b	0.450	ok
1776705484491	ws	list_tree	root_id=workspace-b	0.425	ok
1776705484491	ws	mkdir	root_id=workspace-b path=facturici/2025/aprilie	0.132	ok
1776705484495	ws	list_tree	root_id=workspace-b	0.576	ok
1776705484495	ws	mkdir	root_id=workspace-b path=facturici/2025/august	0.146	ok
1776705484501	ws	list_tree	root_id=workspace-b	0.741	ok
1776705484502	ws	list_tree	root_id=workspace-b	0.475	ok
1776705484502	ws	list_tree	root_id=workspace-b	0.466	ok
1776705484503	ws	list_tree	root_id=workspace-b	0.460	ok
1776705484503	ws	list_tree	root_id=workspace-b	0.482	ok
1776705484504	ws	mkdir	root_id=workspace-b path=facturici/2025/martie	0.121	ok
1776705484508	ws	list_tree	root_id=workspace-b	0.569	ok
1776705484509	ws	mkdir	root_id=workspace-b path=facturici/2025/ianuarie	0.156	ok
1776705484518	ws	list_tree	root_id=workspace-b	1.720	ok
1776705484519	ws	list_tree	root_id=workspace-b	0.680	ok
1776705484519	ws	list_tree	root_id=workspace-b	0.546	ok
1776705484520	ws	list_tree	root_id=workspace-b	0.585	ok
1776705484520	ws	list_tree	root_id=workspace-b	0.559	ok
1776705484521	ws	mkdir	root_id=workspace-b path=facturici/2025/decembrie	0.141	ok
1776705484523	ws	list_tree	root_id=workspace-b	0.631	ok
1776705484523	ws	mkdir	root_id=workspace-b path=facturici/2025/iunie	0.133	ok
1776705484530	ws	list_tree	root_id=workspace-b	0.760	ok
1776705484530	ws	list_tree	root_id=workspace-b	0.578	ok
1776705484531	ws	list_tree	root_id=workspace-b	0.584	ok
1776705484531	ws	mkdir	root_id=workspace-b path=facturici/2024	0.125	ok
1776705484547	ws	list_tree	root_id=workspace-b	1.987	ok
1776705484548	ws	mkdir	root_id=workspace-b path=facturici/2024/mai	0.316	ok
1776705484562	ws	list_tree	root_id=workspace-b	0.739	ok
1776705484563	ws	list_tree	root_id=workspace-b	0.624	ok
1776705484563	ws	list_tree	root_id=workspace-b	0.659	ok
1776705484564	ws	list_tree	root_id=workspace-b	0.587	ok
1776705484565	ws	list_tree	root_id=workspace-b	0.603	ok
1776705484565	ws	list_tree	root_id=workspace-b	0.594	ok
1776705484566	ws	list_tree	root_id=workspace-b	0.611	ok
1776705484566	ws	mkdir	root_id=workspace-b path=facturici/2024/noiembrie	0.133	ok
1776705484578	ws	list_tree	root_id=workspace-b	0.783	ok
1776705484579	ws	list_tree	root_id=workspace-b	0.635	ok
1776705484580	ws	list_tree	root_id=workspace-b	0.602	ok
1776705484580	ws	mkdir	root_id=workspace-b path=facturici/2024/februarie	0.135	ok
1776705484596	ws	list_tree	root_id=workspace-b	2.457	ok
1776705484599	ws	list_tree	root_id=workspace-b	2.221	ok
1776705484602	ws	list_tree	root_id=workspace-b	1.974	ok
1776705484602	ws	mkdir	root_id=workspace-b path=facturici/2024/septembrie	0.265	ok
1776705484611	ws	list_tree	root_id=workspace-b	1.899	ok
1776705484612	ws	list_tree	root_id=workspace-b	0.737	ok
1776705484612	ws	list_tree	root_id=workspace-b	0.657	ok
1776705484613	ws	mkdir	root_id=workspace-b path=facturici/2024/octombrie	0.149	ok
1776705484627	ws	list_tree	root_id=workspace-b	0.825	ok
1776705484627	ws	mkdir	root_id=workspace-b path=facturici/2024/iulie	0.158	ok
1776705484643	ws	list_tree	root_id=workspace-b	0.894	ok
1776705484643	ws	list_tree	root_id=workspace-b	0.835	ok
1776705484644	ws	list_tree	root_id=workspace-b	0.682	ok
1776705484645	ws	list_tree	root_id=workspace-b	0.685	ok
1776705484646	ws	list_tree	root_id=workspace-b	0.695	ok
1776705484646	ws	mkdir	root_id=workspace-b path=facturici/2024/aprilie	0.129	ok
1776705484656	ws	list_tree	root_id=workspace-b	0.936	ok
1776705484657	ws	list_tree	root_id=workspace-b	1.020	ok
1776705484658	ws	list_tree	root_id=workspace-b	0.986	ok
1776705484659	ws	mkdir	root_id=workspace-b path=facturici/2024/august	0.267	ok
1776705484663	ws	list_tree	root_id=workspace-b	1.090	ok
1776705484664	ws	mkdir	root_id=workspace-b path=facturici/2024/martie	0.260	ok
1776705484670	ws	list_tree	root_id=workspace-b	0.933	ok
1776705484671	ws	list_tree	root_id=workspace-b	0.902	ok
1776705484672	ws	list_tree	root_id=workspace-b	0.831	ok
1776705484672	ws	mkdir	root_id=workspace-b path=facturici/2024/ianuarie	0.217	ok
1776705484676	ws	list_tree	root_id=workspace-b	0.831	ok
1776705484676	ws	mkdir	root_id=workspace-b path=facturici/2024/decembrie	0.141	ok
1776705484682	ws	list_tree	root_id=workspace-b	1.018	ok
1776705484683	ws	list_tree	root_id=workspace-b	0.901	ok
1776705484685	ws	list_tree	root_id=workspace-b	1.221	ok
1776705484686	ws	list_tree	root_id=workspace-b	0.896	ok
1776705484687	ws	list_tree	root_id=workspace-b	0.808	ok
1776705484687	ws	mkdir	root_id=workspace-b path=facturici/2024/iunie	0.130	ok
1776705484689	ws	list_tree	root_id=workspace-b	0.836	ok
1776705484689	ws	mkdir	root_id=workspace-b path=facturici/2023	0.114	ok
1776705484695	ws	list_tree	root_id=workspace-b	0.944	ok
1776705484696	ws	list_tree	root_id=workspace-b	0.875	ok
1776705484697	ws	list_tree	root_id=workspace-b	0.843	ok
1776705484698	ws	list_tree	root_id=workspace-b	0.839	ok
1776705484699	ws	list_tree	root_id=workspace-b	0.881	ok
1776705484699	ws	mkdir	root_id=workspace-b path=facturici/2023/mai	0.146	ok
1776705484701	ws	list_tree	root_id=workspace-b	1.007	ok
1776705484701	ws	mkdir	root_id=workspace-b path=facturici/2023/noiembrie	0.126	ok
1776705484708	ws	list_tree	root_id=workspace-b	1.176	ok
1776705484709	ws	list_tree	root_id=workspace-b	0.861	ok
1776705484710	ws	list_tree	root_id=workspace-b	0.871	ok
1776705484711	ws	list_tree	root_id=workspace-b	0.877	ok
1776705484712	ws	list_tree	root_id=workspace-b	1.126	ok
1776705484712	ws	mkdir	root_id=workspace-b path=facturici/2023/septembrie	0.129	ok
1776705484714	ws	list_tree	root_id=workspace-b	1.056	ok
1776705484714	ws	mkdir	root_id=workspace-b path=facturici/2023/octombrie	0.120	ok
1776705484720	ws	list_tree	root_id=workspace-b	1.018	ok
1776705484721	ws	list_tree	root_id=workspace-b	0.923	ok
1776705484722	ws	list_tree	root_id=workspace-b	0.873	ok
1776705484723	ws	list_tree	root_id=workspace-b	0.948	ok
1776705484724	ws	list_tree	root_id=workspace-b	1.099	ok
1776705484725	ws	mkdir	root_id=workspace-b path=facturici/2023/iulie	0.137	ok
1776705484727	ws	list_tree	root_id=workspace-b	0.972	ok
1776705484727	ws	mkdir	root_id=workspace-b path=facturici/2023/august	0.131	ok
1776705484734	ws	list_tree	root_id=workspace-b	1.195	ok
1776705484735	ws	list_tree	root_id=workspace-b	0.940	ok
1776705484736	ws	list_tree	root_id=workspace-b	0.967	ok
1776705484737	ws	list_tree	root_id=workspace-b	1.072	ok
1776705484738	ws	list_tree	root_id=workspace-b	0.924	ok
1776705484739	ws	mkdir	root_id=workspace-b path=facturici/2023/decembrie	0.128	ok
1776705484741	ws	list_tree	root_id=workspace-b	1.053	ok
1776705484741	ws	mkdir	root_id=workspace-b path=facturici/2023/iunie	0.126	ok
1776705484747	ws	list_tree	root_id=workspace-b	1.182	ok
1776705484748	ws	list_tree	root_id=workspace-b	0.962	ok
1776705484749	ws	list_tree	root_id=workspace-b	1.034	ok
1776705484750	ws	list_tree	root_id=workspace-b	1.048	ok
1776705484752	ws	list_tree	root_id=workspace-b	1.061	ok
1776705484752	ws	mkdir	root_id=workspace-b path=facturici/februarie	0.120	ok
1776705484754	ws	list_tree	root_id=workspace-b	1.050	ok
1776705484754	ws	mkdir	root_id=workspace-b path=facturici/ianuarie	0.139	ok
1776705484760	ws	list_tree	root_id=workspace-b	1.187	ok
1776705484761	ws	list_tree	root_id=workspace-b	1.033	ok
1776705484762	ws	list_tree	root_id=workspace-b	1.015	ok
1776705484763	ws	list_tree	root_id=workspace-b	1.054	ok
1776705484764	ws	list_tree	root_id=workspace-b	1.139	ok
1776705484765	ws	mkdir	root_id=workspace-b path=facturici/.git	0.143	ok
1776705484766	ws	list_tree	root_id=workspace-b	1.085	ok
1776705484773	ws	list_tree	root_id=workspace-b	1.172	ok
1776705484774	ws	list_tree	root_id=workspace-b	1.016	ok
1776705484775	ws	list_tree	root_id=workspace-b	1.045	ok
1776705484776	ws	list_tree	root_id=workspace-b	1.081	ok
1776705484776	ws	mkdir	root_id=workspace-b path=facturici/.git/objects	0.124	ok
1776705484779	ws	list_tree	root_id=workspace-b	1.197	ok
1776705484779	ws	mkdir	root_id=workspace-b path=facturici/.git/objects/61	0.117	ok
1776705484785	ws	list_tree	root_id=workspace-b	1.270	ok
1776705484786	ws	list_tree	root_id=workspace-b	1.091	ok
1776705484787	ws	list_tree	root_id=workspace-b	1.110	ok
1776705484787	ws	mkdir	root_id=workspace-b path=facturici/.git/objects/0d	0.125	ok
1776705484791	ws	list_tree	root_id=workspace-b	1.191	ok
1776705484791	ws	mkdir	root_id=workspace-b path=facturici/.git/objects/92	0.116	ok
1776705484797	ws	list_tree	root_id=workspace-b	1.401	ok
1776705484798	ws	list_tree	root_id=workspace-b	1.162	ok
1776705484800	ws	list_tree	root_id=workspace-b	1.190	ok
1776705484801	ws	list_tree	root_id=workspace-b	1.099	ok
1776705484802	ws	list_tree	root_id=workspace-b	1.107	ok
1776705484803	ws	list_tree	root_id=workspace-b	1.144	ok
1776705484805	ws	list_tree	root_id=workspace-b	1.772	ok
1776705484805	ws	mkdir	root_id=workspace-b path=facturici/.git/objects/0c	0.215	ok
1776705484807	ws	list_tree	root_id=workspace-b	1.224	ok
1776705484811	ws	list_tree	root_id=workspace-b	1.277	ok
1776705484812	ws	list_tree	root_id=workspace-b	1.161	ok
1776705484813	ws	mkdir	root_id=workspace-b path=facturici/.git/objects/66	0.117	ok
1776705484818	ws	list_tree	root_id=workspace-b	1.474	ok
1776705484818	ws	mkdir	root_id=workspace-b path=facturici/.git/objects/3e	0.190	ok
1776705484824	ws	list_tree	root_id=workspace-b	1.295	ok
1776705484824	ws	mkdir	root_id=workspace-b path=facturici/.git/objects/50	0.122	ok
1776705484830	ws	list_tree	root_id=workspace-b	1.477	ok
1776705484832	ws	list_tree	root_id=workspace-b	1.557	ok
1776705484833	ws	list_tree	root_id=workspace-b	1.228	ok
1776705484834	ws	list_tree	root_id=workspace-b	1.176	ok
1776705484835	ws	list_tree	root_id=workspace-b	1.198	ok
1776705484836	ws	mkdir	root_id=workspace-b path=facturici/.git/objects/3b	0.203	ok
1776705484837	ws	list_tree	root_id=workspace-b	1.367	ok
1776705484844	ws	list_tree	root_id=workspace-b	1.402	ok
1776705484845	ws	list_tree	root_id=workspace-b	1.358	ok
1776705484846	ws	list_tree	root_id=workspace-b	1.213	ok
1776705484848	ws	list_tree	root_id=workspace-b	1.238	ok
1776705484848	ws	mkdir	root_id=workspace-b path=facturici/.git/objects/6f	0.165	ok
1776705484850	ws	list_tree	root_id=workspace-b	1.545	ok
1776705484850	ws	mkdir	root_id=workspace-b path=facturici/.git/objects/03	0.119	ok
1776705484857	ws	list_tree	root_id=workspace-b	1.498	ok
1776705484858	ws	list_tree	root_id=workspace-b	1.264	ok
1776705484859	ws	list_tree	root_id=workspace-b	1.249	ok
1776705484859	ws	mkdir	root_id=workspace-b path=facturici/.git/objects/9b	0.183	ok
1776705484863	ws	list_tree	root_id=workspace-b	1.416	ok
1776705484863	ws	mkdir	root_id=workspace-b path=facturici/.git/objects/9e	0.119	ok
1776705484869	ws	list_tree	root_id=workspace-b	1.634	ok
1776705484870	ws	list_tree	root_id=workspace-b	1.299	ok
1776705484872	ws	list_tree	root_id=workspace-b	1.389	ok
1776705484873	ws	list_tree	root_id=workspace-b	1.407	ok
1776705484874	ws	list_tree	root_id=workspace-b	1.300	ok
1776705484875	ws	mkdir	root_id=workspace-b path=facturici/.git/objects/32	0.137	ok
1776705484876	ws	list_tree	root_id=workspace-b	1.355	ok
1776705484883	ws	list_tree	root_id=workspace-b	1.552	ok
1776705484884	ws	list_tree	root_id=workspace-b	1.316	ok
1776705484885	ws	list_tree	root_id=workspace-b	1.306	ok
1776705484887	ws	list_tree	root_id=workspace-b	1.345	ok
1776705484887	ws	mkdir	root_id=workspace-b path=facturici/.git/objects/35	0.149	ok
1776705484889	ws	list_tree	root_id=workspace-b	1.411	ok
1776705484890	ws	mkdir	root_id=workspace-b path=facturici/.git/objects/69	0.119	ok
1776705484896	ws	list_tree	root_id=workspace-b	1.620	ok
1776705484897	ws	list_tree	root_id=workspace-b	1.373	ok
1776705484899	ws	list_tree	root_id=workspace-b	1.430	ok
1776705484899	ws	mkdir	root_id=workspace-b path=facturici/.git/objects/3c	0.241	ok
1776705484902	ws	list_tree	root_id=workspace-b	1.580	ok
1776705484902	ws	mkdir	root_id=workspace-b path=facturici/.git/objects/51	0.121	ok
1776705484909	ws	list_tree	root_id=workspace-b	1.629	ok
1776705484910	ws	list_tree	root_id=workspace-b	1.529	ok
1776705484912	ws	list_tree	root_id=workspace-b	1.666	ok
1776705484914	ws	list_tree	root_id=workspace-b	1.450	ok
1776705484915	ws	list_tree	root_id=workspace-b	1.507	ok
1776705484915	ws	mkdir	root_id=workspace-b path=facturici/.git/objects/3d	0.136	ok
1776705484917	ws	list_tree	root_id=workspace-b	1.628	ok
1776705484922	ws	list_tree	root_id=workspace-b	1.839	ok
1776705484924	ws	list_tree	root_id=workspace-b	1.845	ok
1776705484926	ws	list_tree	root_id=workspace-b	1.988	ok
1776705484928	ws	list_tree	root_id=workspace-b	2.326	ok
1776705484929	ws	mkdir	root_id=workspace-b path=facturici/.git/objects/58	0.237	ok
1776705484931	ws	list_tree	root_id=workspace-b	1.828	ok
1776705484935	ws	list_tree	root_id=workspace-b	1.744	ok
1776705484936	ws	mkdir	root_id=workspace-b path=facturici/.git/objects/0b	0.156	ok
1776705484941	ws	list_tree	root_id=workspace-b	1.776	ok
1776705484943	ws	list_tree	root_id=workspace-b	1.552	ok
1776705484943	ws	mkdir	root_id=workspace-b path=facturici/.git/objects/93	0.217	ok
1776705484947	ws	list_tree	root_id=workspace-b	1.751	ok
1776705484948	ws	mkdir	root_id=workspace-b path=facturici/.git/objects/94	0.146	ok
1776705484954	ws	list_tree	root_id=workspace-b	1.600	ok
1776705484956	ws	list_tree	root_id=workspace-b	2.576	ok
1776705484958	ws	list_tree	root_id=workspace-b	1.691	ok
1776705484960	ws	list_tree	root_id=workspace-b	1.672	ok
1776705484962	ws	list_tree	root_id=workspace-b	1.663	ok
1776705484962	ws	mkdir	root_id=workspace-b path=facturici/.git/objects/0e	0.151	ok
1776705484963	ws	list_tree	root_id=workspace-b	1.598	ok
1776705484968	ws	list_tree	root_id=workspace-b	1.879	ok
1776705484969	ws	list_tree	root_id=workspace-b	1.532	ok
1776705484971	ws	list_tree	root_id=workspace-b	1.521	ok
1776705484972	ws	list_tree	root_id=workspace-b	1.502	ok
1776705484973	ws	mkdir	root_id=workspace-b path=facturici/.git/objects/60	0.201	ok
1776705484974	ws	list_tree	root_id=workspace-b	1.752	ok
1776705484979	ws	mkdir	root_id=workspace-b path=facturici/.git/objects/34	0.229	ok
1776705484981	ws	list_tree	root_id=workspace-b	1.872	ok
1776705484987	ws	list_tree	root_id=workspace-b	1.668	ok
1776705484989	ws	list_tree	root_id=workspace-b	1.713	ok
1776705484990	ws	list_tree	root_id=workspace-b	1.586	ok
1776705484992	ws	list_tree	root_id=workspace-b	1.667	ok
1776705484992	ws	mkdir	root_id=workspace-b path=facturici/.git/objects/5f	0.137	ok
1776705484994	ws	list_tree	root_id=workspace-b	1.638	ok
1776705484999	ws	list_tree	root_id=workspace-b	1.787	ok
1776705485001	ws	list_tree	root_id=workspace-b	1.693	ok
1776705485001	ws	mkdir	root_id=workspace-b path=facturici/.git/objects/33	0.150	ok
1776705485006	ws	list_tree	root_id=workspace-b	1.819	ok
1776705485006	ws	mkdir	root_id=workspace-b path=facturici/.git/objects/9d	0.239	ok
1776705485012	ws	list_tree	root_id=workspace-b	1.970	ok
1776705485012	ws	mkdir	root_id=workspace-b path=facturici/.git/objects/02	0.144	ok
1776705485017	ws	list_tree	root_id=workspace-b	1.870	ok
1776705485019	ws	list_tree	root_id=workspace-b	1.835	ok
1776705485021	ws	list_tree	root_id=workspace-b	1.687	ok
1776705485023	ws	list_tree	root_id=workspace-b	1.670	ok
1776705485024	ws	list_tree	root_id=workspace-b	1.721	ok
1776705485025	ws	mkdir	root_id=workspace-b path=facturici/.git/objects/a3	0.144	ok
1776705485026	ws	list_tree	root_id=workspace-b	1.871	ok
1776705485030	ws	list_tree	root_id=workspace-b	1.990	ok
1776705485033	ws	list_tree	root_id=workspace-b	2.268	ok
1776705485035	ws	list_tree	root_id=workspace-b	1.719	ok
1776705485036	ws	list_tree	root_id=workspace-b	1.801	ok
1776705485037	ws	mkdir	root_id=workspace-b path=facturici/.git/objects/d0	0.157	ok
1776705485039	ws	list_tree	root_id=workspace-b	1.846	ok
1776705485045	ws	list_tree	root_id=workspace-b	1.852	ok
1776705485045	ws	mkdir	root_id=workspace-b path=facturici/.git/objects/b4	0.134	ok
1776705485050	ws	list_tree	root_id=workspace-b	2.057	ok
1776705485052	ws	list_tree	root_id=workspace-b	1.702	ok
1776705485052	ws	mkdir	root_id=workspace-b path=facturici/.git/objects/d1	0.125	ok
1776705485058	ws	list_tree	root_id=workspace-b	2.193	ok
1776705485058	ws	mkdir	root_id=workspace-b path=facturici/.git/objects/d6	0.189	ok
1776705485064	ws	list_tree	root_id=workspace-b	2.108	ok
1776705485066	ws	list_tree	root_id=workspace-b	1.871	ok
1776705485068	ws	list_tree	root_id=workspace-b	1.759	ok
1776705485070	ws	list_tree	root_id=workspace-b	1.750	ok
1776705485071	ws	list_tree	root_id=workspace-b	1.848	ok
1776705485072	ws	mkdir	root_id=workspace-b path=facturici/.git/objects/bc	0.137	ok
1776705485074	ws	list_tree	root_id=workspace-b	1.907	ok
1776705485076	ws	list_tree	root_id=workspace-b	1.857	ok
1776705485078	ws	list_tree	root_id=workspace-b	1.803	ok
1776705485080	ws	list_tree	root_id=workspace-b	1.796	ok
1776705485082	ws	list_tree	root_id=workspace-b	1.990	ok
1776705485082	ws	mkdir	root_id=workspace-b path=facturici/.git/objects/ae	0.157	ok
1776705485084	ws	list_tree	root_id=workspace-b	1.908	ok
1776705485089	ws	list_tree	root_id=workspace-b	1.917	ok
1776705485090	ws	mkdir	root_id=workspace-b path=facturici/.git/objects/d8	0.114	ok
1776705485095	ws	list_tree	root_id=workspace-b	2.164	ok
1776705485097	ws	list_tree	root_id=workspace-b	1.866	ok
1776705485097	ws	mkdir	root_id=workspace-b path=facturici/.git/objects/ab	0.142	ok
1776705485101	ws	list_tree	root_id=workspace-b	2.141	ok
1776705485102	ws	mkdir	root_id=workspace-b path=facturici/.git/objects/e5	0.132	ok
1776705485108	ws	list_tree	root_id=workspace-b	2.614	ok
1776705485110	ws	list_tree	root_id=workspace-b	2.025	ok
1776705485113	ws	list_tree	root_id=workspace-b	2.040	ok
1776705485115	ws	list_tree	root_id=workspace-b	2.148	ok
1776705485117	ws	list_tree	root_id=workspace-b	1.887	ok
1776705485117	ws	mkdir	root_id=workspace-b path=facturici/.git/objects/f4	0.190	ok
1776705485119	ws	list_tree	root_id=workspace-b	1.899	ok
1776705485122	ws	list_tree	root_id=workspace-b	1.957	ok
1776705485124	ws	list_tree	root_id=workspace-b	1.922	ok
1776705485126	ws	list_tree	root_id=workspace-b	1.861	ok
1776705485128	ws	list_tree	root_id=workspace-b	1.978	ok
1776705485128	ws	mkdir	root_id=workspace-b path=facturici/.git/objects/c9	0.140	ok
1776705485130	ws	list_tree	root_id=workspace-b	2.019	ok
1776705485133	ws	mkdir	root_id=workspace-b path=facturici/.git/objects/f2	0.202	ok
1776705485135	ws	list_tree	root_id=workspace-b	2.066	ok
1776705485141	ws	list_tree	root_id=workspace-b	2.222	ok
1776705485143	ws	list_tree	root_id=workspace-b	2.017	ok
1776705485143	ws	mkdir	root_id=workspace-b path=facturici/.git/objects/f5	0.120	ok
1776705485147	ws	list_tree	root_id=workspace-b	2.262	ok
1776705485147	ws	mkdir	root_id=workspace-b path=facturici/.git/objects/cf	0.248	ok
1776705485154	ws	list_tree	root_id=workspace-b	2.108	ok
1776705485156	ws	list_tree	root_id=workspace-b	2.152	ok
1776705485158	ws	list_tree	root_id=workspace-b	2.445	ok
1776705485161	ws	list_tree	root_id=workspace-b	2.230	ok
1776705485163	ws	list_tree	root_id=workspace-b	2.239	ok
1776705485163	ws	mkdir	root_id=workspace-b path=facturici/.git/objects/ca	0.160	ok
1776705485166	ws	list_tree	root_id=workspace-b	2.237	ok
1776705485168	ws	list_tree	root_id=workspace-b	2.010	ok
1776705485170	ws	list_tree	root_id=workspace-b	2.021	ok
1776705485172	ws	list_tree	root_id=workspace-b	2.008	ok
1776705485174	ws	list_tree	root_id=workspace-b	1.971	ok
1776705485174	ws	mkdir	root_id=workspace-b path=facturici/.git/objects/c8	0.129	ok
1776705485176	ws	list_tree	root_id=workspace-b	2.195	ok
1776705485178	ws	mkdir	root_id=workspace-b path=facturici/.git/objects/ed	0.143	ok
1776705485181	ws	list_tree	root_id=workspace-b	2.325	ok
1776705485188	ws	list_tree	root_id=workspace-b	2.246	ok
1776705485190	ws	list_tree	root_id=workspace-b	2.096	ok
1776705485192	ws	list_tree	root_id=workspace-b	2.136	ok
1776705485194	ws	list_tree	root_id=workspace-b	2.064	ok
1776705485195	ws	mkdir	root_id=workspace-b path=facturici/.git/objects/c1	0.128	ok
1776705485197	ws	list_tree	root_id=workspace-b	2.058	ok
1776705485200	ws	list_tree	root_id=workspace-b	2.261	ok
1776705485202	ws	list_tree	root_id=workspace-b	2.047	ok
1776705485203	ws	mkdir	root_id=workspace-b path=facturici/.git/objects/ec	0.152	ok
1776705485207	ws	list_tree	root_id=workspace-b	2.352	ok
1776705485207	ws	mkdir	root_id=workspace-b path=facturici/.git/objects/20	0.208	ok
1776705485213	ws	list_tree	root_id=workspace-b	2.252	ok
1776705485213	ws	mkdir	root_id=workspace-b path=facturici/.git/objects/18	0.116	ok
1776705485219	ws	list_tree	root_id=workspace-b	2.550	ok
1776705485222	ws	list_tree	root_id=workspace-b	2.218	ok
1776705485224	ws	list_tree	root_id=workspace-b	2.136	ok
1776705485226	ws	list_tree	root_id=workspace-b	2.131	ok
1776705485228	ws	list_tree	root_id=workspace-b	2.190	ok
1776705485228	ws	mkdir	root_id=workspace-b path=facturici/.git/objects/27	0.150	ok
1776705485231	ws	list_tree	root_id=workspace-b	2.439	ok
1776705485233	ws	list_tree	root_id=workspace-b	2.205	ok
1776705485235	ws	list_tree	root_id=workspace-b	2.128	ok
1776705485238	ws	list_tree	root_id=workspace-b	2.373	ok
1776705485240	ws	list_tree	root_id=workspace-b	2.219	ok
1776705485240	ws	mkdir	root_id=workspace-b path=facturici/.git/objects/pack	0.219	ok
1776705485243	ws	list_tree	root_id=workspace-b	2.220	ok
1776705485245	ws	list_tree	root_id=workspace-b	2.224	ok
1776705485246	ws	mkdir	root_id=workspace-b path=facturici/.git/objects/11	0.119	ok
1776705485252	ws	list_tree	root_id=workspace-b	2.549	ok
1776705485254	ws	list_tree	root_id=workspace-b	2.320	ok
1776705485254	ws	mkdir	root_id=workspace-b path=facturici/.git/objects/7c	0.133	ok
1776705485258	ws	list_tree	root_id=workspace-b	2.271	ok
1776705485258	ws	mkdir	root_id=workspace-b path=facturici/.git/objects/42	0.126	ok
1776705485266	ws	list_tree	root_id=workspace-b	2.691	ok
1776705485269	ws	list_tree	root_id=workspace-b	2.349	ok
1776705485271	ws	list_tree	root_id=workspace-b	2.567	ok
1776705485274	ws	list_tree	root_id=workspace-b	2.295	ok
1776705485276	ws	list_tree	root_id=workspace-b	2.309	ok
1776705485276	ws	mkdir	root_id=workspace-b path=facturici/.git/objects/73	0.136	ok
1776705485279	ws	list_tree	root_id=workspace-b	2.422	ok
1776705485281	ws	list_tree	root_id=workspace-b	2.220	ok
1776705485283	ws	list_tree	root_id=workspace-b	2.336	ok
1776705485286	ws	list_tree	root_id=workspace-b	2.353	ok
1776705485288	ws	list_tree	root_id=workspace-b	2.293	ok
1776705485288	ws	mkdir	root_id=workspace-b path=facturici/.git/objects/80	0.147	ok
1776705485291	ws	list_tree	root_id=workspace-b	2.405	ok
1776705485293	ws	list_tree	root_id=workspace-b	2.369	ok
1776705485294	ws	mkdir	root_id=workspace-b path=facturici/.git/objects/74	0.124	ok
1776705485299	ws	list_tree	root_id=workspace-b	2.844	ok
1776705485301	ws	list_tree	root_id=workspace-b	2.499	ok
1776705485302	ws	mkdir	root_id=workspace-b path=facturici/.git/objects/1a	0.195	ok
1776705485306	ws	list_tree	root_id=workspace-b	2.474	ok
1776705485306	ws	mkdir	root_id=workspace-b path=facturici/.git/objects/28	0.135	ok
1776705485312	ws	list_tree	root_id=workspace-b	2.511	ok
1776705485315	ws	list_tree	root_id=workspace-b	2.493	ok
1776705485317	ws	list_tree	root_id=workspace-b	2.603	ok
1776705485320	ws	list_tree	root_id=workspace-b	2.386	ok
1776705485322	ws	list_tree	root_id=workspace-b	2.394	ok
1776705485323	ws	mkdir	root_id=workspace-b path=facturici/.git/objects/17	0.138	ok
1776705485325	ws	list_tree	root_id=workspace-b	2.539	ok
1776705485328	ws	list_tree	root_id=workspace-b	2.422	ok
1776705485330	ws	list_tree	root_id=workspace-b	2.552	ok
1776705485333	ws	list_tree	root_id=workspace-b	2.359	ok
1776705485335	ws	list_tree	root_id=workspace-b	2.364	ok
1776705485335	ws	mkdir	root_id=workspace-b path=facturici/.git/objects/10	0.217	ok
1776705485339	ws	list_tree	root_id=workspace-b	3.140	ok
1776705485341	ws	list_tree	root_id=workspace-b	2.591	ok
1776705485342	ws	mkdir	root_id=workspace-b path=facturici/.git/objects/19	0.137	ok
1776705485346	ws	list_tree	root_id=workspace-b	2.457	ok
1776705485348	ws	list_tree	root_id=workspace-b	2.504	ok
1776705485349	ws	mkdir	root_id=workspace-b path=facturici/.git/objects/4c	0.182	ok
1776705485353	ws	list_tree	root_id=workspace-b	2.887	ok
1776705485353	ws	mkdir	root_id=workspace-b path=facturici/.git/objects/21	0.137	ok
1776705485359	ws	list_tree	root_id=workspace-b	2.610	ok
1776705485362	ws	list_tree	root_id=workspace-b	2.924	ok
1776705485365	ws	list_tree	root_id=workspace-b	2.639	ok
1776705485368	ws	list_tree	root_id=workspace-b	2.535	ok
1776705485370	ws	list_tree	root_id=workspace-b	2.515	ok
1776705485371	ws	mkdir	root_id=workspace-b path=facturici/.git/objects/4d	0.152	ok
1776705485373	ws	list_tree	root_id=workspace-b	2.598	ok
1776705485376	ws	list_tree	root_id=workspace-b	2.433	ok
1776705485378	ws	list_tree	root_id=workspace-b	2.590	ok
1776705485381	ws	list_tree	root_id=workspace-b	2.481	ok
1776705485384	ws	list_tree	root_id=workspace-b	2.673	ok
1776705485384	ws	mkdir	root_id=workspace-b path=facturici/.git/objects/75	0.223	ok
1776705485387	ws	list_tree	root_id=workspace-b	2.605	ok
1776705485392	ws	list_tree	root_id=workspace-b	2.619	ok
1776705485392	ws	mkdir	root_id=workspace-b path=facturici/.git/objects/81	0.131	ok
1776705485398	ws	list_tree	root_id=workspace-b	2.789	ok
1776705485401	ws	list_tree	root_id=workspace-b	2.724	ok
1776705485401	ws	mkdir	root_id=workspace-b path=facturici/.git/objects/72	0.156	ok
1776705485405	ws	list_tree	root_id=workspace-b	2.691	ok
1776705485405	ws	mkdir	root_id=workspace-b path=facturici/.git/objects/44	0.142	ok
1776705485411	ws	list_tree	root_id=workspace-b	2.718	ok
1776705485414	ws	list_tree	root_id=workspace-b	2.835	ok
1776705485418	ws	list_tree	root_id=workspace-b	4.395	ok
1776705485422	ws	list_tree	root_id=workspace-b	3.976	ok
1776705485426	ws	list_tree	root_id=workspace-b	3.032	ok
1776705485426	ws	mkdir	root_id=workspace-b path=facturici/.git/objects/2a	0.148	ok
1776705485429	ws	list_tree	root_id=workspace-b	2.838	ok
1776705485432	ws	list_tree	root_id=workspace-b	2.924	ok
1776705485435	ws	list_tree	root_id=workspace-b	2.915	ok
1776705485438	ws	list_tree	root_id=workspace-b	2.971	ok
1776705485441	ws	list_tree	root_id=workspace-b	2.755	ok
1776705485441	ws	mkdir	root_id=workspace-b path=facturici/.git/objects/43	0.145	ok
1776705485444	ws	list_tree	root_id=workspace-b	2.709	ok
1776705485446	ws	list_tree	root_id=workspace-b	2.668	ok
1776705485447	ws	mkdir	root_id=workspace-b path=facturici/.git/objects/88	0.114	ok
1776705485452	ws	list_tree	root_id=workspace-b	2.945	ok
1776705485455	ws	list_tree	root_id=workspace-b	3.096	ok
1776705485455	ws	mkdir	root_id=workspace-b path=facturici/.git/objects/6b	0.139	ok
1776705485459	ws	list_tree	root_id=workspace-b	2.815	ok
1776705485459	ws	mkdir	root_id=workspace-b path=facturici/.git/objects/07	0.232	ok
1776705485466	ws	list_tree	root_id=workspace-b	3.122	ok
1776705485469	ws	list_tree	root_id=workspace-b	2.854	ok
1776705485472	ws	list_tree	root_id=workspace-b	2.983	ok
1776705485474	ws	list_tree	root_id=workspace-b	2.636	ok
1776705485477	ws	list_tree	root_id=workspace-b	2.819	ok
1776705485477	ws	mkdir	root_id=workspace-b path=facturici/.git/objects/00	0.169	ok
1776705485480	ws	list_tree	root_id=workspace-b	2.721	ok
1776705485483	ws	list_tree	root_id=workspace-b	2.909	ok
1776705485486	ws	list_tree	root_id=workspace-b	2.734	ok
1776705485489	ws	list_tree	root_id=workspace-b	2.768	ok
1776705485492	ws	list_tree	root_id=workspace-b	2.882	ok
1776705485492	ws	mkdir	root_id=workspace-b path=facturici/.git/objects/6e	0.134	ok
1776705485496	ws	list_tree	root_id=workspace-b	3.366	ok
1776705485499	ws	list_tree	root_id=workspace-b	2.878	ok
1776705485499	ws	mkdir	root_id=workspace-b path=facturici/.git/objects/36	0.147	ok
1776705485506	ws	list_tree	root_id=workspace-b	2.966	ok
1776705485509	ws	list_tree	root_id=workspace-b	2.813	ok
1776705485509	ws	mkdir	root_id=workspace-b path=facturici/.git/objects/5c	0.141	ok
1776705485512	ws	list_tree	root_id=workspace-b	2.799	ok
1776705485518	ws	list_tree	root_id=workspace-b	3.071	ok
1776705485521	ws	list_tree	root_id=workspace-b	2.889	ok
1776705485524	ws	list_tree	root_id=workspace-b	2.999	ok
1776705485527	ws	list_tree	root_id=workspace-b	2.703	ok
1776705485527	ws	mkdir	root_id=workspace-b path=facturici/.git/objects/31	0.161	ok
1776705485530	ws	list_tree	root_id=workspace-b	3.004	ok
1776705485533	ws	list_tree	root_id=workspace-b	2.788	ok
1776705485536	ws	list_tree	root_id=workspace-b	2.731	ok
1776705485536	ws	mkdir	root_id=workspace-b path=facturici/.git/objects/info	0.149	ok
1776705485547	ws	list_tree	root_id=workspace-b	3.111	ok
1776705485547	ws	mkdir	root_id=workspace-b path=facturici/.git/objects/65	0.133	ok
1776705485562	ws	list_tree	root_id=workspace-b	3.200	ok
1776705485565	ws	list_tree	root_id=workspace-b	3.004	ok
1776705485568	ws	list_tree	root_id=workspace-b	3.008	ok
1776705485572	ws	list_tree	root_id=workspace-b	3.268	ok
1776705485575	ws	list_tree	root_id=workspace-b	3.257	ok
1776705485575	ws	mkdir	root_id=workspace-b path=facturici/.git/objects/62	0.148	ok
1776705485579	ws	list_tree	root_id=workspace-b	3.022	ok
1776705485593	ws	list_tree	root_id=workspace-b	3.053	ok
1776705485596	ws	list_tree	root_id=workspace-b	2.856	ok
1776705485596	ws	mkdir	root_id=workspace-b path=facturici/.git/objects/96	0.124	ok
1776705485608	ws	list_tree	root_id=workspace-b	3.377	ok
1776705485612	ws	list_tree	root_id=workspace-b	3.814	ok
1776705485615	ws	list_tree	root_id=workspace-b	2.930	ok
1776705485615	ws	mkdir	root_id=workspace-b path=facturici/.git/objects/3a	0.158	ok
1776705485626	ws	list_tree	root_id=workspace-b	3.096	ok
1776705485626	ws	mkdir	root_id=workspace-b path=facturici/.git/objects/3f	0.133	ok
1776705485641	ws	list_tree	root_id=workspace-b	3.470	ok
1776705485644	ws	list_tree	root_id=workspace-b	2.908	ok
1776705485647	ws	list_tree	root_id=workspace-b	2.934	ok
1776705485647	ws	mkdir	root_id=workspace-b path=facturici/.git/objects/30	0.127	ok
1776705485651	ws	list_tree	root_id=workspace-b	3.189	ok
1776705485654	ws	list_tree	root_id=workspace-b	2.991	ok
1776705485657	ws	list_tree	root_id=workspace-b	2.997	ok
1776705485660	ws	list_tree	root_id=workspace-b	3.023	ok
1776705485663	ws	list_tree	root_id=workspace-b	3.227	ok
1776705485664	ws	mkdir	root_id=workspace-b path=facturici/.git/objects/5e	0.151	ok
1776705485667	ws	list_tree	root_id=workspace-b	3.110	ok
1776705485670	ws	list_tree	root_id=workspace-b	3.377	ok
1776705485673	ws	list_tree	root_id=workspace-b	3.048	ok
1776705485674	ws	mkdir	root_id=workspace-b path=facturici/.git/objects/5b	0.161	ok
1776705485677	ws	list_tree	root_id=workspace-b	3.215	ok
1776705485678	ws	mkdir	root_id=workspace-b path=facturici/.git/objects/37	0.219	ok
1776705485684	ws	list_tree	root_id=workspace-b	3.308	ok
1776705485684	ws	mkdir	root_id=workspace-b path=facturici/.git/objects/6d	0.214	ok
1776705485691	ws	list_tree	root_id=workspace-b	3.291	ok
1776705485694	ws	list_tree	root_id=workspace-b	3.053	ok
1776705485697	ws	list_tree	root_id=workspace-b	3.021	ok
1776705485700	ws	list_tree	root_id=workspace-b	3.201	ok
1776705485704	ws	list_tree	root_id=workspace-b	3.860	ok
1776705485704	ws	mkdir	root_id=workspace-b path=facturici/.git/objects/6c	0.162	ok
1776705485708	ws	list_tree	root_id=workspace-b	3.161	ok
1776705485711	ws	list_tree	root_id=workspace-b	3.135	ok
1776705485714	ws	list_tree	root_id=workspace-b	3.019	ok
1776705485717	ws	list_tree	root_id=workspace-b	3.224	ok
1776705485720	ws	list_tree	root_id=workspace-b	3.142	ok
1776705485721	ws	mkdir	root_id=workspace-b path=facturici/.git/objects/39	0.141	ok
1776705485724	ws	list_tree	root_id=workspace-b	3.292	ok
1776705485727	ws	list_tree	root_id=workspace-b	3.025	ok
1776705485727	ws	mkdir	root_id=workspace-b path=facturici/.git/objects/99	0.157	ok
1776705485731	ws	list_tree	root_id=workspace-b	3.079	ok
1776705485734	ws	list_tree	root_id=workspace-b	3.216	ok
1776705485734	ws	mkdir	root_id=workspace-b path=facturici/.git/objects/97	0.172	ok
1776705485738	ws	list_tree	root_id=workspace-b	3.239	ok
1776705485744	ws	list_tree	root_id=workspace-b	3.171	ok
1776705485744	ws	mkdir	root_id=workspace-b path=facturici/.git/objects/0f	0.140	ok
1776705485750	ws	list_tree	root_id=workspace-b	3.407	ok
1776705485753	ws	list_tree	root_id=workspace-b	3.320	ok
1776705485757	ws	list_tree	root_id=workspace-b	3.216	ok
1776705485760	ws	list_tree	root_id=workspace-b	3.077	ok
1776705485760	ws	mkdir	root_id=workspace-b path=facturici/.git/objects/0a	0.134	ok
1776705485763	ws	list_tree	root_id=workspace-b	3.308	ok
1776705485767	ws	list_tree	root_id=workspace-b	3.254	ok
1776705485770	ws	list_tree	root_id=workspace-b	3.234	ok
1776705485773	ws	list_tree	root_id=workspace-b	3.395	ok
1776705485777	ws	list_tree	root_id=workspace-b	3.277	ok
1776705485777	ws	mkdir	root_id=workspace-b path=facturici/.git/objects/d3	0.170	ok
1776705485781	ws	list_tree	root_id=workspace-b	3.948	ok
1776705485784	ws	list_tree	root_id=workspace-b	3.240	ok
1776705485785	ws	mkdir	root_id=workspace-b path=facturici/.git/objects/a0	0.145	ok
1776705485790	ws	list_tree	root_id=workspace-b	3.450	ok
1776705485794	ws	list_tree	root_id=workspace-b	3.423	ok
1776705485794	ws	mkdir	root_id=workspace-b path=facturici/.git/objects/a7	0.153	ok
1776705485798	ws	list_tree	root_id=workspace-b	3.722	ok
1776705485803	ws	list_tree	root_id=workspace-b	3.515	ok
1776705485806	ws	list_tree	root_id=workspace-b	3.341	ok
1776705485810	ws	list_tree	root_id=workspace-b	3.247	ok
1776705485813	ws	list_tree	root_id=workspace-b	3.312	ok
1776705485813	ws	mkdir	root_id=workspace-b path=facturici/.git/objects/b8	0.153	ok
1776705485817	ws	list_tree	root_id=workspace-b	3.361	ok
1776705485820	ws	list_tree	root_id=workspace-b	3.411	ok
1776705485824	ws	list_tree	root_id=workspace-b	3.309	ok
1776705485824	ws	mkdir	root_id=workspace-b path=facturici/.git/objects/b1	0.140	ok
1776705485829	ws	list_tree	root_id=workspace-b	3.464	ok
1776705485829	ws	mkdir	root_id=workspace-b path=facturici/.git/objects/dd	0.128	ok
1776705485835	ws	list_tree	root_id=workspace-b	3.605	ok
1776705485839	ws	list_tree	root_id=workspace-b	3.464	ok
1776705485842	ws	list_tree	root_id=workspace-b	3.401	ok
1776705485846	ws	list_tree	root_id=workspace-b	3.507	ok
1776705485849	ws	list_tree	root_id=workspace-b	3.287	ok
1776705485850	ws	mkdir	root_id=workspace-b path=facturici/.git/objects/b6	0.129	ok
1776705485853	ws	list_tree	root_id=workspace-b	3.351	ok
1776705485857	ws	list_tree	root_id=workspace-b	3.798	ok
1776705485861	ws	list_tree	root_id=workspace-b	3.689	ok
1776705485861	ws	mkdir	root_id=workspace-b path=facturici/.git/objects/a9	0.283	ok
1776705485865	ws	list_tree	root_id=workspace-b	3.438	ok
1776705485870	ws	list_tree	root_id=workspace-b	3.627	ok
1776705485871	ws	mkdir	root_id=workspace-b path=facturici/.git/objects/d5	0.165	ok
1776705485877	ws	list_tree	root_id=workspace-b	3.525	ok
1776705485880	ws	list_tree	root_id=workspace-b	3.740	ok
1776705485881	ws	mkdir	root_id=workspace-b path=facturici/.git/objects/d2	0.205	ok
1776705485884	ws	list_tree	root_id=workspace-b	3.580	ok
1776705485888	ws	list_tree	root_id=workspace-b	3.525	ok
1776705485891	ws	list_tree	root_id=workspace-b	3.365	ok
1776705485895	ws	list_tree	root_id=workspace-b	3.507	ok
1776705485898	ws	list_tree	root_id=workspace-b	3.349	ok
1776705485899	ws	mkdir	root_id=workspace-b path=facturici/.git/objects/aa	0.163	ok
1776705485902	ws	list_tree	root_id=workspace-b	3.735	ok
1776705485906	ws	list_tree	root_id=workspace-b	3.565	ok
1776705485907	ws	mkdir	root_id=workspace-b path=facturici/.git/objects/b7	0.178	ok
1776705485911	ws	list_tree	root_id=workspace-b	4.007	ok
1776705485915	ws	list_tree	root_id=workspace-b	3.934	ok
1776705485915	ws	mkdir	root_id=workspace-b path=facturici/.git/objects/db	0.152	ok
1776705485919	ws	list_tree	root_id=workspace-b	3.773	ok
1776705485924	ws	list_tree	root_id=workspace-b	3.698	ok
1776705485927	ws	list_tree	root_id=workspace-b	3.509	ok
1776705485931	ws	list_tree	root_id=workspace-b	3.497	ok
1776705485935	ws	list_tree	root_id=workspace-b	4.198	ok
1776705485936	ws	mkdir	root_id=workspace-b path=facturici/.git/objects/a8	0.244	ok
1776705485940	ws	list_tree	root_id=workspace-b	4.431	ok
1776705485944	ws	list_tree	root_id=workspace-b	3.522	ok
1776705485948	ws	list_tree	root_id=workspace-b	3.751	ok
1776705485949	ws	mkdir	root_id=workspace-b path=facturici/.git/objects/b0	0.561	ok
1776705485952	ws	list_tree	root_id=workspace-b	3.649	ok
1776705485958	ws	list_tree	root_id=workspace-b	4.155	ok
1776705485959	ws	mkdir	root_id=workspace-b path=facturici/.git/objects/b9	0.144	ok
1776705485964	ws	list_tree	root_id=workspace-b	3.997	ok
1776705485968	ws	list_tree	root_id=workspace-b	3.611	ok
1776705485968	ws	mkdir	root_id=workspace-b path=facturici/.git/objects/a1	0.138	ok
1776705485972	ws	list_tree	root_id=workspace-b	3.870	ok
1776705485976	ws	list_tree	root_id=workspace-b	3.806	ok
1776705485980	ws	list_tree	root_id=workspace-b	3.834	ok
1776705485984	ws	list_tree	root_id=workspace-b	4.034	ok
1776705485988	ws	list_tree	root_id=workspace-b	3.926	ok
1776705485989	ws	mkdir	root_id=workspace-b path=facturici/.git/objects/c3	0.152	ok
1776705485992	ws	list_tree	root_id=workspace-b	3.649	ok
1776705485996	ws	list_tree	root_id=workspace-b	3.712	ok
1776705486000	ws	list_tree	root_id=workspace-b	3.732	ok
1776705486000	ws	mkdir	root_id=workspace-b path=facturici/.git/objects/ea	0.276	ok
1776705486004	ws	list_tree	root_id=workspace-b	3.837	ok
1776705486010	ws	list_tree	root_id=workspace-b	3.690	ok
1776705486010	ws	mkdir	root_id=workspace-b path=facturici/.git/objects/e1	0.166	ok
1776705486017	ws	list_tree	root_id=workspace-b	4.547	ok
1776705486021	ws	list_tree	root_id=workspace-b	4.052	ok
1776705486021	ws	mkdir	root_id=workspace-b path=facturici/.git/objects/cd	0.175	ok
1776705486025	ws	list_tree	root_id=workspace-b	3.724	ok
1776705486037	ws	list_tree	root_id=workspace-b	11.316	ok
1776705486043	ws	list_tree	root_id=workspace-b	6.689	ok
1776705486048	ws	list_tree	root_id=workspace-b	4.261	ok
1776705486051	ws	list_tree	root_id=workspace-b	3.576	ok
1776705486052	ws	mkdir	root_id=workspace-b path=facturici/.git/objects/e6	0.152	ok
1776705486056	ws	list_tree	root_id=workspace-b	3.819	ok
1776705486059	ws	list_tree	root_id=workspace-b	3.589	ok
1776705486063	ws	list_tree	root_id=workspace-b	3.890	ok
1776705486063	ws	mkdir	root_id=workspace-b path=facturici/.git/objects/f9	0.208	ok
1776705486067	ws	list_tree	root_id=workspace-b	3.856	ok
1776705486072	ws	list_tree	root_id=workspace-b	3.781	ok
1776705486072	ws	mkdir	root_id=workspace-b path=facturici/.git/objects/f7	0.135	ok
1776705486079	ws	list_tree	root_id=workspace-b	4.314	ok
1776705486083	ws	list_tree	root_id=workspace-b	3.895	ok
1776705486083	ws	mkdir	root_id=workspace-b path=facturici/.git/objects/e8	0.137	ok
1776705486087	ws	list_tree	root_id=workspace-b	3.731	ok
1776705486091	ws	list_tree	root_id=workspace-b	3.764	ok
1776705486095	ws	list_tree	root_id=workspace-b	4.155	ok
1776705486099	ws	list_tree	root_id=workspace-b	3.797	ok
1776705486103	ws	list_tree	root_id=workspace-b	3.982	ok
1776705486104	ws	mkdir	root_id=workspace-b path=facturici/.git/objects/fa	0.231	ok
1776705486108	ws	list_tree	root_id=workspace-b	4.321	ok
1776705486112	ws	list_tree	root_id=workspace-b	4.224	ok
1776705486116	ws	list_tree	root_id=workspace-b	4.065	ok
1776705486117	ws	mkdir	root_id=workspace-b path=facturici/.git/objects/ff	0.187	ok
1776705486121	ws	list_tree	root_id=workspace-b	4.473	ok
1776705486126	ws	list_tree	root_id=workspace-b	4.011	ok
1776705486126	ws	mkdir	root_id=workspace-b path=facturici/.git/objects/c5	0.166	ok
1776705486132	ws	list_tree	root_id=workspace-b	4.105	ok
1776705486136	ws	list_tree	root_id=workspace-b	3.980	ok
1776705486137	ws	mkdir	root_id=workspace-b path=facturici/.git/objects/f1	0.306	ok
1776705486141	ws	list_tree	root_id=workspace-b	4.122	ok
1776705486145	ws	list_tree	root_id=workspace-b	4.149	ok
1776705486150	ws	list_tree	root_id=workspace-b	3.999	ok
1776705486154	ws	list_tree	root_id=workspace-b	4.135	ok
1776705486158	ws	list_tree	root_id=workspace-b	4.311	ok
1776705486159	ws	mkdir	root_id=workspace-b path=facturici/.git/objects/cb	0.153	ok
1776705486163	ws	list_tree	root_id=workspace-b	4.168	ok
1776705486167	ws	list_tree	root_id=workspace-b	3.948	ok
1776705486171	ws	list_tree	root_id=workspace-b	4.153	ok
1776705486171	ws	mkdir	root_id=workspace-b path=facturici/.git/objects/ce	0.153	ok
1776705486176	ws	list_tree	root_id=workspace-b	4.297	ok
1776705486182	ws	list_tree	root_id=workspace-b	4.415	ok
1776705486182	ws	mkdir	root_id=workspace-b path=facturici/.git/objects/e0	0.179	ok
1776705486188	ws	list_tree	root_id=workspace-b	4.168	ok
1776705486192	ws	list_tree	root_id=workspace-b	4.181	ok
1776705486192	ws	mkdir	root_id=workspace-b path=facturici/.git/objects/2c	0.136	ok
1776705486197	ws	list_tree	root_id=workspace-b	4.494	ok
1776705486201	ws	list_tree	root_id=workspace-b	4.064	ok
1776705486206	ws	list_tree	root_id=workspace-b	5.168	ok
1776705486211	ws	list_tree	root_id=workspace-b	4.092	ok
1776705486215	ws	list_tree	root_id=workspace-b	4.193	ok
1776705486215	ws	mkdir	root_id=workspace-b path=facturici/.git/objects/2d	0.179	ok
1776705486219	ws	list_tree	root_id=workspace-b	4.137	ok
1776705486224	ws	list_tree	root_id=workspace-b	4.211	ok
1776705486228	ws	list_tree	root_id=workspace-b	4.414	ok
1776705486229	ws	mkdir	root_id=workspace-b path=facturici/.git/objects/41	0.241	ok
1776705486233	ws	list_tree	root_id=workspace-b	4.074	ok
1776705486237	ws	list_tree	root_id=workspace-b	4.085	ok
1776705486237	ws	mkdir	root_id=workspace-b path=facturici/.git/objects/83	0.273	ok
1776705486242	ws	list_tree	root_id=workspace-b	4.445	ok
1776705486247	ws	list_tree	root_id=workspace-b	4.692	ok
1776705486248	ws	mkdir	root_id=workspace-b path=facturici/.git/objects/77	0.184	ok
1776705486252	ws	list_tree	root_id=workspace-b	4.193	ok
1776705486256	ws	list_tree	root_id=workspace-b	4.044	ok
1776705486260	ws	list_tree	root_id=workspace-b	3.990	ok
1776705486265	ws	list_tree	root_id=workspace-b	4.380	ok
1776705486269	ws	list_tree	root_id=workspace-b	4.037	ok
1776705486269	ws	mkdir	root_id=workspace-b path=facturici/.git/objects/70	0.196	ok
1776705486273	ws	list_tree	root_id=workspace-b	4.166	ok
1776705486277	ws	list_tree	root_id=workspace-b	3.947	ok
1776705486282	ws	list_tree	root_id=workspace-b	4.793	ok
1776705486282	ws	mkdir	root_id=workspace-b path=facturici/.git/objects/24	0.203	ok
1776705486287	ws	list_tree	root_id=workspace-b	4.390	ok
1776705486291	ws	list_tree	root_id=workspace-b	4.199	ok
1776705486291	ws	mkdir	root_id=workspace-b path=facturici/.git/objects/23	0.148	ok
1776705486296	ws	list_tree	root_id=workspace-b	4.356	ok
1776705486300	ws	list_tree	root_id=workspace-b	4.305	ok
1776705486301	ws	mkdir	root_id=workspace-b path=facturici/.git/objects/4f	0.148	ok
1776705486305	ws	list_tree	root_id=workspace-b	4.465	ok
1776705486309	ws	list_tree	root_id=workspace-b	4.206	ok
1776705486314	ws	list_tree	root_id=workspace-b	4.254	ok
1776705486318	ws	list_tree	root_id=workspace-b	4.271	ok
1776705486322	ws	list_tree	root_id=workspace-b	4.228	ok
1776705486323	ws	mkdir	root_id=workspace-b path=facturici/.git/objects/12	0.148	ok
1776705486327	ws	list_tree	root_id=workspace-b	4.180	ok
1776705486331	ws	list_tree	root_id=workspace-b	4.373	ok
1776705486336	ws	list_tree	root_id=workspace-b	4.181	ok
1776705486336	ws	mkdir	root_id=workspace-b path=facturici/.git/objects/8c	0.227	ok
1776705486341	ws	list_tree	root_id=workspace-b	4.445	ok
1776705486346	ws	list_tree	root_id=workspace-b	4.290	ok
1776705486346	ws	mkdir	root_id=workspace-b path=facturici/.git/objects/1d	0.145	ok
1776705486352	ws	list_tree	root_id=workspace-b	4.433	ok
1776705486357	ws	list_tree	root_id=workspace-b	5.098	ok
1776705486358	ws	mkdir	root_id=workspace-b path=facturici/.git/objects/71	0.161	ok
1776705486362	ws	list_tree	root_id=workspace-b	4.460	ok
1776705486367	ws	list_tree	root_id=workspace-b	4.320	ok
1776705486371	ws	list_tree	root_id=workspace-b	4.371	ok
1776705486375	ws	list_tree	root_id=workspace-b	4.252	ok
1776705486380	ws	list_tree	root_id=workspace-b	4.259	ok
1776705486380	ws	mkdir	root_id=workspace-b path=facturici/.git/objects/76	0.140	ok
1776705486384	ws	list_tree	root_id=workspace-b	4.353	ok
1776705486389	ws	list_tree	root_id=workspace-b	4.552	ok
1776705486394	ws	list_tree	root_id=workspace-b	4.384	ok
1776705486394	ws	mkdir	root_id=workspace-b path=facturici/.git/objects/1c	0.349	ok
1776705486398	ws	list_tree	root_id=workspace-b	4.453	ok
1776705486403	ws	list_tree	root_id=workspace-b	4.228	ok
1776705486403	ws	mkdir	root_id=workspace-b path=facturici/.git/objects/49	0.148	ok
1776705486408	ws	list_tree	root_id=workspace-b	4.801	ok
1776705486412	ws	list_tree	root_id=workspace-b	4.347	ok
1776705486413	ws	mkdir	root_id=workspace-b path=facturici/.git/objects/2b	0.176	ok
1776705486417	ws	list_tree	root_id=workspace-b	4.333	ok
1776705486422	ws	list_tree	root_id=workspace-b	4.678	ok
1776705486422	ws	mkdir	root_id=workspace-b path=facturici/.git/objects/47	0.178	ok
1776705486427	ws	list_tree	root_id=workspace-b	4.399	ok
1776705486431	ws	list_tree	root_id=workspace-b	4.700	ok
1776705486436	ws	list_tree	root_id=workspace-b	4.969	ok
1776705486441	ws	list_tree	root_id=workspace-b	4.340	ok
1776705486441	ws	mkdir	root_id=workspace-b path=facturici/.git/objects/78	0.304	ok
1776705486446	ws	list_tree	root_id=workspace-b	4.534	ok
1776705486450	ws	list_tree	root_id=workspace-b	4.403	ok
1776705486455	ws	list_tree	root_id=workspace-b	4.576	ok
1776705486460	ws	list_tree	root_id=workspace-b	4.324	ok
1776705486464	ws	list_tree	root_id=workspace-b	4.650	ok
1776705486464	ws	mkdir	root_id=workspace-b path=facturici/.git/objects/13	0.132	ok
1776705486469	ws	list_tree	root_id=workspace-b	4.506	ok
1776705486474	ws	list_tree	root_id=workspace-b	4.439	ok
1776705486478	ws	list_tree	root_id=workspace-b	4.610	ok
1776705486479	ws	mkdir	root_id=workspace-b path=facturici/.git/objects/7f	0.146	ok
1776705486483	ws	list_tree	root_id=workspace-b	4.601	ok
1776705486488	ws	list_tree	root_id=workspace-b	4.478	ok
1776705486488	ws	mkdir	root_id=workspace-b path=facturici/.git/objects/7a	0.126	ok
1776705486493	ws	list_tree	root_id=workspace-b	4.780	ok
1776705486498	ws	list_tree	root_id=workspace-b	4.546	ok
1776705486498	ws	mkdir	root_id=workspace-b path=facturici/.git/objects/14	0.185	ok
1776705486503	ws	list_tree	root_id=workspace-b	4.842	ok
1776705486508	ws	list_tree	root_id=workspace-b	4.810	ok
1776705486508	ws	mkdir	root_id=workspace-b path=facturici/.git/objects/8e	0.138	ok
1776705486514	ws	list_tree	root_id=workspace-b	5.772	ok
1776705486519	ws	list_tree	root_id=workspace-b	4.494	ok
1776705486524	ws	list_tree	root_id=workspace-b	4.958	ok
1776705486528	ws	list_tree	root_id=workspace-b	4.780	ok
1776705486529	ws	mkdir	root_id=workspace-b path=facturici/.git/objects/25	0.134	ok
1776705486533	ws	list_tree	root_id=workspace-b	4.657	ok
1776705486538	ws	list_tree	root_id=workspace-b	4.868	ok
1776705486543	ws	list_tree	root_id=workspace-b	4.667	ok
1776705486548	ws	list_tree	root_id=workspace-b	4.787	ok
1776705486553	ws	list_tree	root_id=workspace-b	4.659	ok
1776705486553	ws	mkdir	root_id=workspace-b path=facturici/.git/info	0.154	ok
1776705486558	ws	list_tree	root_id=workspace-b	4.521	ok
1776705486562	ws	list_tree	root_id=workspace-b	4.418	ok
1776705486569	ws	list_tree	root_id=workspace-b	4.741	ok
1776705486569	ws	mkdir	root_id=workspace-b path=facturici/.git/logs	0.200	ok
1776705486584	ws	list_tree	root_id=workspace-b	4.852	ok
1776705486585	ws	mkdir	root_id=workspace-b path=facturici/.git/logs/refs	0.137	ok
1776705486600	ws	list_tree	root_id=workspace-b	4.804	ok
1776705486604	ws	list_tree	root_id=workspace-b	4.839	ok
1776705486609	ws	list_tree	root_id=workspace-b	4.587	ok
1776705486609	ws	mkdir	root_id=workspace-b path=facturici/.git/logs/refs/heads	0.158	ok
1776705486615	ws	list_tree	root_id=workspace-b	4.780	ok
1776705486619	ws	list_tree	root_id=workspace-b	4.454	ok
1776705486624	ws	list_tree	root_id=workspace-b	4.569	ok
1776705486626	ws	mkdir	root_id=workspace-b path=facturici/.git/logs/refs/remotes	0.145	ok
1776705486630	ws	list_tree	root_id=workspace-b	4.589	ok
1776705486635	ws	list_tree	root_id=workspace-b	4.584	ok
1776705486640	ws	list_tree	root_id=workspace-b	5.295	ok
1776705486649	ws	list_tree	root_id=workspace-b	5.432	ok
1776705486653	ws	list_tree	root_id=workspace-b	4.751	ok
1776705486654	ws	mkdir	root_id=workspace-b path=facturici/.git/logs/refs/remotes/origin	0.155	ok
1776705486658	ws	list_tree	root_id=workspace-b	4.615	ok
1776705486663	ws	list_tree	root_id=workspace-b	4.666	ok
1776705486668	ws	list_tree	root_id=workspace-b	4.762	ok
1776705486668	ws	mkdir	root_id=workspace-b path=facturici/.git/hooks	0.168	ok
1776705486673	ws	list_tree	root_id=workspace-b	4.872	ok
1776705486678	ws	list_tree	root_id=workspace-b	4.787	ok
1776705486678	ws	mkdir	root_id=workspace-b path=facturici/.git/refs	0.225	ok
1776705486683	ws	list_tree	root_id=workspace-b	4.897	ok
1776705486688	ws	list_tree	root_id=workspace-b	4.852	ok
1776705486689	ws	mkdir	root_id=workspace-b path=facturici/.git/refs/heads	0.166	ok
1776705486694	ws	list_tree	root_id=workspace-b	4.835	ok
1776705486698	ws	list_tree	root_id=workspace-b	4.856	ok
1776705486703	ws	list_tree	root_id=workspace-b	4.829	ok
1776705486708	ws	list_tree	root_id=workspace-b	4.779	ok
1776705486713	ws	list_tree	root_id=workspace-b	4.747	ok
1776705486713	ws	mkdir	root_id=workspace-b path=facturici/.git/refs/tags	0.152	ok
1776705486719	ws	list_tree	root_id=workspace-b	5.233	ok
1776705486724	ws	list_tree	root_id=workspace-b	4.947	ok
1776705486729	ws	list_tree	root_id=workspace-b	5.018	ok
1776705486729	ws	mkdir	root_id=workspace-b path=facturici/.git/refs/remotes	0.180	ok
1776705486734	ws	list_tree	root_id=workspace-b	4.939	ok
1776705486740	ws	list_tree	root_id=workspace-b	5.118	ok
1776705486740	ws	mkdir	root_id=workspace-b path=facturici/.git/refs/remotes/origin	0.185	ok
1776705486745	ws	list_tree	root_id=workspace-b	5.310	ok
1776705486751	ws	list_tree	root_id=workspace-b	5.274	ok
1776705486751	ws	begin_upload	root_id=workspace-b path=facturici/2025/noiembrie/NCD-125325309.pdf size=472541	0.354	ok
1776705486757	ws	list_tree	root_id=workspace-b	5.648	ok
1776705486761	ws	upload_chunk	transfer_id=95dfa488-5111-43c2-b17e-83e26fdd8927	0.122	ok
1776705486761	ws	end_upload	transfer_id=95dfa488-5111-43c2-b17e-83e26fdd8927	0.612	ok
1776705486767	ws	list_tree	root_id=workspace-b	5.203	ok
1776705486773	ws	list_tree	root_id=workspace-b	5.199	ok
1776705486778	ws	list_tree	root_id=workspace-b	5.244	ok
1776705486784	ws	list_tree	root_id=workspace-b	5.230	ok
1776705486784	ws	begin_upload	root_id=workspace-b path=facturici/2025/noiembrie/.DS_Store size=6148	0.320	ok
1776705486789	ws	list_tree	root_id=workspace-b	5.187	ok
1776705486794	ws	list_tree	root_id=workspace-b	5.029	ok
1776705486800	ws	list_tree	root_id=workspace-b	5.121	ok
1776705486805	ws	list_tree	root_id=workspace-b	5.458	ok
1776705486810	ws	list_tree	root_id=workspace-b	4.971	ok
1776705486816	ws	list_tree	root_id=workspace-b	5.589	ok
1776705486821	ws	list_tree	root_id=workspace-b	5.199	ok
1776705486822	ws	upload_chunk	transfer_id=a1c1e7b3-74d8-47e1-b4a6-75b30c6db2f1	0.183	ok
1776705486822	ws	end_upload	transfer_id=a1c1e7b3-74d8-47e1-b4a6-75b30c6db2f1	0.251	ok
1776705486827	ws	list_tree	root_id=workspace-b	4.945	ok
1776705486832	ws	list_tree	root_id=workspace-b	5.037	ok
1776705486837	ws	list_tree	root_id=workspace-b	4.965	ok
1776705486838	ws	begin_upload	root_id=workspace-b path=facturici/2025/noiembrie/Factura #FDB25 83295209.pdf size=32627	0.352	ok
1776705486843	ws	list_tree	root_id=workspace-b	5.135	ok
1776705486843	ws	upload_chunk	transfer_id=7937661e-45a9-4ebc-94b9-331c39d51020	0.081	ok
1776705486844	ws	end_upload	transfer_id=7937661e-45a9-4ebc-94b9-331c39d51020	0.532	ok
1776705486850	ws	list_tree	root_id=workspace-b	5.388	ok
1776705486851	ws	begin_upload	root_id=workspace-b path=facturici/2025/noiembrie/NCD-125361640.pdf size=472404	0.450	ok
1776705486856	ws	upload_chunk	transfer_id=abd1bdd5-9e59-42e5-9408-6addbbab54e8	0.111	ok
1776705486857	ws	end_upload	transfer_id=abd1bdd5-9e59-42e5-9408-6addbbab54e8	0.561	ok
1776705486862	ws	list_tree	root_id=workspace-b	5.098	ok
1776705486868	ws	list_tree	root_id=workspace-b	5.666	ok
1776705486873	ws	list_tree	root_id=workspace-b	4.954	ok
1776705486878	ws	list_tree	root_id=workspace-b	4.943	ok
1776705486883	ws	list_tree	root_id=workspace-b	5.272	ok
1776705486889	ws	list_tree	root_id=workspace-b	5.719	ok
1776705486895	ws	list_tree	root_id=workspace-b	5.027	ok
1776705486900	ws	list_tree	root_id=workspace-b	5.005	ok
1776705486905	ws	list_tree	root_id=workspace-b	4.981	ok
1776705486910	ws	list_tree	root_id=workspace-b	4.808	ok
1776705486915	ws	list_tree	root_id=workspace-b	4.964	ok
1776705486920	ws	list_tree	root_id=workspace-b	5.186	ok
1776705486921	ws	begin_upload	root_id=workspace-b path=facturici/2025/noiembrie/intretinere oct 2025.pdf size=189193	0.326	ok
1776705486926	ws	list_tree	root_id=workspace-b	5.116	ok
1776705486931	ws	list_tree	root_id=workspace-b	4.961	ok
1776705486937	ws	list_tree	root_id=workspace-b	5.363	ok
1776705486942	ws	list_tree	root_id=workspace-b	4.893	ok
1776705486947	ws	list_tree	root_id=workspace-b	4.833	ok
1776705486951	ws	list_tree	root_id=workspace-b	4.669	ok
1776705486957	ws	list_tree	root_id=workspace-b	5.292	ok
1776705486958	ws	upload_chunk	transfer_id=a45484f3-cc6d-4466-9bf4-e1b6bd59aa20	0.075	ok
1776705486959	ws	end_upload	transfer_id=a45484f3-cc6d-4466-9bf4-e1b6bd59aa20	0.277	ok
1776705486964	ws	list_tree	root_id=workspace-b	5.106	ok
1776705486969	ws	list_tree	root_id=workspace-b	4.776	ok
1776705486975	ws	list_tree	root_id=workspace-b	6.772	ok
1776705486976	ws	begin_upload	root_id=workspace-b path=facturici/2025/noiembrie/Bill29112025_080008PM_8000099236_acafefce-6323-48bd-8700-7525eceddd77_.pdf size=430080	0.333	ok
1776705486982	ws	list_tree	root_id=workspace-b	5.873	ok
1776705486986	ws	upload_chunk	transfer_id=e5e9e542-2c1e-44f0-9883-2648228dddee	0.121	ok
1776705486986	ws	end_upload	transfer_id=e5e9e542-2c1e-44f0-9883-2648228dddee	0.384	ok
1776705486991	ws	list_tree	root_id=workspace-b	5.203	ok
1776705486997	ws	list_tree	root_id=workspace-b	5.012	ok
1776705487004	ws	list_tree	root_id=workspace-b	6.481	ok
1776705487009	ws	list_tree	root_id=workspace-b	4.903	ok
1776705487014	ws	list_tree	root_id=workspace-b	5.179	ok
1776705487019	ws	list_tree	root_id=workspace-b	4.787	ok
1776705487019	ws	begin_upload	root_id=workspace-b path=facturici/2025/.DS_Store size=14340	0.333	ok
1776705487025	ws	list_tree	root_id=workspace-b	5.372	ok
1776705487031	ws	list_tree	root_id=workspace-b	6.097	ok
1776705487036	ws	list_tree	root_id=workspace-b	4.952	ok
1776705487041	ws	list_tree	root_id=workspace-b	4.997	ok
1776705487046	ws	list_tree	root_id=workspace-b	4.952	ok
1776705487051	ws	list_tree	root_id=workspace-b	5.178	ok
1776705487058	ws	list_tree	root_id=workspace-b	6.771	ok
1776705487059	ws	upload_chunk	transfer_id=87d74d1b-c7bf-473e-b43f-4a4d3ae2281b	0.096	ok
1776705487059	ws	end_upload	transfer_id=87d74d1b-c7bf-473e-b43f-4a4d3ae2281b	0.399	ok
1776705487065	ws	list_tree	root_id=workspace-b	5.425	ok
1776705487070	ws	list_tree	root_id=workspace-b	5.259	ok
1776705487075	ws	list_tree	root_id=workspace-b	5.020	ok
1776705487076	ws	begin_upload	root_id=workspace-b path=facturici/2025/februarie/Factura #FDB25 29128433.pdf size=48662	0.307	ok
1776705487081	ws	list_tree	root_id=workspace-b	5.533	ok
1776705487082	ws	upload_chunk	transfer_id=8d103cc2-d735-49ec-aa54-f4d1946fb4ee	0.057	ok
1776705487082	ws	end_upload	transfer_id=8d103cc2-d735-49ec-aa54-f4d1946fb4ee	0.315	ok
1776705487087	ws	list_tree	root_id=workspace-b	4.858	ok
1776705487094	ws	list_tree	root_id=workspace-b	5.186	ok
1776705487100	ws	list_tree	root_id=workspace-b	5.508	ok
1776705487105	ws	list_tree	root_id=workspace-b	5.132	ok
1776705487110	ws	list_tree	root_id=workspace-b	5.000	ok
1776705487116	ws	list_tree	root_id=workspace-b	5.544	ok
1776705487116	ws	begin_upload	root_id=workspace-b path=facturici/2025/februarie/F_3185260_2025102.pdf size=358801	0.339	ok
1776705487122	ws	list_tree	root_id=workspace-b	5.721	ok
1776705487127	ws	list_tree	root_id=workspace-b	4.884	ok
1776705487132	ws	list_tree	root_id=workspace-b	5.217	ok
1776705487138	ws	list_tree	root_id=workspace-b	5.756	ok
1776705487144	ws	list_tree	root_id=workspace-b	5.371	ok
1776705487149	ws	list_tree	root_id=workspace-b	4.964	ok
1776705487154	ws	list_tree	root_id=workspace-b	5.019	ok
1776705487157	ws	upload_chunk	transfer_id=405711a6-074e-430b-8e80-08dc2fbd2b09	0.162	ok
1776705487157	ws	end_upload	transfer_id=405711a6-074e-430b-8e80-08dc2fbd2b09	0.666	ok
1776705487164	ws	list_tree	root_id=workspace-b	6.305	ok
1776705487169	ws	list_tree	root_id=workspace-b	5.397	ok
1776705487176	ws	list_tree	root_id=workspace-b	5.463	ok
1776705487177	ws	begin_upload	root_id=workspace-b path=facturici/2025/februarie/intretinere feb.pdf size=180058	0.356	ok
1776705487183	ws	list_tree	root_id=workspace-b	5.782	ok
1776705487184	ws	upload_chunk	transfer_id=5dd617d9-fca3-4ba1-969a-1c7da73a6408	0.170	ok
1776705487185	ws	end_upload	transfer_id=5dd617d9-fca3-4ba1-969a-1c7da73a6408	0.604	ok
1776705487190	ws	list_tree	root_id=workspace-b	5.247	ok
1776705487197	ws	list_tree	root_id=workspace-b	5.234	ok
1776705487202	ws	list_tree	root_id=workspace-b	5.103	ok
1776705487207	ws	list_tree	root_id=workspace-b	5.282	ok
1776705487212	ws	list_tree	root_id=workspace-b	4.982	ok
1776705487218	ws	list_tree	root_id=workspace-b	5.943	ok
1776705487219	ws	begin_upload	root_id=workspace-b path=facturici/2025/februarie/Bill25032025_031119AM_8000099236_ac178166-04df-4834-a03d-5056665aeddb_.pdf size=464896	0.391	ok
1776705487224	ws	list_tree	root_id=workspace-b	5.533	ok
1776705487230	ws	list_tree	root_id=workspace-b	5.213	ok
1776705487236	ws	list_tree	root_id=workspace-b	5.603	ok
1776705487241	ws	list_tree	root_id=workspace-b	4.958	ok
1776705487246	ws	list_tree	root_id=workspace-b	4.990	ok
1776705487251	ws	list_tree	root_id=workspace-b	4.769	ok
1776705487256	ws	list_tree	root_id=workspace-b	5.012	ok
1776705487259	ws	upload_chunk	transfer_id=a092ba1e-a7ec-44b4-8337-78d4cf063101	0.083	ok
1776705487260	ws	end_upload	transfer_id=a092ba1e-a7ec-44b4-8337-78d4cf063101	0.318	ok
1776705487265	ws	list_tree	root_id=workspace-b	5.240	ok
1776705487270	ws	list_tree	root_id=workspace-b	4.981	ok
1776705487275	ws	list_tree	root_id=workspace-b	4.990	ok
1776705487276	ws	begin_upload	root_id=workspace-b path=facturici/2025/septembrie/NCD-125251894.pdf size=472291	0.332	ok
1776705487282	ws	list_tree	root_id=workspace-b	5.594	ok
1776705487286	ws	upload_chunk	transfer_id=25b3523d-f142-44b6-b762-34fe7202b0c5	0.142	ok
1776705487286	ws	end_upload	transfer_id=25b3523d-f142-44b6-b762-34fe7202b0c5	0.528	ok
1776705487292	ws	list_tree	root_id=workspace-b	5.454	ok
1776705487298	ws	list_tree	root_id=workspace-b	5.608	ok
1776705487303	ws	list_tree	root_id=workspace-b	5.026	ok
1776705487308	ws	list_tree	root_id=workspace-b	5.018	ok
1776705487313	ws	list_tree	root_id=workspace-b	5.386	ok
1776705487319	ws	list_tree	root_id=workspace-b	5.199	ok
1776705487320	ws	begin_upload	root_id=workspace-b path=facturici/2025/septembrie/Bill26092025_035106AM_8000099236_f78fa51e-360f-4476-a6c7-94df7c6058cb_.pdf size=396288	0.546	ok
1776705487327	ws	list_tree	root_id=workspace-b	6.873	ok
1776705487332	ws	list_tree	root_id=workspace-b	5.461	ok
1776705487339	ws	list_tree	root_id=workspace-b	6.534	ok
1776705487347	ws	list_tree	root_id=workspace-b	7.440	ok
1776705487355	ws	list_tree	root_id=workspace-b	8.270	ok
1776705487362	ws	list_tree	root_id=workspace-b	6.683	ok
1776705487368	ws	list_tree	root_id=workspace-b	5.365	ok
1776705487372	ws	upload_chunk	transfer_id=6d5f5a52-934a-4eac-98c5-1f0fd1c408b7	0.198	ok
1776705487373	ws	end_upload	transfer_id=6d5f5a52-934a-4eac-98c5-1f0fd1c408b7	0.455	ok
1776705487379	ws	list_tree	root_id=workspace-b	6.279	ok
1776705487385	ws	list_tree	root_id=workspace-b	5.298	ok
1776705487391	ws	list_tree	root_id=workspace-b	6.229	ok
1776705487392	ws	begin_upload	root_id=workspace-b path=facturici/2025/septembrie/Factura #FDB25 69677342.pdf size=32624	0.398	ok
1776705487393	ws	upload_chunk	transfer_id=b23a23c0-c916-4b7e-af9c-db6aa06c0629	0.071	ok
1776705487394	ws	end_upload	transfer_id=b23a23c0-c916-4b7e-af9c-db6aa06c0629	0.287	ok
1776705487402	ws	list_tree	root_id=workspace-b	5.250	ok
1776705487403	ws	begin_upload	root_id=workspace-b path=facturici/2025/septembrie/Factura.pdf size=180073	0.337	ok
1776705487405	ws	upload_chunk	transfer_id=b354c051-973d-4633-84e9-8743e8f80beb	0.075	ok
1776705487406	ws	end_upload	transfer_id=b354c051-973d-4633-84e9-8743e8f80beb	0.257	ok
1776705487415	ws	list_tree	root_id=workspace-b	5.208	ok
1776705487420	ws	list_tree	root_id=workspace-b	5.191	ok
1776705487426	ws	list_tree	root_id=workspace-b	6.028	ok
1776705487432	ws	list_tree	root_id=workspace-b	5.118	ok
1776705487437	ws	list_tree	root_id=workspace-b	5.402	ok
1776705487442	ws	list_tree	root_id=workspace-b	5.185	ok
1776705487448	ws	list_tree	root_id=workspace-b	5.264	ok
1776705487448	ws	begin_upload	root_id=workspace-b path=facturici/2025/octombrie/Factura #FDB25 76483954.pdf size=32620	0.438	ok
1776705487454	ws	list_tree	root_id=workspace-b	5.141	ok
1776705487459	ws	list_tree	root_id=workspace-b	5.131	ok
1776705487464	ws	list_tree	root_id=workspace-b	5.203	ok
1776705487471	ws	list_tree	root_id=workspace-b	6.363	ok
1776705487476	ws	list_tree	root_id=workspace-b	5.228	ok
1776705487481	ws	list_tree	root_id=workspace-b	4.982	ok
1776705487486	ws	list_tree	root_id=workspace-b	5.221	ok
1776705487492	ws	list_tree	root_id=workspace-b	4.990	ok
1776705487497	ws	list_tree	root_id=workspace-b	5.153	ok
1776705487502	ws	list_tree	root_id=workspace-b	4.789	ok
1776705487508	ws	list_tree	root_id=workspace-b	6.581	ok
1776705487514	ws	list_tree	root_id=workspace-b	5.819	ok
1776705487520	ws	list_tree	root_id=workspace-b	5.277	ok
1776705487520	ws	upload_chunk	transfer_id=ad93947c-790a-4f98-99b4-807c5f218abc	0.097	ok
1776705487520	ws	end_upload	transfer_id=ad93947c-790a-4f98-99b4-807c5f218abc	0.302	ok
1776705487526	ws	list_tree	root_id=workspace-b	5.299	ok
1776705487531	ws	list_tree	root_id=workspace-b	5.516	ok
1776705487537	ws	list_tree	root_id=workspace-b	5.205	ok
1776705487537	ws	begin_upload	root_id=workspace-b path=facturici/2025/octombrie/NCD-125289443.pdf size=475778	0.311	ok
1776705487544	ws	upload_chunk	transfer_id=d87a6c52-9888-4287-81c9-6b42810d72f0	0.105	ok
1776705487544	ws	end_upload	transfer_id=d87a6c52-9888-4287-81c9-6b42810d72f0	0.423	ok
1776705487549	ws	list_tree	root_id=workspace-b	5.141	ok
1776705487577	ws	list_tree	root_id=workspace-b	5.483	ok
1776705487582	ws	list_tree	root_id=workspace-b	5.041	ok
1776705487587	ws	list_tree	root_id=workspace-b	4.730	ok
1776705487592	ws	list_tree	root_id=workspace-b	4.782	ok
1776705487597	ws	list_tree	root_id=workspace-b	5.484	ok
1776705487602	ws	list_tree	root_id=workspace-b	4.909	ok
1776705487603	ws	begin_upload	root_id=workspace-b path=facturici/2025/octombrie/Bill27102025_024541AM_8000099236_e4eb4612-3583-496c-b290-d03323a9c262_.pdf size=428032	0.348	ok
1776705487609	ws	list_tree	root_id=workspace-b	5.828	ok
1776705487615	ws	list_tree	root_id=workspace-b	5.030	ok
1776705487620	ws	list_tree	root_id=workspace-b	4.944	ok
1776705487624	ws	list_tree	root_id=workspace-b	4.776	ok
1776705487629	ws	list_tree	root_id=workspace-b	4.769	ok
1776705487634	ws	list_tree	root_id=workspace-b	4.702	ok
1776705487639	ws	list_tree	root_id=workspace-b	5.242	ok
1776705487643	ws	upload_chunk	transfer_id=87b3baf6-b31a-45e1-a16f-e5897fd9a797	0.078	ok
1776705487643	ws	end_upload	transfer_id=87b3baf6-b31a-45e1-a16f-e5897fd9a797	0.298	ok
1776705487648	ws	list_tree	root_id=workspace-b	5.246	ok
1776705487669	ws	list_tree	root_id=workspace-b	5.339	ok
1776705487674	ws	list_tree	root_id=workspace-b	4.989	ok
1776705487674	ws	begin_upload	root_id=workspace-b path=facturici/2025/octombrie/intretinere_oct.pdf size=181671	0.359	ok
1776705487677	ws	upload_chunk	transfer_id=e5183ee5-7c39-48ba-9d3e-194507a891ef	0.109	ok
1776705487678	ws	end_upload	transfer_id=e5183ee5-7c39-48ba-9d3e-194507a891ef	0.514	ok
1776705487683	ws	list_tree	root_id=workspace-b	5.081	ok
1776705487690	ws	list_tree	root_id=workspace-b	6.776	ok
1776705487696	ws	list_tree	root_id=workspace-b	5.491	ok
1776705487701	ws	list_tree	root_id=workspace-b	5.275	ok
1776705487707	ws	list_tree	root_id=workspace-b	5.392	ok
1776705487712	ws	list_tree	root_id=workspace-b	5.320	ok
1776705487717	ws	list_tree	root_id=workspace-b	4.956	ok
1776705487718	ws	begin_upload	root_id=workspace-b path=facturici/2025/iulie/FX-25105890079.PDF size=434821	0.309	ok
1776705487724	ws	list_tree	root_id=workspace-b	5.553	ok
1776705487729	ws	list_tree	root_id=workspace-b	5.125	ok
1776705487734	ws	list_tree	root_id=workspace-b	5.162	ok
1776705487739	ws	list_tree	root_id=workspace-b	4.965	ok
1776705487744	ws	list_tree	root_id=workspace-b	4.908	ok
1776705487750	ws	list_tree	root_id=workspace-b	5.091	ok
1776705487755	ws	list_tree	root_id=workspace-b	4.868	ok
1776705487758	ws	upload_chunk	transfer_id=142d2c26-c9bd-495d-acc8-23ea12a9e65c	0.102	ok
1776705487759	ws	end_upload	transfer_id=142d2c26-c9bd-495d-acc8-23ea12a9e65c	0.298	ok
1776705487765	ws	list_tree	root_id=workspace-b	5.947	ok
1776705487770	ws	list_tree	root_id=workspace-b	5.081	ok
1776705487775	ws	list_tree	root_id=workspace-b	5.165	ok
1776705487776	ws	begin_upload	root_id=workspace-b path=facturici/2025/iulie/06_3047138_NCD-125195517.pdf size=472638	0.298	ok
1776705487781	ws	upload_chunk	transfer_id=af3870e0-e4bf-4e08-af2a-49fd20d80fc1	0.118	ok
1776705487782	ws	end_upload	transfer_id=af3870e0-e4bf-4e08-af2a-49fd20d80fc1	0.382	ok
1776705487788	ws	list_tree	root_id=workspace-b	5.118	ok
1776705487800	ws	list_tree	root_id=workspace-b	5.218	ok
1776705487805	ws	list_tree	root_id=workspace-b	4.968	ok
1776705487811	ws	list_tree	root_id=workspace-b	5.489	ok
1776705487816	ws	list_tree	root_id=workspace-b	5.040	ok
1776705487821	ws	list_tree	root_id=workspace-b	4.986	ok
1776705487826	ws	list_tree	root_id=workspace-b	5.093	ok
1776705487827	ws	begin_upload	root_id=workspace-b path=facturici/2025/iulie/intretinere.pdf size=179212	0.715	ok
1776705487833	ws	list_tree	root_id=workspace-b	5.445	ok
1776705487838	ws	list_tree	root_id=workspace-b	5.011	ok
1776705487844	ws	list_tree	root_id=workspace-b	5.819	ok
1776705487850	ws	list_tree	root_id=workspace-b	5.501	ok
1776705487855	ws	list_tree	root_id=workspace-b	5.216	ok
1776705487860	ws	list_tree	root_id=workspace-b	5.059	ok
1776705487866	ws	list_tree	root_id=workspace-b	5.769	ok
1776705487868	ws	upload_chunk	transfer_id=2d324507-7ba5-48f4-9082-1e256ea19f29	0.120	ok
1776705487868	ws	end_upload	transfer_id=2d324507-7ba5-48f4-9082-1e256ea19f29	0.279	ok
1776705487874	ws	list_tree	root_id=workspace-b	5.714	ok
1776705487880	ws	list_tree	root_id=workspace-b	6.342	ok
1776705487886	ws	list_tree	root_id=workspace-b	5.402	ok
1776705487886	ws	begin_upload	root_id=workspace-b path=facturici/2025/iulie/Factura #FDB25 55984470.pdf size=30929	0.287	ok
1776705487888	ws	upload_chunk	transfer_id=30de2187-a962-4722-b6be-452b536bdb98	0.063	ok
1776705487888	ws	end_upload	transfer_id=30de2187-a962-4722-b6be-452b536bdb98	0.511	ok
1776705487894	ws	list_tree	root_id=workspace-b	5.424	ok
1776705487907	ws	list_tree	root_id=workspace-b	5.102	ok
1776705487913	ws	list_tree	root_id=workspace-b	5.273	ok
1776705487918	ws	list_tree	root_id=workspace-b	5.159	ok
1776705487925	ws	list_tree	root_id=workspace-b	6.467	ok
1776705487931	ws	list_tree	root_id=workspace-b	5.850	ok
1776705487936	ws	list_tree	root_id=workspace-b	5.061	ok
1776705487936	ws	begin_upload	root_id=workspace-b path=facturici/2025/aprilie/Intretinere_aprilie.pdf size=181508	0.394	ok
1776705487942	ws	list_tree	root_id=workspace-b	5.276	ok
1776705487947	ws	list_tree	root_id=workspace-b	5.436	ok
1776705487952	ws	list_tree	root_id=workspace-b	5.065	ok
1776705487957	ws	list_tree	root_id=workspace-b	4.954	ok
1776705487963	ws	list_tree	root_id=workspace-b	5.473	ok
1776705487968	ws	list_tree	root_id=workspace-b	4.916	ok
1776705487973	ws	list_tree	root_id=workspace-b	4.953	ok
1776705487974	ws	upload_chunk	transfer_id=231a391e-8236-4107-8126-2b3bb09bf117	0.071	ok
1776705487975	ws	end_upload	transfer_id=231a391e-8236-4107-8126-2b3bb09bf117	0.269	ok
1776705487980	ws	list_tree	root_id=workspace-b	5.500	ok
1776705487985	ws	list_tree	root_id=workspace-b	5.016	ok
1776705487991	ws	list_tree	root_id=workspace-b	5.112	ok
1776705487991	ws	begin_upload	root_id=workspace-b path=facturici/2025/aprilie/factura-nova-2025-05-17.pdf size=834333	0.278	ok
1776705488002	ws	upload_chunk	transfer_id=def60874-b4ef-4711-8273-4567313671c7	0.176	ok
1776705488002	ws	end_upload	transfer_id=def60874-b4ef-4711-8273-4567313671c7	0.412	ok
1776705488008	ws	list_tree	root_id=workspace-b	5.138	ok
1776705488019	ws	list_tree	root_id=workspace-b	5.170	ok
1776705488024	ws	list_tree	root_id=workspace-b	5.159	ok
1776705488030	ws	list_tree	root_id=workspace-b	5.938	ok
1776705488035	ws	list_tree	root_id=workspace-b	5.000	ok
1776705488041	ws	list_tree	root_id=workspace-b	5.692	ok
1776705488047	ws	list_tree	root_id=workspace-b	5.996	ok
1776705488048	ws	begin_upload	root_id=workspace-b path=facturici/2025/aprilie/FX-25104412932.PDF size=445167	0.338	ok
1776705488053	ws	list_tree	root_id=workspace-b	5.705	ok
1776705488059	ws	list_tree	root_id=workspace-b	5.196	ok
1776705488064	ws	list_tree	root_id=workspace-b	5.332	ok
1776705488069	ws	list_tree	root_id=workspace-b	5.029	ok
1776705488076	ws	list_tree	root_id=workspace-b	6.109	ok
1776705488081	ws	list_tree	root_id=workspace-b	5.412	ok
1776705488087	ws	list_tree	root_id=workspace-b	5.426	ok
1776705488092	ws	list_tree	root_id=workspace-b	5.209	ok
1776705488098	ws	list_tree	root_id=workspace-b	5.470	ok
1776705488103	ws	list_tree	root_id=workspace-b	5.128	ok
1776705488107	ws	upload_chunk	transfer_id=fc27cec0-77a7-4861-bed3-c46a7cd139d7	0.124	ok
1776705488107	ws	end_upload	transfer_id=fc27cec0-77a7-4861-bed3-c46a7cd139d7	0.297	ok
1776705488113	ws	list_tree	root_id=workspace-b	5.586	ok
1776705488118	ws	list_tree	root_id=workspace-b	5.118	ok
1776705488124	ws	list_tree	root_id=workspace-b	5.571	ok
1776705488124	ws	begin_upload	root_id=workspace-b path=facturici/2025/aprilie/Factura #FDB25 42516214.pdf size=48657	0.292	ok
1776705488126	ws	upload_chunk	transfer_id=ff5d46f7-43d2-4043-9610-2ddbb17d6173	0.064	ok
1776705488126	ws	end_upload	transfer_id=ff5d46f7-43d2-4043-9610-2ddbb17d6173	0.258	ok
1776705488134	ws	list_tree	root_id=workspace-b	5.201	ok
1776705488134	ws	begin_upload	root_id=workspace-b path=facturici/2025/august/NCD-125213999.pdf size=473673	0.285	ok
1776705488140	ws	upload_chunk	transfer_id=d87ae5bc-2190-442b-93b1-4d4aaa9f5584	0.117	ok
1776705488140	ws	end_upload	transfer_id=d87ae5bc-2190-442b-93b1-4d4aaa9f5584	0.326	ok
1776705488151	ws	list_tree	root_id=workspace-b	5.906	ok
1776705488156	ws	list_tree	root_id=workspace-b	5.201	ok
1776705488162	ws	list_tree	root_id=workspace-b	5.799	ok
1776705488167	ws	list_tree	root_id=workspace-b	5.312	ok
1776705488173	ws	list_tree	root_id=workspace-b	5.131	ok
1776705488178	ws	list_tree	root_id=workspace-b	5.379	ok
1776705488184	ws	list_tree	root_id=workspace-b	5.299	ok
1776705488184	ws	begin_upload	root_id=workspace-b path=facturici/2025/august/Bill23082025_080109PM_8000099236_28f5bc4c-944d-490a-b88d-b1baae69599e_.pdf size=396288	0.351	ok
1776705488190	ws	list_tree	root_id=workspace-b	5.779	ok
1776705488196	ws	list_tree	root_id=workspace-b	5.879	ok
1776705488201	ws	list_tree	root_id=workspace-b	5.240	ok
1776705488207	ws	list_tree	root_id=workspace-b	5.387	ok
1776705488213	ws	list_tree	root_id=workspace-b	5.656	ok
1776705488218	ws	list_tree	root_id=workspace-b	5.063	ok
1776705488223	ws	list_tree	root_id=workspace-b	5.357	ok
1776705488229	ws	list_tree	root_id=workspace-b	6.031	ok
1776705488235	ws	list_tree	root_id=workspace-b	5.017	ok
1776705488240	ws	list_tree	root_id=workspace-b	5.306	ok
1776705488245	ws	list_tree	root_id=workspace-b	5.266	ok
1776705488250	ws	list_tree	root_id=workspace-b	5.004	ok
1776705488256	ws	list_tree	root_id=workspace-b	5.298	ok
1776705488261	ws	list_tree	root_id=workspace-b	4.936	ok
1776705488266	ws	list_tree	root_id=workspace-b	5.376	ok
1776705488272	ws	list_tree	root_id=workspace-b	5.016	ok
1776705488275	ws	upload_chunk	transfer_id=61cbf121-475b-402b-8458-7cf307c122c6	0.092	ok
1776705488275	ws	end_upload	transfer_id=61cbf121-475b-402b-8458-7cf307c122c6	0.386	ok
1776705488281	ws	list_tree	root_id=workspace-b	5.502	ok
1776705488286	ws	list_tree	root_id=workspace-b	5.248	ok
1776705488292	ws	list_tree	root_id=workspace-b	5.186	ok
1776705488292	ws	begin_upload	root_id=workspace-b path=facturici/2025/august/intretinere_august.pdf size=179762	0.308	ok
1776705488295	ws	upload_chunk	transfer_id=9052f983-6cfe-4d87-9e20-3a3b9346356b	0.122	ok
1776705488295	ws	end_upload	transfer_id=9052f983-6cfe-4d87-9e20-3a3b9346356b	0.457	ok
1776705488301	ws	list_tree	root_id=workspace-b	5.304	ok
1776705488313	ws	begin_upload	root_id=workspace-b path=facturici/2025/august/Factura #FDB25 62750832.pdf size=32625	0.431	ok
1776705488319	ws	list_tree	root_id=workspace-b	5.488	ok
1776705488324	ws	list_tree	root_id=workspace-b	4.938	ok
1776705488330	ws	list_tree	root_id=workspace-b	5.909	ok
1776705488335	ws	list_tree	root_id=workspace-b	5.133	ok
1776705488340	ws	list_tree	root_id=workspace-b	5.184	ok
1776705488346	ws	list_tree	root_id=workspace-b	5.484	ok
1776705488346	ws	upload_chunk	transfer_id=a4f68662-3c5e-4ef6-8e27-d52b0de7ce34	0.082	ok
1776705488347	ws	end_upload	transfer_id=a4f68662-3c5e-4ef6-8e27-d52b0de7ce34	0.378	ok
1776705488352	ws	list_tree	root_id=workspace-b	5.095	ok
1776705488357	ws	list_tree	root_id=workspace-b	5.034	ok
1776705488363	ws	list_tree	root_id=workspace-b	5.605	ok
1776705488368	ws	list_tree	root_id=workspace-b	5.049	ok
1776705488373	ws	list_tree	root_id=workspace-b	5.048	ok
1776705488379	ws	list_tree	root_id=workspace-b	6.128	ok
1776705488385	ws	list_tree	root_id=workspace-b	5.009	ok
1776705488390	ws	list_tree	root_id=workspace-b	5.050	ok
1776705488395	ws	list_tree	root_id=workspace-b	5.365	ok
1776705488400	ws	list_tree	root_id=workspace-b	5.067	ok
1776705488401	ws	begin_upload	root_id=workspace-b path=facturici/2025/martie/factura-nova-2025-02-15.pdf size=354512	0.309	ok
1776705488407	ws	list_tree	root_id=workspace-b	5.568	ok
1776705488412	ws	list_tree	root_id=workspace-b	5.374	ok
1776705488417	ws	list_tree	root_id=workspace-b	5.115	ok
1776705488422	ws	list_tree	root_id=workspace-b	5.044	ok
1776705488428	ws	list_tree	root_id=workspace-b	5.349	ok
1776705488433	ws	list_tree	root_id=workspace-b	5.145	ok
1776705488438	ws	list_tree	root_id=workspace-b	5.146	ok
1776705488441	ws	upload_chunk	transfer_id=b7729015-7263-4de2-b5ed-b6875a610e6e	0.096	ok
1776705488441	ws	end_upload	transfer_id=b7729015-7263-4de2-b5ed-b6875a610e6e	0.293	ok
1776705488447	ws	list_tree	root_id=workspace-b	6.008	ok
1776705488453	ws	list_tree	root_id=workspace-b	5.128	ok
1776705488460	ws	list_tree	root_id=workspace-b	7.525	ok
1776705488462	ws	begin_upload	root_id=workspace-b path=facturici/2025/martie/Bill29052025_032853AM_8000099236_70e7de2c-189a-4309-bf35-551782ad3a94_.pdf size=453632	0.834	ok
1776705488468	ws	upload_chunk	transfer_id=1fb90c9d-9cc3-4d7a-82dc-8a68cd9db1e1	0.122	ok
1776705488468	ws	end_upload	transfer_id=1fb90c9d-9cc3-4d7a-82dc-8a68cd9db1e1	0.306	ok
1776705488475	ws	list_tree	root_id=workspace-b	5.313	ok
1776705488481	ws	list_tree	root_id=workspace-b	5.345	ok
1776705488481	ws	begin_upload	root_id=workspace-b path=facturici/2025/martie/Factura #FDB25 35809600.pdf size=48663	0.329	ok
1776705488482	ws	upload_chunk	transfer_id=0cf297e7-04db-432d-955c-6b8501af8488	0.064	ok
1776705488483	ws	end_upload	transfer_id=0cf297e7-04db-432d-955c-6b8501af8488	0.263	ok
1776705488492	ws	list_tree	root_id=workspace-b	5.395	ok
1776705488498	ws	list_tree	root_id=workspace-b	6.103	ok
1776705488504	ws	list_tree	root_id=workspace-b	5.196	ok
1776705488509	ws	list_tree	root_id=workspace-b	5.110	ok
1776705488514	ws	list_tree	root_id=workspace-b	5.362	ok
1776705488519	ws	list_tree	root_id=workspace-b	4.980	ok
1776705488520	ws	begin_upload	root_id=workspace-b path=facturici/2025/martie/intretinere_martie.pdf size=181850	0.290	ok
1776705488525	ws	list_tree	root_id=workspace-b	5.596	ok
1776705488532	ws	list_tree	root_id=workspace-b	6.186	ok
1776705488537	ws	list_tree	root_id=workspace-b	5.044	ok
1776705488542	ws	list_tree	root_id=workspace-b	5.259	ok
1776705488548	ws	list_tree	root_id=workspace-b	5.394	ok
1776705488553	ws	list_tree	root_id=workspace-b	4.929	ok
1776705488558	ws	list_tree	root_id=workspace-b	5.085	ok
1776705488559	ws	upload_chunk	transfer_id=2cfa33f2-2490-40d0-959c-8b606ac97579	0.066	ok
1776705488560	ws	end_upload	transfer_id=2cfa33f2-2490-40d0-959c-8b606ac97579	0.283	ok
1776705488566	ws	list_tree	root_id=workspace-b	5.767	ok
1776705488571	ws	list_tree	root_id=workspace-b	4.965	ok
1776705488576	ws	list_tree	root_id=workspace-b	5.019	ok
1776705488581	ws	list_tree	root_id=workspace-b	4.779	ok
1776705488585	ws	list_tree	root_id=workspace-b	4.778	ok
1776705488590	ws	list_tree	root_id=workspace-b	4.906	ok
1776705488596	ws	list_tree	root_id=workspace-b	5.211	ok
1776705488601	ws	list_tree	root_id=workspace-b	5.203	ok
1776705488606	ws	list_tree	root_id=workspace-b	5.166	ok
1776705488607	ws	begin_upload	root_id=workspace-b path=facturici/2025/ianuarie/Intretinere_ianuarie.pdf size=178859	0.294	ok
1776705488610	ws	upload_chunk	transfer_id=51898963-5ec7-4d71-96b6-2b6a87a5c374	0.080	ok
1776705488610	ws	end_upload	transfer_id=51898963-5ec7-4d71-96b6-2b6a87a5c374	0.224	ok
1776705488648	ws	list_tree	root_id=workspace-b	5.636	ok
1776705488654	ws	list_tree	root_id=workspace-b	5.899	ok
1776705488659	ws	list_tree	root_id=workspace-b	4.996	ok
1776705488664	ws	list_tree	root_id=workspace-b	5.002	ok
1776705488669	ws	list_tree	root_id=workspace-b	4.743	ok
1776705488674	ws	list_tree	root_id=workspace-b	4.935	ok
1776705488680	ws	list_tree	root_id=workspace-b	6.067	ok
1776705488681	ws	begin_upload	root_id=workspace-b path=facturici/2025/ianuarie/Bill25022025_045046AM_8000099236_7813a5d3-d35d-4392-8643-b106a19219ab_.pdf size=361472	0.520	ok
1776705488687	ws	list_tree	root_id=workspace-b	6.093	ok
1776705488692	ws	list_tree	root_id=workspace-b	5.195	ok
1776705488698	ws	list_tree	root_id=workspace-b	5.209	ok
1776705488703	ws	list_tree	root_id=workspace-b	5.422	ok
1776705488708	ws	list_tree	root_id=workspace-b	4.883	ok
1776705488713	ws	list_tree	root_id=workspace-b	5.105	ok
1776705488719	ws	list_tree	root_id=workspace-b	5.392	ok
1776705488722	ws	upload_chunk	transfer_id=58b938c1-41a3-4427-971e-e0b1792a8ee9	0.069	ok
1776705488722	ws	end_upload	transfer_id=58b938c1-41a3-4427-971e-e0b1792a8ee9	0.288	ok
1776705488727	ws	list_tree	root_id=workspace-b	5.087	ok
1776705488733	ws	list_tree	root_id=workspace-b	5.453	ok
1776705488739	ws	list_tree	root_id=workspace-b	6.130	ok
1776705488740	ws	begin_upload	root_id=workspace-b path=facturici/2025/ianuarie/F_2983908_2024112.pdf size=351913	0.278	ok
1776705488745	ws	upload_chunk	transfer_id=9f207adf-31bd-4685-beb7-4dd8802f7d62	0.075	ok
1776705488745	ws	end_upload	transfer_id=9f207adf-31bd-4685-beb7-4dd8802f7d62	0.460	ok
1776705488756	ws	list_tree	root_id=workspace-b	5.994	ok
1776705488757	ws	begin_upload	root_id=workspace-b path=facturici/2025/ianuarie/Factura #FDB25 15814666.pdf size=48702	0.345	ok
1776705488758	ws	upload_chunk	transfer_id=9e956fa0-446c-4da0-93f1-fdbd5551283b	0.072	ok
1776705488758	ws	end_upload	transfer_id=9e956fa0-446c-4da0-93f1-fdbd5551283b	0.254	ok
1776705488774	ws	list_tree	root_id=workspace-b	5.412	ok
1776705488779	ws	list_tree	root_id=workspace-b	5.118	ok
1776705488784	ws	list_tree	root_id=workspace-b	5.021	ok
1776705488790	ws	list_tree	root_id=workspace-b	5.573	ok
1776705488795	ws	list_tree	root_id=workspace-b	5.327	ok
1776705488800	ws	list_tree	root_id=workspace-b	4.938	ok
1776705488805	ws	list_tree	root_id=workspace-b	5.262	ok
1776705488806	ws	begin_upload	root_id=workspace-b path=facturici/2025/decembrie/Factura #FDB25 90098813.pdf size=32625	0.391	ok
1776705488813	ws	list_tree	root_id=workspace-b	6.396	ok
1776705488818	ws	list_tree	root_id=workspace-b	5.111	ok
1776705488823	ws	list_tree	root_id=workspace-b	5.163	ok
1776705488829	ws	list_tree	root_id=workspace-b	5.767	ok
1776705488834	ws	list_tree	root_id=workspace-b	4.950	ok
1776705488839	ws	list_tree	root_id=workspace-b	4.938	ok
1776705488845	ws	list_tree	root_id=workspace-b	5.474	ok
1776705488850	ws	list_tree	root_id=workspace-b	5.077	ok
1776705488855	ws	list_tree	root_id=workspace-b	4.968	ok
1776705488861	ws	list_tree	root_id=workspace-b	5.576	ok
1776705488866	ws	list_tree	root_id=workspace-b	5.111	ok
1776705488871	ws	list_tree	root_id=workspace-b	4.967	ok
1776705488877	ws	list_tree	root_id=workspace-b	5.373	ok
1776705488877	ws	upload_chunk	transfer_id=4565b5f3-9807-4601-9895-7784fa7fed53	0.088	ok
1776705488877	ws	end_upload	transfer_id=4565b5f3-9807-4601-9895-7784fa7fed53	0.300	ok
1776705488883	ws	list_tree	root_id=workspace-b	5.864	ok
1776705488888	ws	list_tree	root_id=workspace-b	5.077	ok
1776705488894	ws	list_tree	root_id=workspace-b	5.165	ok
1776705488895	ws	begin_upload	root_id=workspace-b path=facturici/2025/decembrie/Factura-intretinere-nov.pdf size=193226	0.453	ok
1776705488899	ws	upload_chunk	transfer_id=5e5fb0c3-60d0-4fa9-ab31-7ded267bfede	0.106	ok
1776705488899	ws	end_upload	transfer_id=5e5fb0c3-60d0-4fa9-ab31-7ded267bfede	0.310	ok
1776705488917	ws	list_tree	root_id=workspace-b	5.295	ok
1776705488922	ws	list_tree	root_id=workspace-b	5.125	ok
1776705488927	ws	list_tree	root_id=workspace-b	4.956	ok
1776705488932	ws	list_tree	root_id=workspace-b	5.501	ok
1776705488938	ws	list_tree	root_id=workspace-b	4.955	ok
1776705488943	ws	list_tree	root_id=workspace-b	5.134	ok
1776705488948	ws	list_tree	root_id=workspace-b	5.186	ok
1776705488949	ws	begin_upload	root_id=workspace-b path=facturici/2025/decembrie/NCD-125384521.pdf size=678192	0.440	ok
1776705488956	ws	list_tree	root_id=workspace-b	7.289	ok
1776705488962	ws	list_tree	root_id=workspace-b	5.402	ok
1776705488967	ws	list_tree	root_id=workspace-b	5.061	ok
1776705488972	ws	list_tree	root_id=workspace-b	5.491	ok
1776705488977	ws	list_tree	root_id=workspace-b	4.868	ok
1776705488983	ws	list_tree	root_id=workspace-b	5.389	ok
1776705488988	ws	list_tree	root_id=workspace-b	5.521	ok
1776705488994	ws	upload_chunk	transfer_id=241ce225-dcb8-46e3-b68f-c3d2eff61a35	0.120	ok
1776705488994	ws	end_upload	transfer_id=241ce225-dcb8-46e3-b68f-c3d2eff61a35	0.407	ok
1776705489000	ws	list_tree	root_id=workspace-b	5.267	ok
1776705489005	ws	list_tree	root_id=workspace-b	5.523	ok
1776705489011	ws	list_tree	root_id=workspace-b	5.172	ok
1776705489011	ws	begin_upload	root_id=workspace-b path=facturici/2025/decembrie/Bill24122025_065126PM_8000099236_a31f1426-28c4-48a5-b229-6aaa478ade75_.pdf size=553984	0.290	ok
1776705489018	ws	upload_chunk	transfer_id=1163a0b9-b745-449f-89ed-133838f0b216	0.084	ok
1776705489018	ws	end_upload	transfer_id=1163a0b9-b745-449f-89ed-133838f0b216	0.287	ok
1776705489027	ws	list_tree	root_id=workspace-b	5.524	ok
1776705489028	ws	begin_upload	root_id=workspace-b path=facturici/2025/iunie/Factura #FDB25 49222907.pdf size=30922	0.395	ok
1776705489030	ws	upload_chunk	transfer_id=7ea6c2e6-00f0-496b-8321-63a94e86239d	0.070	ok
1776705489030	ws	end_upload	transfer_id=7ea6c2e6-00f0-496b-8321-63a94e86239d	0.269	ok
1776705489047	ws	list_tree	root_id=workspace-b	5.955	ok
1776705489052	ws	list_tree	root_id=workspace-b	5.146	ok
1776705489058	ws	list_tree	root_id=workspace-b	5.219	ok
1776705489064	ws	list_tree	root_id=workspace-b	5.936	ok
1776705489069	ws	list_tree	root_id=workspace-b	5.247	ok
1776705489074	ws	list_tree	root_id=workspace-b	4.953	ok
1776705489079	ws	list_tree	root_id=workspace-b	5.141	ok
1776705489080	ws	begin_upload	root_id=workspace-b path=facturici/2025/iunie/intretinere.pdf size=179463	0.295	ok
1776705489086	ws	list_tree	root_id=workspace-b	5.929	ok
1776705489091	ws	list_tree	root_id=workspace-b	5.062	ok
1776705489096	ws	list_tree	root_id=workspace-b	5.063	ok
1776705489102	ws	list_tree	root_id=workspace-b	5.475	ok
1776705489108	ws	list_tree	root_id=workspace-b	6.093	ok
1776705489113	ws	list_tree	root_id=workspace-b	5.059	ok
1776705489118	ws	list_tree	root_id=workspace-b	4.953	ok
1776705489124	ws	list_tree	root_id=workspace-b	5.569	ok
1776705489129	ws	list_tree	root_id=workspace-b	5.081	ok
1776705489134	ws	list_tree	root_id=workspace-b	4.946	ok
1776705489139	ws	list_tree	root_id=workspace-b	5.247	ok
1776705489145	ws	list_tree	root_id=workspace-b	5.269	ok
1776705489150	ws	list_tree	root_id=workspace-b	4.933	ok
1776705489151	ws	upload_chunk	transfer_id=7facc1ee-b2c1-482c-b4c0-04bacd67f628	0.073	ok
1776705489151	ws	end_upload	transfer_id=7facc1ee-b2c1-482c-b4c0-04bacd67f628	0.296	ok
1776705489157	ws	list_tree	root_id=workspace-b	5.340	ok
1776705489163	ws	list_tree	root_id=workspace-b	5.290	ok
1776705489168	ws	list_tree	root_id=workspace-b	5.077	ok
1776705489168	ws	begin_upload	root_id=workspace-b path=facturici/2025/iunie/curent.pdf size=537600	0.380	ok
1776705489176	ws	upload_chunk	transfer_id=e34b0ce1-9af4-4d8b-804d-7b14d0fa4dec	0.096	ok
1776705489176	ws	end_upload	transfer_id=e34b0ce1-9af4-4d8b-804d-7b14d0fa4dec	0.323	ok
1776705489183	ws	list_tree	root_id=workspace-b	5.621	ok
1776705489194	ws	begin_upload	root_id=workspace-b path=facturici/2025/iunie/05_3047138_NCD-125158986.pdf size=924630	0.395	ok
1776705489201	ws	list_tree	root_id=workspace-b	6.513	ok
1776705489206	ws	list_tree	root_id=workspace-b	5.142	ok
1776705489212	ws	list_tree	root_id=workspace-b	5.177	ok
1776705489217	ws	list_tree	root_id=workspace-b	5.585	ok
1776705489223	ws	list_tree	root_id=workspace-b	5.231	ok
1776705489228	ws	list_tree	root_id=workspace-b	5.148	ok
1776705489233	ws	list_tree	root_id=workspace-b	5.120	ok
1776705489241	ws	upload_chunk	transfer_id=0e478da9-cfa4-4107-9cd9-a7e16109d0ec	0.239	ok
1776705489241	ws	end_upload	transfer_id=0e478da9-cfa4-4107-9cd9-a7e16109d0ec	0.364	ok
1776705489247	ws	list_tree	root_id=workspace-b	6.177	ok
1776705489253	ws	list_tree	root_id=workspace-b	5.136	ok
1776705489259	ws	list_tree	root_id=workspace-b	5.633	ok
1776705489264	ws	list_tree	root_id=workspace-b	5.046	ok
1776705489269	ws	list_tree	root_id=workspace-b	4.959	ok
1776705489274	ws	list_tree	root_id=workspace-b	5.117	ok
1776705489280	ws	list_tree	root_id=workspace-b	5.789	ok
1776705489285	ws	list_tree	root_id=workspace-b	4.993	ok
1776705489290	ws	list_tree	root_id=workspace-b	4.954	ok
1776705489291	ws	begin_upload	root_id=workspace-b path=facturici/2024/mai/.DS_Store size=6148	0.320	ok
1776705489296	ws	list_tree	root_id=workspace-b	5.847	ok
1776705489302	ws	list_tree	root_id=workspace-b	5.039	ok
1776705489307	ws	list_tree	root_id=workspace-b	5.101	ok
1776705489321	ws	list_tree	root_id=workspace-b	14.281	ok
1776705489330	ws	list_tree	root_id=workspace-b	8.715	ok
1776705489336	ws	list_tree	root_id=workspace-b	6.019	ok
1776705489342	ws	list_tree	root_id=workspace-b	5.414	ok
1776705489342	ws	upload_chunk	transfer_id=b922aa93-c91a-4ab0-9cf5-33268ef29408	0.081	ok
1776705489342	ws	end_upload	transfer_id=b922aa93-c91a-4ab0-9cf5-33268ef29408	0.328	ok
1776705489348	ws	list_tree	root_id=workspace-b	5.546	ok
1776705489353	ws	list_tree	root_id=workspace-b	4.947	ok
1776705489359	ws	list_tree	root_id=workspace-b	5.616	ok
1776705489361	ws	begin_upload	root_id=workspace-b path=facturici/2024/mai/intretinere_aprilie.pdf size=193904	0.419	ok
1776705489364	ws	upload_chunk	transfer_id=d4f3deeb-00c3-44a2-b18c-fa28998ec371	0.095	ok
1776705489365	ws	end_upload	transfer_id=d4f3deeb-00c3-44a2-b18c-fa28998ec371	0.303	ok
1776705489384	ws	list_tree	root_id=workspace-b	5.750	ok
1776705489389	ws	list_tree	root_id=workspace-b	5.082	ok
1776705489395	ws	list_tree	root_id=workspace-b	5.189	ok
1776705489400	ws	list_tree	root_id=workspace-b	5.245	ok
1776705489406	ws	list_tree	root_id=workspace-b	6.283	ok
1776705489412	ws	list_tree	root_id=workspace-b	5.125	ok
1776705489417	ws	list_tree	root_id=workspace-b	5.029	ok
1776705489417	ws	begin_upload	root_id=workspace-b path=facturici/2024/mai/FX-24102991895.PDF size=228090	0.396	ok
1776705489423	ws	list_tree	root_id=workspace-b	5.746	ok
1776705489429	ws	list_tree	root_id=workspace-b	5.595	ok
1776705489435	ws	list_tree	root_id=workspace-b	6.126	ok
1776705489440	ws	list_tree	root_id=workspace-b	5.097	ok
1776705489446	ws	list_tree	root_id=workspace-b	5.890	ok
1776705489451	ws	list_tree	root_id=workspace-b	5.144	ok
1776705489456	ws	list_tree	root_id=workspace-b	4.976	ok
1776705489458	ws	upload_chunk	transfer_id=5eaa6570-17bc-4847-9d22-c7aede5972b0	0.066	ok
1776705489458	ws	end_upload	transfer_id=5eaa6570-17bc-4847-9d22-c7aede5972b0	0.319	ok
1776705489464	ws	list_tree	root_id=workspace-b	5.650	ok
1776705489475	ws	list_tree	root_id=workspace-b	5.445	ok
1776705489481	ws	list_tree	root_id=workspace-b	6.084	ok
1776705489482	ws	begin_upload	root_id=workspace-b path=facturici/2024/mai/Factura #FDB24 41111563.pdf size=46524	0.350	ok
1776705489483	ws	upload_chunk	transfer_id=c357e750-7a1f-4689-81b9-444a849685e0	0.073	ok
1776705489483	ws	end_upload	transfer_id=c357e750-7a1f-4689-81b9-444a849685e0	0.282	ok
1776705489498	ws	list_tree	root_id=workspace-b	5.810	ok
1776705489498	ws	begin_upload	root_id=workspace-b path=facturici/2024/mai/10629745830.pdf size=477930	0.312	ok
1776705489504	ws	upload_chunk	transfer_id=39c9e250-afff-4212-b7c3-b142b7b11b13	0.094	ok
1776705489504	ws	end_upload	transfer_id=39c9e250-afff-4212-b7c3-b142b7b11b13	0.260	ok
1776705489521	ws	list_tree	root_id=workspace-b	5.540	ok
1776705489526	ws	list_tree	root_id=workspace-b	5.010	ok
1776705489532	ws	list_tree	root_id=workspace-b	5.216	ok
1776705489537	ws	list_tree	root_id=workspace-b	5.281	ok
1776705489543	ws	list_tree	root_id=workspace-b	5.761	ok
1776705489548	ws	list_tree	root_id=workspace-b	5.272	ok
1776705489553	ws	list_tree	root_id=workspace-b	5.013	ok
1776705489554	ws	begin_upload	root_id=workspace-b path=facturici/2024/noiembrie/F_2835892_2024110.pdf size=349930	0.298	ok
1776705489562	ws	list_tree	root_id=workspace-b	7.880	ok
1776705489568	ws	list_tree	root_id=workspace-b	6.085	ok
1776705489574	ws	list_tree	root_id=workspace-b	5.800	ok
1776705489579	ws	list_tree	root_id=workspace-b	5.219	ok
1776705489584	ws	list_tree	root_id=workspace-b	4.894	ok
1776705489589	ws	list_tree	root_id=workspace-b	5.153	ok
1776705489594	ws	list_tree	root_id=workspace-b	5.125	ok
1776705489600	ws	list_tree	root_id=workspace-b	5.057	ok
1776705489605	ws	list_tree	root_id=workspace-b	4.879	ok
1776705489610	ws	list_tree	root_id=workspace-b	4.955	ok
1776705489615	ws	list_tree	root_id=workspace-b	5.140	ok
1776705489620	ws	list_tree	root_id=workspace-b	5.430	ok
1776705489625	ws	list_tree	root_id=workspace-b	5.122	ok
1776705489628	ws	upload_chunk	transfer_id=68c37f68-45b7-4eeb-b27e-590fb74ad698	0.103	ok
1776705489629	ws	end_upload	transfer_id=68c37f68-45b7-4eeb-b27e-590fb74ad698	0.326	ok
1776705489634	ws	list_tree	root_id=workspace-b	5.173	ok
1776705489675	ws	list_tree	root_id=workspace-b	5.427	ok
1776705489680	ws	list_tree	root_id=workspace-b	5.132	ok
1776705489680	ws	begin_upload	root_id=workspace-b path=facturici/2024/noiembrie/Factura #FDB24 80095446.pdf size=48721	0.317	ok
1776705489684	ws	upload_chunk	transfer_id=105ce511-52b0-4584-9a1f-414ade7dfaf3	0.092	ok
1776705489684	ws	end_upload	transfer_id=105ce511-52b0-4584-9a1f-414ade7dfaf3	0.296	ok
1776705489699	ws	list_tree	root_id=workspace-b	5.762	ok
1776705489704	ws	list_tree	root_id=workspace-b	4.961	ok
1776705489709	ws	list_tree	root_id=workspace-b	4.984	ok
1776705489715	ws	list_tree	root_id=workspace-b	5.548	ok
1776705489720	ws	list_tree	root_id=workspace-b	5.291	ok
1776705489725	ws	list_tree	root_id=workspace-b	4.977	ok
1776705489730	ws	list_tree	root_id=workspace-b	5.144	ok
1776705489731	ws	begin_upload	root_id=workspace-b path=facturici/2024/noiembrie/intretinere octombrie.pdf size=178355	0.335	ok
1776705489736	ws	list_tree	root_id=workspace-b	5.559	ok
1776705489742	ws	list_tree	root_id=workspace-b	5.465	ok
1776705489748	ws	list_tree	root_id=workspace-b	5.543	ok
1776705489753	ws	list_tree	root_id=workspace-b	5.110	ok
1776705489758	ws	list_tree	root_id=workspace-b	5.355	ok
1776705489765	ws	list_tree	root_id=workspace-b	6.217	ok
1776705489770	ws	list_tree	root_id=workspace-b	5.077	ok
1776705489772	ws	upload_chunk	transfer_id=7487b157-7136-48f5-8ed6-d5a50503278c	0.101	ok
1776705489772	ws	end_upload	transfer_id=7487b157-7136-48f5-8ed6-d5a50503278c	0.330	ok
1776705489778	ws	list_tree	root_id=workspace-b	5.659	ok
1776705489786	ws	list_tree	root_id=workspace-b	5.697	ok
1776705489791	ws	list_tree	root_id=workspace-b	5.207	ok
1776705489792	ws	begin_upload	root_id=workspace-b path=facturici/2024/noiembrie/Bill26112024_042209AM_8000099236_dfbdd3b1-f792-497f-a09d-804d632de1e8_.pdf size=289792	0.363	ok
1776705489796	ws	upload_chunk	transfer_id=09320347-eb7b-4d62-b08f-cb454b13d753	0.100	ok
1776705489796	ws	end_upload	transfer_id=09320347-eb7b-4d62-b08f-cb454b13d753	0.367	ok
1776705489808	ws	list_tree	root_id=workspace-b	5.454	ok
1776705489809	ws	begin_upload	root_id=workspace-b path=facturici/2024/.DS_Store size=12292	0.389	ok
1776705489810	ws	upload_chunk	transfer_id=1230a963-7216-411f-a30e-96e89c1c0caf	0.080	ok
1776705489810	ws	end_upload	transfer_id=1230a963-7216-411f-a30e-96e89c1c0caf	0.264	ok
1776705489830	ws	list_tree	root_id=workspace-b	5.714	ok
1776705489836	ws	list_tree	root_id=workspace-b	5.333	ok
1776705489842	ws	list_tree	root_id=workspace-b	5.068	ok
1776705489847	ws	list_tree	root_id=workspace-b	5.429	ok
1776705489853	ws	list_tree	root_id=workspace-b	5.812	ok
1776705489858	ws	list_tree	root_id=workspace-b	5.161	ok
1776705489864	ws	list_tree	root_id=workspace-b	5.163	ok
1776705489864	ws	begin_upload	root_id=workspace-b path=facturici/2024/februarie/.DS_Store size=6148	0.316	ok
1776705489869	ws	list_tree	root_id=workspace-b	5.376	ok
1776705489875	ws	list_tree	root_id=workspace-b	5.912	ok
1776705489881	ws	list_tree	root_id=workspace-b	5.547	ok
1776705489886	ws	list_tree	root_id=workspace-b	5.031	ok
1776705489892	ws	list_tree	root_id=workspace-b	5.177	ok
1776705489897	ws	list_tree	root_id=workspace-b	5.657	ok
1776705489903	ws	list_tree	root_id=workspace-b	5.340	ok
1776705489909	ws	list_tree	root_id=workspace-b	5.380	ok
1776705489914	ws	list_tree	root_id=workspace-b	5.103	ok
1776705489920	ws	list_tree	root_id=workspace-b	5.627	ok
1776705489925	ws	list_tree	root_id=workspace-b	5.186	ok
1776705489930	ws	list_tree	root_id=workspace-b	5.001	ok
1776705489935	ws	list_tree	root_id=workspace-b	5.082	ok
1776705489935	ws	upload_chunk	transfer_id=43a8236b-3f76-4bc2-a7a0-5b25b9f77b81	0.097	ok
1776705489936	ws	end_upload	transfer_id=43a8236b-3f76-4bc2-a7a0-5b25b9f77b81	0.266	ok
1776705489941	ws	list_tree	root_id=workspace-b	5.527	ok
1776705489947	ws	list_tree	root_id=workspace-b	5.326	ok
1776705489952	ws	list_tree	root_id=workspace-b	5.303	ok
1776705489953	ws	begin_upload	root_id=workspace-b path=facturici/2024/februarie/Bill09032024_041203AM_8000099236_9ec5069b-d656-4fd9-845b-078e8d024ccf_.pdf size=296960	0.286	ok
1776705489957	ws	upload_chunk	transfer_id=29a8575c-4c7a-4eaa-b9bf-939077aa1dee	0.094	ok
1776705489957	ws	end_upload	transfer_id=29a8575c-4c7a-4eaa-b9bf-939077aa1dee	0.292	ok
1776705489967	ws	list_tree	root_id=workspace-b	5.622	ok
1776705489968	ws	begin_upload	root_id=workspace-b path=facturici/2024/februarie/Factura_ianuarie.pdf size=172149	0.294	ok
1776705489971	ws	upload_chunk	transfer_id=0ff8f236-d2d4-45ae-8b75-3110e8484084	0.067	ok
1776705489971	ws	end_upload	transfer_id=0ff8f236-d2d4-45ae-8b75-3110e8484084	0.240	ok
1776705489991	ws	list_tree	root_id=workspace-b	5.470	ok
1776705489997	ws	list_tree	root_id=workspace-b	5.153	ok
1776705490002	ws	list_tree	root_id=workspace-b	5.121	ok
1776705490007	ws	list_tree	root_id=workspace-b	5.151	ok
1776705490013	ws	list_tree	root_id=workspace-b	5.831	ok
1776705490018	ws	list_tree	root_id=workspace-b	5.310	ok
1776705490024	ws	list_tree	root_id=workspace-b	5.041	ok
1776705490024	ws	begin_upload	root_id=workspace-b path=facturici/2024/februarie/Factura #FDB24 21915392.pdf size=46486	0.304	ok
1776705490029	ws	list_tree	root_id=workspace-b	5.417	ok
1776705490035	ws	list_tree	root_id=workspace-b	5.531	ok
1776705490041	ws	list_tree	root_id=workspace-b	5.697	ok
1776705490047	ws	list_tree	root_id=workspace-b	6.304	ok
1776705490053	ws	list_tree	root_id=workspace-b	5.203	ok
1776705490058	ws	list_tree	root_id=workspace-b	5.307	ok
1776705490064	ws	list_tree	root_id=workspace-b	5.694	ok
1776705490069	ws	list_tree	root_id=workspace-b	5.147	ok
1776705490074	ws	list_tree	root_id=workspace-b	5.031	ok
1776705490080	ws	list_tree	root_id=workspace-b	5.593	ok
1776705490086	ws	list_tree	root_id=workspace-b	5.530	ok
1776705490091	ws	list_tree	root_id=workspace-b	5.137	ok
1776705490096	ws	list_tree	root_id=workspace-b	5.165	ok
1776705490096	ws	upload_chunk	transfer_id=73acc105-5bcf-4003-bb81-a31ee63f6729	0.071	ok
1776705490097	ws	end_upload	transfer_id=73acc105-5bcf-4003-bb81-a31ee63f6729	0.313	ok
1776705490102	ws	list_tree	root_id=workspace-b	5.493	ok
1776705490108	ws	list_tree	root_id=workspace-b	5.466	ok
1776705490114	ws	list_tree	root_id=workspace-b	6.333	ok
1776705490115	ws	begin_upload	root_id=workspace-b path=facturici/2024/februarie/10132467057.pdf size=489315	0.356	ok
1776705490121	ws	upload_chunk	transfer_id=aa66c180-c83d-47cb-b361-9eb9ce581fe9	0.116	ok
1776705490121	ws	end_upload	transfer_id=aa66c180-c83d-47cb-b361-9eb9ce581fe9	0.310	ok
1776705490132	ws	list_tree	root_id=workspace-b	5.683	ok
1776705490133	ws	begin_upload	root_id=workspace-b path=facturici/2024/septembrie/.DS_Store size=6148	0.322	ok
1776705490134	ws	upload_chunk	transfer_id=3e9a61d3-28b5-48ca-99e3-f658c5d64591	0.056	ok
1776705490134	ws	end_upload	transfer_id=3e9a61d3-28b5-48ca-99e3-f658c5d64591	0.364	ok
1776705490155	ws	list_tree	root_id=workspace-b	5.415	ok
1776705490160	ws	list_tree	root_id=workspace-b	5.383	ok
1776705490166	ws	list_tree	root_id=workspace-b	5.287	ok
1776705490171	ws	list_tree	root_id=workspace-b	5.123	ok
1776705490177	ws	list_tree	root_id=workspace-b	5.879	ok
1776705490182	ws	list_tree	root_id=workspace-b	5.511	ok
1776705490189	ws	list_tree	root_id=workspace-b	6.431	ok
1776705490189	ws	begin_upload	root_id=workspace-b path=facturici/2024/septembrie/Factura #FDB24 67017019.pdf size=48719	0.349	ok
1776705490195	ws	list_tree	root_id=workspace-b	5.584	ok
1776705490201	ws	list_tree	root_id=workspace-b	5.358	ok
1776705490206	ws	list_tree	root_id=workspace-b	5.654	ok
1776705490212	ws	list_tree	root_id=workspace-b	5.277	ok
1776705490217	ws	list_tree	root_id=workspace-b	5.424	ok
1776705490223	ws	list_tree	root_id=workspace-b	5.484	ok
1776705490229	ws	list_tree	root_id=workspace-b	5.789	ok
1776705490234	ws	list_tree	root_id=workspace-b	5.229	ok
1776705490239	ws	list_tree	root_id=workspace-b	4.971	ok
1776705490244	ws	list_tree	root_id=workspace-b	5.234	ok
1776705490250	ws	list_tree	root_id=workspace-b	5.574	ok
1776705490256	ws	list_tree	root_id=workspace-b	5.296	ok
1776705490262	ws	list_tree	root_id=workspace-b	6.390	ok
1776705490262	ws	upload_chunk	transfer_id=f20ef6d0-5f5a-4d4f-baec-c5b3dbf65e1b	0.066	ok
1776705490263	ws	end_upload	transfer_id=f20ef6d0-5f5a-4d4f-baec-c5b3dbf65e1b	0.347	ok
1776705490268	ws	list_tree	root_id=workspace-b	5.190	ok
1776705490274	ws	list_tree	root_id=workspace-b	5.698	ok
1776705490280	ws	list_tree	root_id=workspace-b	5.552	ok
1776705490280	ws	begin_upload	root_id=workspace-b path=facturici/2024/septembrie/F_2723486_2024108.pdf size=349584	0.316	ok
1776705490284	ws	upload_chunk	transfer_id=c5ff1c28-575e-4366-9204-f243a7f450ef	0.079	ok
1776705490285	ws	end_upload	transfer_id=c5ff1c28-575e-4366-9204-f243a7f450ef	0.252	ok
1776705490301	ws	list_tree	root_id=workspace-b	5.895	ok
1776705490302	ws	begin_upload	root_id=workspace-b path=facturici/2024/septembrie/Factura_sept.pdf size=191781	0.289	ok
1776705490305	ws	upload_chunk	transfer_id=fa1c4827-44f9-4a3e-bc54-9b9681f4a88b	0.072	ok
1776705490305	ws	end_upload	transfer_id=fa1c4827-44f9-4a3e-bc54-9b9681f4a88b	0.250	ok
1776705490325	ws	list_tree	root_id=workspace-b	5.659	ok
1776705490332	ws	list_tree	root_id=workspace-b	6.412	ok
1776705490337	ws	list_tree	root_id=workspace-b	5.090	ok
1776705490342	ws	list_tree	root_id=workspace-b	5.206	ok
1776705490348	ws	list_tree	root_id=workspace-b	6.053	ok
1776705490354	ws	list_tree	root_id=workspace-b	5.326	ok
1776705490359	ws	list_tree	root_id=workspace-b	5.071	ok
1776705490364	ws	list_tree	root_id=workspace-b	5.203	ok
1776705490370	ws	list_tree	root_id=workspace-b	5.292	ok
1776705490375	ws	list_tree	root_id=workspace-b	5.584	ok
1776705490381	ws	list_tree	root_id=workspace-b	5.381	ok
1776705490386	ws	list_tree	root_id=workspace-b	5.193	ok
1776705490391	ws	list_tree	root_id=workspace-b	5.202	ok
1776705490392	ws	begin_upload	root_id=workspace-b path=facturici/2024/septembrie/FX-24105568325.PDF size=311903	0.349	ok
1776705490398	ws	list_tree	root_id=workspace-b	6.172	ok
1776705490405	ws	list_tree	root_id=workspace-b	6.478	ok
1776705490410	ws	list_tree	root_id=workspace-b	5.109	ok
1776705490415	ws	list_tree	root_id=workspace-b	5.268	ok
1776705490420	ws	list_tree	root_id=workspace-b	5.244	ok
1776705490426	ws	list_tree	root_id=workspace-b	5.646	ok
1776705490432	ws	list_tree	root_id=workspace-b	5.195	ok
1776705490434	ws	upload_chunk	transfer_id=f2b0a345-5d1c-4bee-bc1b-25f73be9bdc1	0.103	ok
1776705490434	ws	end_upload	transfer_id=f2b0a345-5d1c-4bee-bc1b-25f73be9bdc1	0.313	ok
1776705490440	ws	list_tree	root_id=workspace-b	5.339	ok
1776705490450	ws	list_tree	root_id=workspace-b	5.588	ok
1776705490456	ws	list_tree	root_id=workspace-b	5.801	ok
1776705490456	ws	begin_upload	root_id=workspace-b path=facturici/2024/octombrie/F_2776684_2024109.pdf size=351107	0.304	ok
1776705490461	ws	upload_chunk	transfer_id=86bcbded-007b-4603-b1de-67dd45efe3ba	0.111	ok
1776705490461	ws	end_upload	transfer_id=86bcbded-007b-4603-b1de-67dd45efe3ba	0.288	ok
1776705490475	ws	list_tree	root_id=workspace-b	6.815	ok
1776705490476	ws	begin_upload	root_id=workspace-b path=facturici/2024/octombrie/Factura #FDB24 73552335.pdf size=48720	0.295	ok
1776705490477	ws	upload_chunk	transfer_id=b3043d9e-d212-4a0e-ac22-aa8bb4d11a34	0.057	ok
1776705490478	ws	end_upload	transfer_id=b3043d9e-d212-4a0e-ac22-aa8bb4d11a34	0.447	ok
1776705490500	ws	list_tree	root_id=workspace-b	5.574	ok
1776705490505	ws	list_tree	root_id=workspace-b	5.280	ok
1776705490511	ws	list_tree	root_id=workspace-b	5.107	ok
1776705490516	ws	list_tree	root_id=workspace-b	5.426	ok
1776705490522	ws	list_tree	root_id=workspace-b	5.654	ok
1776705490528	ws	list_tree	root_id=workspace-b	5.791	ok
1776705490533	ws	list_tree	root_id=workspace-b	5.122	ok
1776705490539	ws	list_tree	root_id=workspace-b	6.334	ok
1776705490545	ws	list_tree	root_id=workspace-b	5.564	ok
1776705490551	ws	list_tree	root_id=workspace-b	5.652	ok
1776705490557	ws	list_tree	root_id=workspace-b	5.475	ok
1776705490562	ws	list_tree	root_id=workspace-b	5.222	ok
1776705490567	ws	list_tree	root_id=workspace-b	5.126	ok
1776705490567	ws	begin_upload	root_id=workspace-b path=facturici/2024/octombrie/Bill26102024_062722PM_8000099236_4278a572-29e4-4c17-8c11-f395b604c82a_.pdf size=272384	0.317	ok
1776705490573	ws	list_tree	root_id=workspace-b	5.758	ok
1776705490579	ws	list_tree	root_id=workspace-b	5.643	ok
1776705490584	ws	list_tree	root_id=workspace-b	5.239	ok
1776705490590	ws	list_tree	root_id=workspace-b	5.056	ok
1776705490595	ws	list_tree	root_id=workspace-b	5.161	ok
1776705490600	ws	list_tree	root_id=workspace-b	4.987	ok
1776705490605	ws	list_tree	root_id=workspace-b	4.950	ok
1776705490607	ws	upload_chunk	transfer_id=ad5406ee-5e32-4a77-a06e-510a29526386	0.059	ok
1776705490608	ws	end_upload	transfer_id=ad5406ee-5e32-4a77-a06e-510a29526386	0.778	ok
1776705490646	ws	list_tree	root_id=workspace-b	5.660	ok
1776705490646	ws	begin_upload	root_id=workspace-b path=facturici/2024/octombrie/Factura_septembrie.pdf size=191077	0.315	ok
1776705490649	ws	upload_chunk	transfer_id=09e681c1-d9b5-4dfa-bdf0-11aeba2f9312	0.082	ok
1776705490649	ws	end_upload	transfer_id=09e681c1-d9b5-4dfa-bdf0-11aeba2f9312	0.227	ok
1776705490697	ws	list_tree	root_id=workspace-b	5.706	ok
1776705490703	ws	list_tree	root_id=workspace-b	5.221	ok
1776705490708	ws	list_tree	root_id=workspace-b	5.190	ok
1776705490713	ws	list_tree	root_id=workspace-b	5.309	ok
1776705490719	ws	list_tree	root_id=workspace-b	5.777	ok
1776705490725	ws	list_tree	root_id=workspace-b	5.382	ok
1776705490731	ws	list_tree	root_id=workspace-b	6.382	ok
1776705490737	ws	list_tree	root_id=workspace-b	5.460	ok
1776705490742	ws	list_tree	root_id=workspace-b	5.312	ok
1776705490743	ws	begin_upload	root_id=workspace-b path=facturici/2024/iulie/Bill24072024_020845AM_8000099236_bc5c7243-fa77-404b-b56c-361393dd8053_.pdf size=386048	0.579	ok
1776705490750	ws	list_tree	root_id=workspace-b	6.622	ok
1776705490755	ws	list_tree	root_id=workspace-b	5.426	ok
1776705490760	ws	list_tree	root_id=workspace-b	5.130	ok
1776705490766	ws	list_tree	root_id=workspace-b	5.227	ok
1776705490771	ws	list_tree	root_id=workspace-b	5.571	ok
1776705490777	ws	list_tree	root_id=workspace-b	5.353	ok
1776705490783	ws	list_tree	root_id=workspace-b	5.722	ok
1776705490786	ws	upload_chunk	transfer_id=d17a024c-73a0-4aaf-94d7-29715c8c9235	0.076	ok
1776705490787	ws	end_upload	transfer_id=d17a024c-73a0-4aaf-94d7-29715c8c9235	0.698	ok
1776705490792	ws	list_tree	root_id=workspace-b	5.389	ok
1776705490801	ws	list_tree	root_id=workspace-b	6.259	ok
1776705490808	ws	list_tree	root_id=workspace-b	6.601	ok
1776705490809	ws	begin_upload	root_id=workspace-b path=facturici/2024/iulie/Factura #FDB24 54017205.pdf size=48717	0.336	ok
1776705490810	ws	upload_chunk	transfer_id=1cef4fda-948e-475e-8fa1-732fc73ab022	0.055	ok
1776705490810	ws	end_upload	transfer_id=1cef4fda-948e-475e-8fa1-732fc73ab022	0.216	ok
1776705490828	ws	list_tree	root_id=workspace-b	5.584	ok
1776705490828	ws	begin_upload	root_id=workspace-b path=facturici/2024/iulie/Factura_Iun2024_Ap_Nr1_CT_5_Terezian_Bl_22B_Ap_4.pdf size=190440	0.340	ok
1776705490831	ws	upload_chunk	transfer_id=6f784fbe-b00e-4d44-8c57-876b97d2fbe1	0.060	ok
1776705490831	ws	end_upload	transfer_id=6f784fbe-b00e-4d44-8c57-876b97d2fbe1	0.218	ok
1776705490854	ws	list_tree	root_id=workspace-b	5.564	ok
1776705490859	ws	list_tree	root_id=workspace-b	5.260	ok
1776705490864	ws	list_tree	root_id=workspace-b	5.277	ok
1776705490870	ws	list_tree	root_id=workspace-b	5.228	ok
1776705490876	ws	list_tree	root_id=workspace-b	6.302	ok
1776705490882	ws	list_tree	root_id=workspace-b	6.002	ok
1776705490888	ws	list_tree	root_id=workspace-b	5.197	ok
1776705490893	ws	list_tree	root_id=workspace-b	5.090	ok
1776705490898	ws	list_tree	root_id=workspace-b	5.442	ok
1776705490904	ws	list_tree	root_id=workspace-b	5.493	ok
1776705490910	ws	list_tree	root_id=workspace-b	5.764	ok
1776705490915	ws	list_tree	root_id=workspace-b	5.510	ok
1776705490921	ws	list_tree	root_id=workspace-b	5.250	ok
1776705490921	ws	begin_upload	root_id=workspace-b path=facturici/2024/iulie/F_2596092_2024106.pdf size=338724	0.323	ok
1776705490927	ws	list_tree	root_id=workspace-b	5.766	ok
1776705490933	ws	list_tree	root_id=workspace-b	5.541	ok
1776705490938	ws	list_tree	root_id=workspace-b	5.462	ok
1776705490945	ws	list_tree	root_id=workspace-b	6.332	ok
1776705490950	ws	list_tree	root_id=workspace-b	5.267	ok
1776705490955	ws	list_tree	root_id=workspace-b	5.253	ok
1776705490961	ws	list_tree	root_id=workspace-b	5.873	ok
1776705490964	ws	upload_chunk	transfer_id=cdab6f23-4c95-45cd-9dfd-f4585b17b3d4	0.104	ok
1776705490964	ws	end_upload	transfer_id=cdab6f23-4c95-45cd-9dfd-f4585b17b3d4	0.308	ok
1776705490970	ws	list_tree	root_id=workspace-b	5.360	ok
1776705490988	ws	list_tree	root_id=workspace-b	5.612	ok
1776705490993	ws	list_tree	root_id=workspace-b	5.098	ok
1776705490994	ws	begin_upload	root_id=workspace-b path=facturici/2024/aprilie/.DS_Store size=6148	0.431	ok
1776705490995	ws	upload_chunk	transfer_id=dbea9da3-3e23-4dd3-9974-39c3ced61bf8	0.060	ok
1776705490995	ws	end_upload	transfer_id=dbea9da3-3e23-4dd3-9974-39c3ced61bf8	0.285	ok
1776705491015	ws	list_tree	root_id=workspace-b	6.694	ok
1776705491021	ws	list_tree	root_id=workspace-b	5.305	ok
1776705491026	ws	list_tree	root_id=workspace-b	5.182	ok
1776705491032	ws	list_tree	root_id=workspace-b	5.833	ok
1776705491038	ws	list_tree	root_id=workspace-b	5.862	ok
1776705491043	ws	list_tree	root_id=workspace-b	5.334	ok
1776705491048	ws	list_tree	root_id=workspace-b	5.273	ok
1776705491049	ws	begin_upload	root_id=workspace-b path=facturici/2024/aprilie/Factura-martie.pdf size=193151	0.306	ok
1776705491054	ws	list_tree	root_id=workspace-b	5.607	ok
1776705491060	ws	list_tree	root_id=workspace-b	5.264	ok
1776705491066	ws	list_tree	root_id=workspace-b	5.886	ok
1776705491072	ws	list_tree	root_id=workspace-b	5.538	ok
1776705491077	ws	list_tree	root_id=workspace-b	5.308	ok
1776705491084	ws	list_tree	root_id=workspace-b	6.538	ok
1776705491089	ws	list_tree	root_id=workspace-b	5.275	ok
1776705491091	ws	upload_chunk	transfer_id=1a41de5f-5f44-4dbc-a664-cb2210da8ff5	0.077	ok
1776705491091	ws	end_upload	transfer_id=1a41de5f-5f44-4dbc-a664-cb2210da8ff5	0.333	ok
1776705491098	ws	list_tree	root_id=workspace-b	5.762	ok
1776705491118	ws	begin_upload	root_id=workspace-b path=facturici/2024/aprilie/Factura #FDB24 34697120.pdf size=46528	0.468	ok
1776705491124	ws	list_tree	root_id=workspace-b	6.066	ok
1776705491130	ws	list_tree	root_id=workspace-b	5.484	ok
1776705491135	ws	list_tree	root_id=workspace-b	5.598	ok
1776705491136	ws	upload_chunk	transfer_id=b580f7fd-6c59-4d1b-a8fa-609954bb0023	0.133	ok
1776705491136	ws	end_upload	transfer_id=b580f7fd-6c59-4d1b-a8fa-609954bb0023	0.312	ok
1776705491153	ws	list_tree	root_id=workspace-b	6.872	ok
1776705491159	ws	list_tree	root_id=workspace-b	5.627	ok
1776705491164	ws	list_tree	root_id=workspace-b	5.175	ok
1776705491169	ws	list_tree	root_id=workspace-b	5.241	ok
1776705491175	ws	list_tree	root_id=workspace-b	5.567	ok
1776705491181	ws	list_tree	root_id=workspace-b	6.050	ok
1776705491181	ws	begin_upload	root_id=workspace-b path=facturici/2024/aprilie/10231373071.pdf size=489195	0.345	ok
1776705491187	ws	list_tree	root_id=workspace-b	5.853	ok
1776705491193	ws	list_tree	root_id=workspace-b	5.257	ok
1776705491198	ws	list_tree	root_id=workspace-b	5.506	ok
1776705491204	ws	list_tree	root_id=workspace-b	5.691	ok
1776705491208	ws	upload_chunk	transfer_id=a96de1d9-7ba5-4351-b413-7a69521ab39f	0.120	ok
1776705491209	ws	end_upload	transfer_id=a96de1d9-7ba5-4351-b413-7a69521ab39f	0.360	ok
1776705491214	ws	list_tree	root_id=workspace-b	5.509	ok
1776705491221	ws	list_tree	root_id=workspace-b	6.440	ok
1776705491226	ws	list_tree	root_id=workspace-b	5.347	ok
1776705491232	ws	list_tree	root_id=workspace-b	5.731	ok
1776705491238	ws	list_tree	root_id=workspace-b	5.468	ok
1776705491243	ws	list_tree	root_id=workspace-b	5.316	ok
1776705491249	ws	list_tree	root_id=workspace-b	5.352	ok
1776705491254	ws	list_tree	root_id=workspace-b	5.182	ok
1776705491260	ws	list_tree	root_id=workspace-b	5.862	ok
1776705491260	ws	begin_upload	root_id=workspace-b path=facturici/2024/august/F_2629426_2024107.pdf size=344482	0.319	ok
1776705491266	ws	list_tree	root_id=workspace-b	6.047	ok
1776705491272	ws	list_tree	root_id=workspace-b	5.241	ok
1776705491277	ws	list_tree	root_id=workspace-b	5.396	ok
1776705491283	ws	list_tree	root_id=workspace-b	5.305	ok
1776705491290	ws	list_tree	root_id=workspace-b	6.963	ok
1776705491295	ws	list_tree	root_id=workspace-b	5.486	ok
1776705491301	ws	list_tree	root_id=workspace-b	5.207	ok
1776705491303	ws	upload_chunk	transfer_id=6503b477-7a58-4968-b638-c7e0a083a051	0.069	ok
1776705491303	ws	end_upload	transfer_id=6503b477-7a58-4968-b638-c7e0a083a051	0.301	ok
1776705491309	ws	list_tree	root_id=workspace-b	5.420	ok
1776705491318	ws	list_tree	root_id=workspace-b	5.765	ok
1776705491324	ws	list_tree	root_id=workspace-b	5.221	ok
1776705491324	ws	begin_upload	root_id=workspace-b path=facturici/2024/august/Factura #FDB24 60510328.pdf size=48721	0.357	ok
1776705491325	ws	upload_chunk	transfer_id=70736efc-6122-4595-a367-ec9a6208b89b	0.065	ok
1776705491326	ws	end_upload	transfer_id=70736efc-6122-4595-a367-ec9a6208b89b	0.221	ok
1776705491346	ws	list_tree	root_id=workspace-b	5.730	ok
1776705491346	ws	begin_upload	root_id=workspace-b path=facturici/2024/august/Bill26082024_010843AM_8000099236_979d68e6-4046-48f1-91c4-d702a71db30e_.pdf size=215040	0.354	ok
1776705491349	ws	upload_chunk	transfer_id=8832b455-31a6-4f48-be56-fd0cc6024142	0.078	ok
1776705491349	ws	end_upload	transfer_id=8832b455-31a6-4f48-be56-fd0cc6024142	0.257	ok
1776705491374	ws	list_tree	root_id=workspace-b	5.645	ok
1776705491380	ws	list_tree	root_id=workspace-b	5.280	ok
1776705491385	ws	list_tree	root_id=workspace-b	5.170	ok
1776705491390	ws	list_tree	root_id=workspace-b	5.330	ok
1776705491396	ws	list_tree	root_id=workspace-b	5.762	ok
1776705491402	ws	list_tree	root_id=workspace-b	5.946	ok
1776705491408	ws	list_tree	root_id=workspace-b	5.402	ok
1776705491413	ws	list_tree	root_id=workspace-b	5.260	ok
1776705491419	ws	list_tree	root_id=workspace-b	6.100	ok
1776705491426	ws	list_tree	root_id=workspace-b	6.496	ok
1776705491432	ws	list_tree	root_id=workspace-b	6.046	ok
1776705491438	ws	list_tree	root_id=workspace-b	5.656	ok
1776705491444	ws	list_tree	root_id=workspace-b	5.374	ok
1776705491444	ws	begin_upload	root_id=workspace-b path=facturici/2024/august/Factura.pdf size=191370	0.282	ok
1776705491450	ws	list_tree	root_id=workspace-b	5.858	ok
1776705491455	ws	list_tree	root_id=workspace-b	5.363	ok
1776705491461	ws	list_tree	root_id=workspace-b	5.881	ok
1776705491467	ws	list_tree	root_id=workspace-b	5.671	ok
1776705491472	ws	list_tree	root_id=workspace-b	5.216	ok
1776705491478	ws	list_tree	root_id=workspace-b	5.135	ok
1776705491483	ws	list_tree	root_id=workspace-b	5.483	ok
1776705491485	ws	upload_chunk	transfer_id=e7a1fe96-d63f-4aed-b17e-8d4fc6d9da24	0.090	ok
1776705491485	ws	end_upload	transfer_id=e7a1fe96-d63f-4aed-b17e-8d4fc6d9da24	0.306	ok
1776705491491	ws	list_tree	root_id=workspace-b	5.890	ok
1776705491499	ws	list_tree	root_id=workspace-b	7.581	ok
1776705491505	ws	list_tree	root_id=workspace-b	5.848	ok
1776705491515	ws	begin_upload	root_id=workspace-b path=facturici/2024/martie/Factura_februarie.pdf size=193233	0.393	ok
1776705491521	ws	list_tree	root_id=workspace-b	5.939	ok
1776705491523	ws	upload_chunk	transfer_id=0b79936c-9ad8-4028-bbd0-cb5061a8b760	0.066	ok
1776705491523	ws	end_upload	transfer_id=0b79936c-9ad8-4028-bbd0-cb5061a8b760	0.273	ok
1776705491548	ws	list_tree	root_id=workspace-b	5.744	ok
1776705491554	ws	list_tree	root_id=workspace-b	5.200	ok
1776705491561	ws	list_tree	root_id=workspace-b	6.780	ok
1776705491566	ws	list_tree	root_id=workspace-b	5.389	ok
1776705491572	ws	list_tree	root_id=workspace-b	5.350	ok
1776705491577	ws	list_tree	root_id=workspace-b	5.803	ok
1776705491578	ws	begin_upload	root_id=workspace-b path=facturici/2024/martie/Bill26042024_114326PM_8000099236_e3b321d3-4ca3-4d08-9fb8-907ddfc7ec23_.pdf size=231424	0.350	ok
1776705491584	ws	list_tree	root_id=workspace-b	5.880	ok
1776705491589	ws	list_tree	root_id=workspace-b	5.159	ok
1776705491595	ws	list_tree	root_id=workspace-b	5.444	ok
1776705491600	ws	list_tree	root_id=workspace-b	5.475	ok
1776705491605	ws	list_tree	root_id=workspace-b	5.108	ok
1776705491611	ws	list_tree	root_id=workspace-b	5.264	ok
1776705491616	ws	list_tree	root_id=workspace-b	5.182	ok
1776705491617	ws	upload_chunk	transfer_id=30571e1d-2358-4e87-b020-d1f832be67b4	0.069	ok
1776705491618	ws	end_upload	transfer_id=30571e1d-2358-4e87-b020-d1f832be67b4	0.378	ok
1776705491659	ws	list_tree	root_id=workspace-b	5.624	ok
1776705491660	ws	begin_upload	root_id=workspace-b path=facturici/2024/martie/Factura #FDB24 28293213.pdf size=46486	0.365	ok
1776705491661	ws	upload_chunk	transfer_id=29ef12cd-ec83-44c9-a85f-d88a0bc6910f	0.061	ok
1776705491661	ws	end_upload	transfer_id=29ef12cd-ec83-44c9-a85f-d88a0bc6910f	0.322	ok
1776705491709	ws	list_tree	root_id=workspace-b	5.636	ok
1776705491714	ws	list_tree	root_id=workspace-b	5.542	ok
1776705491720	ws	list_tree	root_id=workspace-b	5.261	ok
1776705491725	ws	list_tree	root_id=workspace-b	5.292	ok
1776705491731	ws	list_tree	root_id=workspace-b	5.631	ok
1776705491737	ws	list_tree	root_id=workspace-b	5.878	ok
1776705491742	ws	list_tree	root_id=workspace-b	5.254	ok
1776705491748	ws	list_tree	root_id=workspace-b	5.240	ok
1776705491754	ws	list_tree	root_id=workspace-b	6.583	ok
1776705491755	ws	begin_upload	root_id=workspace-b path=facturici/2024/martie/10330629526.pdf size=489229	0.308	ok
1776705491761	ws	list_tree	root_id=workspace-b	6.033	ok
1776705491767	ws	list_tree	root_id=workspace-b	6.094	ok
1776705491773	ws	list_tree	root_id=workspace-b	5.574	ok
1776705491778	ws	list_tree	root_id=workspace-b	5.300	ok
1776705491784	ws	list_tree	root_id=workspace-b	5.235	ok
1776705491789	ws	list_tree	root_id=workspace-b	5.228	ok
1776705491795	ws	list_tree	root_id=workspace-b	5.963	ok
1776705491798	ws	upload_chunk	transfer_id=e64b39ae-1455-4f08-a3bc-de4f1a1cb68d	0.111	ok
1776705491799	ws	end_upload	transfer_id=e64b39ae-1455-4f08-a3bc-de4f1a1cb68d	0.611	ok
1776705491805	ws	list_tree	root_id=workspace-b	5.491	ok
1776705491828	ws	list_tree	root_id=workspace-b	6.911	ok
1776705491834	ws	list_tree	root_id=workspace-b	5.387	ok
1776705491834	ws	begin_upload	root_id=workspace-b path=facturici/2024/ianuarie/Factura_decembrie.pdf size=191043	0.299	ok
1776705491838	ws	upload_chunk	transfer_id=418d61be-a085-41fa-b1bb-57d11ac63518	0.076	ok
1776705491838	ws	end_upload	transfer_id=418d61be-a085-41fa-b1bb-57d11ac63518	0.237	ok
1776705491857	ws	list_tree	root_id=workspace-b	5.635	ok
1776705491863	ws	list_tree	root_id=workspace-b	5.342	ok
1776705491869	ws	list_tree	root_id=workspace-b	5.494	ok
1776705491874	ws	list_tree	root_id=workspace-b	5.322	ok
1776705491880	ws	list_tree	root_id=workspace-b	5.635	ok
1776705491886	ws	list_tree	root_id=workspace-b	6.005	ok
1776705491892	ws	list_tree	root_id=workspace-b	6.526	ok
1776705491893	ws	begin_upload	root_id=workspace-b path=facturici/2024/ianuarie/Factura #FDB24 15537410.pdf size=46485	0.312	ok
1776705491899	ws	list_tree	root_id=workspace-b	5.782	ok
1776705491904	ws	list_tree	root_id=workspace-b	5.304	ok
1776705491910	ws	list_tree	root_id=workspace-b	5.432	ok
1776705491916	ws	list_tree	root_id=workspace-b	6.380	ok
1776705491922	ws	list_tree	root_id=workspace-b	5.741	ok
1776705491927	ws	list_tree	root_id=workspace-b	5.245	ok
1776705491933	ws	list_tree	root_id=workspace-b	5.420	ok
1776705491933	ws	upload_chunk	transfer_id=1b6424a3-534e-4e66-a8ac-86243cc13440	0.067	ok
1776705491934	ws	end_upload	transfer_id=1b6424a3-534e-4e66-a8ac-86243cc13440	0.294	ok
1776705491947	ws	list_tree	root_id=workspace-b	6.176	ok
1776705491948	ws	begin_upload	root_id=workspace-b path=facturici/2024/ianuarie/FX-24100488469.PDF size=226487	0.326	ok
1776705491951	ws	upload_chunk	transfer_id=ce0075fa-d692-46aa-b39e-63ab133470d4	0.081	ok
1776705491951	ws	end_upload	transfer_id=ce0075fa-d692-46aa-b39e-63ab133470d4	0.255	ok
1776705491979	ws	list_tree	root_id=workspace-b	6.363	ok
1776705491985	ws	list_tree	root_id=workspace-b	5.875	ok
1776705491990	ws	list_tree	root_id=workspace-b	5.214	ok
1776705491991	ws	begin_upload	root_id=workspace-b path=facturici/2024/ianuarie/10728233192.pdf size=1830465	0.356	ok
1776705492004	ws	upload_chunk	transfer_id=d6d67402-3c5b-45d7-b28f-3b290ed48371	0.145	ok
1776705492010	ws	upload_chunk	transfer_id=d6d67402-3c5b-45d7-b28f-3b290ed48371	0.101	ok
1776705492011	ws	end_upload	transfer_id=d6d67402-3c5b-45d7-b28f-3b290ed48371	0.679	ok
1776705492016	ws	list_tree	root_id=workspace-b	5.593	ok
1776705492023	ws	list_tree	root_id=workspace-b	6.468	ok
1776705492029	ws	list_tree	root_id=workspace-b	5.894	ok
1776705492035	ws	list_tree	root_id=workspace-b	5.974	ok
1776705492041	ws	list_tree	root_id=workspace-b	5.875	ok
1776705492047	ws	list_tree	root_id=workspace-b	5.654	ok
1776705492052	ws	list_tree	root_id=workspace-b	5.342	ok
1776705492058	ws	list_tree	root_id=workspace-b	5.310	ok
1776705492063	ws	list_tree	root_id=workspace-b	5.456	ok
1776705492069	ws	list_tree	root_id=workspace-b	5.821	ok
1776705492075	ws	list_tree	root_id=workspace-b	5.734	ok
1776705492081	ws	list_tree	root_id=workspace-b	5.444	ok
1776705492086	ws	list_tree	root_id=workspace-b	5.397	ok
1776705492092	ws	list_tree	root_id=workspace-b	5.304	ok
1776705492092	ws	begin_upload	root_id=workspace-b path=facturici/2024/decembrie/Factura #FDB24 86615323.pdf size=48698	0.275	ok
1776705492099	ws	list_tree	root_id=workspace-b	7.206	ok
1776705492105	ws	list_tree	root_id=workspace-b	5.889	ok
1776705492111	ws	list_tree	root_id=workspace-b	5.720	ok
1776705492117	ws	list_tree	root_id=workspace-b	5.272	ok
1776705492122	ws	list_tree	root_id=workspace-b	5.425	ok
1776705492128	ws	list_tree	root_id=workspace-b	5.558	ok
1776705492134	ws	list_tree	root_id=workspace-b	5.945	ok
1776705492139	ws	list_tree	root_id=workspace-b	5.294	ok
1776705492145	ws	list_tree	root_id=workspace-b	5.430	ok
1776705492145	ws	upload_chunk	transfer_id=2a24d0af-0ba4-4fc4-b42a-a0f1dddae503	0.067	ok
1776705492145	ws	end_upload	transfer_id=2a24d0af-0ba4-4fc4-b42a-a0f1dddae503	0.288	ok
1776705492151	ws	list_tree	root_id=workspace-b	5.424	ok
1776705492166	ws	list_tree	root_id=workspace-b	7.509	ok
1776705492172	ws	list_tree	root_id=workspace-b	5.324	ok
1776705492172	ws	begin_upload	root_id=workspace-b path=facturici/2024/decembrie/Factura_Noi2024_Ap_Nr1_CT_5_Terezian_Bl_22B_Ap_4.pdf size=180443	0.371	ok
1776705492175	ws	upload_chunk	transfer_id=4d91c615-a088-400a-af23-74f3b7868b80	0.087	ok
1776705492175	ws	end_upload	transfer_id=4d91c615-a088-400a-af23-74f3b7868b80	0.296	ok
1776705492196	ws	list_tree	root_id=workspace-b	6.082	ok
1776705492202	ws	list_tree	root_id=workspace-b	5.350	ok
1776705492207	ws	list_tree	root_id=workspace-b	5.280	ok
1776705492213	ws	list_tree	root_id=workspace-b	5.472	ok
1776705492218	ws	list_tree	root_id=workspace-b	5.503	ok
1776705492225	ws	list_tree	root_id=workspace-b	6.118	ok
1776705492232	ws	list_tree	root_id=workspace-b	6.826	ok
1776705492232	ws	begin_upload	root_id=workspace-b path=facturici/2024/decembrie/Bill23122024_070026PM_8000099218_e6bffc46-1fc9-4ce8-805f-f81a35ca983a_.pdf size=387072	0.291	ok
1776705492238	ws	list_tree	root_id=workspace-b	6.010	ok
1776705492244	ws	list_tree	root_id=workspace-b	5.357	ok
1776705492249	ws	list_tree	root_id=workspace-b	5.708	ok
1776705492255	ws	list_tree	root_id=workspace-b	5.427	ok
1776705492261	ws	list_tree	root_id=workspace-b	5.984	ok
1776705492267	ws	list_tree	root_id=workspace-b	5.609	ok
1776705492272	ws	list_tree	root_id=workspace-b	5.414	ok
1776705492275	ws	upload_chunk	transfer_id=5fd0d265-4e49-4b21-a8bc-850788d26458	0.102	ok
1776705492276	ws	end_upload	transfer_id=5fd0d265-4e49-4b21-a8bc-850788d26458	0.410	ok
1776705492282	ws	list_tree	root_id=workspace-b	5.733	ok
1776705492291	ws	list_tree	root_id=workspace-b	5.854	ok
1776705492298	ws	list_tree	root_id=workspace-b	6.565	ok
1776705492299	ws	begin_upload	root_id=workspace-b path=facturici/2024/decembrie/F_2895326_2024111.pdf size=355436	0.332	ok
1776705492303	ws	upload_chunk	transfer_id=5423785b-1e25-403b-838f-96132ddd4f26	0.080	ok
1776705492303	ws	end_upload	transfer_id=5423785b-1e25-403b-838f-96132ddd4f26	0.251	ok
1776705492324	ws	list_tree	root_id=workspace-b	6.226	ok
1776705492325	ws	begin_upload	root_id=workspace-b path=facturici/2024/iunie/10133367936.pdf size=478320	0.337	ok
1776705492330	ws	upload_chunk	transfer_id=f9f4ad47-fdec-45b9-b1a6-c29075abb803	0.097	ok
1776705492331	ws	end_upload	transfer_id=f9f4ad47-fdec-45b9-b1a6-c29075abb803	0.718	ok
1776705492354	ws	list_tree	root_id=workspace-b	5.707	ok
1776705492360	ws	list_tree	root_id=workspace-b	5.472	ok
1776705492367	ws	list_tree	root_id=workspace-b	6.825	ok
1776705492372	ws	list_tree	root_id=workspace-b	5.381	ok
1776705492378	ws	list_tree	root_id=workspace-b	5.651	ok
1776705492384	ws	list_tree	root_id=workspace-b	5.707	ok
1776705492390	ws	list_tree	root_id=workspace-b	6.014	ok
1776705492396	ws	list_tree	root_id=workspace-b	5.396	ok
1776705492401	ws	list_tree	root_id=workspace-b	5.227	ok
1776705492406	ws	list_tree	root_id=workspace-b	5.357	ok
1776705492412	ws	list_tree	root_id=workspace-b	5.497	ok
1776705492418	ws	list_tree	root_id=workspace-b	5.513	ok
1776705492424	ws	list_tree	root_id=workspace-b	5.947	ok
1776705492424	ws	begin_upload	root_id=workspace-b path=facturici/2024/iunie/Factura #FDB24 47540622.pdf size=48362	0.393	ok
1776705492430	ws	list_tree	root_id=workspace-b	5.806	ok
1776705492437	ws	list_tree	root_id=workspace-b	6.485	ok
1776705492442	ws	list_tree	root_id=workspace-b	5.523	ok
1776705492448	ws	list_tree	root_id=workspace-b	5.738	ok
1776705492454	ws	list_tree	root_id=workspace-b	5.805	ok
1776705492459	ws	list_tree	root_id=workspace-b	5.290	ok
1776705492465	ws	list_tree	root_id=workspace-b	5.375	ok
1776705492465	ws	upload_chunk	transfer_id=1ffa6156-7c30-4014-be3e-b43062a1fc71	0.065	ok
1776705492465	ws	end_upload	transfer_id=1ffa6156-7c30-4014-be3e-b43062a1fc71	0.304	ok
1776705492471	ws	list_tree	root_id=workspace-b	5.408	ok
1776705492486	ws	list_tree	root_id=workspace-b	5.737	ok
1776705492491	ws	list_tree	root_id=workspace-b	5.393	ok
1776705492491	ws	begin_upload	root_id=workspace-b path=facturici/2024/iunie/Factura_Mai2024_Ap_Nr1_CT_5_Terezian_Bl_22B_Ap_4.pdf size=193085	0.324	ok
1776705492494	ws	upload_chunk	transfer_id=0d57a3c6-2281-479f-b3dd-604fb9103f09	0.068	ok
1776705492495	ws	end_upload	transfer_id=0d57a3c6-2281-479f-b3dd-604fb9103f09	0.416	ok
1776705492529	ws	list_tree	root_id=workspace-b	6.003	ok
1776705492534	ws	list_tree	root_id=workspace-b	5.429	ok
1776705492540	ws	list_tree	root_id=workspace-b	5.452	ok
1776705492545	ws	list_tree	root_id=workspace-b	5.332	ok
1776705492551	ws	list_tree	root_id=workspace-b	5.415	ok
1776705492557	ws	list_tree	root_id=workspace-b	6.082	ok
1776705492563	ws	list_tree	root_id=workspace-b	6.373	ok
1776705492564	ws	begin_upload	root_id=workspace-b path=facturici/2023/mai/Factura #FDB23 45522168.pdf size=44814	0.317	ok
1776705492569	ws	list_tree	root_id=workspace-b	5.651	ok
1776705492575	ws	list_tree	root_id=workspace-b	5.408	ok
1776705492581	ws	list_tree	root_id=workspace-b	5.583	ok
1776705492586	ws	list_tree	root_id=workspace-b	5.584	ok
1776705492592	ws	list_tree	root_id=workspace-b	5.806	ok
1776705492598	ws	list_tree	root_id=workspace-b	5.555	ok
1776705492603	ws	list_tree	root_id=workspace-b	5.201	ok
1776705492603	ws	upload_chunk	transfer_id=02fc7df6-2a7b-493f-9eb9-eaa7a80617c1	0.054	ok
1776705492605	ws	end_upload	transfer_id=02fc7df6-2a7b-493f-9eb9-eaa7a80617c1	1.190	ok
1776705492611	ws	list_tree	root_id=workspace-b	5.838	ok
1776705492683	ws	list_tree	root_id=workspace-b	5.716	ok
1776705492688	ws	list_tree	root_id=workspace-b	5.283	ok
1776705492688	ws	begin_upload	root_id=workspace-b path=facturici/2023/mai/Factura.pdf size=188350	0.251	ok
1776705492692	ws	upload_chunk	transfer_id=1f161d13-ed1d-450f-86cc-38715a28165d	0.092	ok
1776705492693	ws	end_upload	transfer_id=1f161d13-ed1d-450f-86cc-38715a28165d	0.304	ok
1776705492736	ws	list_tree	root_id=workspace-b	5.834	ok
1776705492741	ws	list_tree	root_id=workspace-b	5.414	ok
1776705492747	ws	list_tree	root_id=workspace-b	5.489	ok
1776705492752	ws	list_tree	root_id=workspace-b	5.443	ok
1776705492758	ws	list_tree	root_id=workspace-b	5.769	ok
1776705492764	ws	list_tree	root_id=workspace-b	6.218	ok
1776705492770	ws	list_tree	root_id=workspace-b	5.473	ok
1776705492770	ws	begin_upload	root_id=workspace-b path=facturici/2023/mai/10826665760.pdf size=546508	0.323	ok
1776705492776	ws	list_tree	root_id=workspace-b	5.841	ok
1776705492782	ws	list_tree	root_id=workspace-b	5.557	ok
1776705492789	ws	list_tree	root_id=workspace-b	6.783	ok
1776705492795	ws	list_tree	root_id=workspace-b	5.555	ok
1776705492801	ws	list_tree	root_id=workspace-b	5.883	ok
1776705492807	ws	list_tree	root_id=workspace-b	5.855	ok
1776705492812	ws	list_tree	root_id=workspace-b	5.395	ok
1776705492816	ws	upload_chunk	transfer_id=001f7e46-6718-4f8b-98f6-24da7f18f34c	0.082	ok
1776705492817	ws	end_upload	transfer_id=001f7e46-6718-4f8b-98f6-24da7f18f34c	0.332	ok
1776705492822	ws	list_tree	root_id=workspace-b	5.544	ok
1776705492837	ws	list_tree	root_id=workspace-b	5.800	ok
1776705492842	ws	list_tree	root_id=workspace-b	5.383	ok
1776705492843	ws	begin_upload	root_id=workspace-b path=facturici/2023/noiembrie/Factura #FDB23 76582518.pdf size=46484	0.355	ok
1776705492844	ws	upload_chunk	transfer_id=cd9998ef-9360-473e-b456-09e4d1874725	0.056	ok
1776705492844	ws	end_upload	transfer_id=cd9998ef-9360-473e-b456-09e4d1874725	0.357	ok
1776705492870	ws	list_tree	root_id=workspace-b	5.773	ok
1776705492875	ws	list_tree	root_id=workspace-b	5.323	ok
1776705492881	ws	list_tree	root_id=workspace-b	5.488	ok
1776705492887	ws	list_tree	root_id=workspace-b	5.443	ok
1776705492892	ws	list_tree	root_id=workspace-b	5.470	ok
1776705492898	ws	list_tree	root_id=workspace-b	6.139	ok
1776705492904	ws	list_tree	root_id=workspace-b	5.564	ok
1776705492904	ws	begin_upload	root_id=workspace-b path=facturici/2023/noiembrie/Factura_intretinere_octombrie.pdf size=190386	0.314	ok
1776705492910	ws	list_tree	root_id=workspace-b	5.997	ok
1776705492916	ws	list_tree	root_id=workspace-b	5.432	ok
1776705492923	ws	list_tree	root_id=workspace-b	6.935	ok
1776705492929	ws	list_tree	root_id=workspace-b	5.880	ok
1776705492935	ws	list_tree	root_id=workspace-b	5.877	ok
1776705492941	ws	list_tree	root_id=workspace-b	5.451	ok
1776705492946	ws	list_tree	root_id=workspace-b	5.439	ok
1776705492948	ws	upload_chunk	transfer_id=bb8854c2-1e3b-4821-9e78-af0a9dc9ec7e	0.068	ok
1776705492948	ws	end_upload	transfer_id=bb8854c2-1e3b-4821-9e78-af0a9dc9ec7e	0.312	ok
1776705492954	ws	list_tree	root_id=workspace-b	5.552	ok
1776705492968	ws	list_tree	root_id=workspace-b	5.867	ok
1776705492973	ws	list_tree	root_id=workspace-b	5.405	ok
1776705492974	ws	begin_upload	root_id=workspace-b path=facturici/2023/noiembrie/FX-23105854939.PDF size=230129	0.337	ok
1776705492977	ws	upload_chunk	transfer_id=7dca2a33-d907-4835-a75a-39a300916119	0.090	ok
1776705492978	ws	end_upload	transfer_id=7dca2a33-d907-4835-a75a-39a300916119	0.264	ok
1776705493001	ws	list_tree	root_id=workspace-b	5.808	ok
1776705493006	ws	list_tree	root_id=workspace-b	5.427	ok
1776705493012	ws	list_tree	root_id=workspace-b	5.858	ok
1776705493018	ws	list_tree	root_id=workspace-b	5.639	ok
1776705493024	ws	list_tree	root_id=workspace-b	5.739	ok
1776705493030	ws	list_tree	root_id=workspace-b	6.222	ok
1776705493036	ws	list_tree	root_id=workspace-b	5.915	ok
1776705493037	ws	begin_upload	root_id=workspace-b path=facturici/2023/noiembrie/10131731300.pdf size=486537	0.337	ok
1776705493043	ws	list_tree	root_id=workspace-b	6.074	ok
1776705493049	ws	list_tree	root_id=workspace-b	5.602	ok
1776705493056	ws	list_tree	root_id=workspace-b	6.887	ok
1776705493061	ws	list_tree	root_id=workspace-b	5.702	ok
1776705493068	ws	list_tree	root_id=workspace-b	6.070	ok
1776705493073	ws	list_tree	root_id=workspace-b	5.527	ok
1776705493079	ws	list_tree	root_id=workspace-b	5.350	ok
1776705493082	ws	upload_chunk	transfer_id=134ece76-5aa1-4ba6-abb8-d52c6355a48e	0.079	ok
1776705493082	ws	end_upload	transfer_id=134ece76-5aa1-4ba6-abb8-d52c6355a48e	0.349	ok
1776705493088	ws	list_tree	root_id=workspace-b	5.693	ok
1776705493100	ws	list_tree	root_id=workspace-b	5.844	ok
1776705493105	ws	list_tree	root_id=workspace-b	5.499	ok
1776705493106	ws	begin_upload	root_id=workspace-b path=facturici/2023/.DS_Store size=10244	0.329	ok
1776705493107	ws	upload_chunk	transfer_id=868c4df2-2c81-4aef-8219-5b1e7a63fe2b	0.061	ok
1776705493107	ws	end_upload	transfer_id=868c4df2-2c81-4aef-8219-5b1e7a63fe2b	0.245	ok
1776705493133	ws	list_tree	root_id=workspace-b	5.880	ok
1776705493133	ws	begin_upload	root_id=workspace-b path=facturici/2023/septembrie/.DS_Store size=6148	0.360	ok
1776705493135	ws	upload_chunk	transfer_id=e8617334-c41e-423e-bc69-b746d8b6bbbf	0.055	ok
1776705493135	ws	end_upload	transfer_id=e8617334-c41e-423e-bc69-b746d8b6bbbf	0.208	ok
1776705493166	ws	list_tree	root_id=workspace-b	8.224	ok
1776705493172	ws	list_tree	root_id=workspace-b	5.543	ok
1776705493177	ws	list_tree	root_id=workspace-b	5.488	ok
1776705493183	ws	list_tree	root_id=workspace-b	5.458	ok
1776705493188	ws	list_tree	root_id=workspace-b	5.596	ok
1776705493196	ws	list_tree	root_id=workspace-b	7.404	ok
1776705493202	ws	list_tree	root_id=workspace-b	5.785	ok
1776705493207	ws	list_tree	root_id=workspace-b	5.397	ok
1776705493213	ws	list_tree	root_id=workspace-b	5.503	ok
1776705493218	ws	list_tree	root_id=workspace-b	5.340	ok
1776705493224	ws	list_tree	root_id=workspace-b	5.704	ok
1776705493232	ws	list_tree	root_id=workspace-b	7.336	ok
1776705493238	ws	list_tree	root_id=workspace-b	6.110	ok
1776705493238	ws	begin_upload	root_id=workspace-b path=facturici/2023/septembrie/Factura #FDB23 64076593.pdf size=46483	0.300	ok
1776705493244	ws	list_tree	root_id=workspace-b	5.797	ok
1776705493250	ws	list_tree	root_id=workspace-b	5.503	ok
1776705493255	ws	list_tree	root_id=workspace-b	5.373	ok
1776705493261	ws	list_tree	root_id=workspace-b	5.724	ok
1776705493268	ws	list_tree	root_id=workspace-b	7.198	ok
1776705493274	ws	list_tree	root_id=workspace-b	5.461	ok
1776705493280	ws	list_tree	root_id=workspace-b	5.672	ok
1776705493280	ws	upload_chunk	transfer_id=40cdc89a-ebcf-4c61-82f9-7f60f42fa4a4	0.092	ok
1776705493281	ws	end_upload	transfer_id=40cdc89a-ebcf-4c61-82f9-7f60f42fa4a4	0.286	ok
1776705493286	ws	list_tree	root_id=workspace-b	5.583	ok
1776705493300	ws	list_tree	root_id=workspace-b	5.808	ok
1776705493306	ws	list_tree	root_id=workspace-b	5.367	ok
1776705493306	ws	begin_upload	root_id=workspace-b path=facturici/2023/septembrie/10229777252.pdf size=476388	0.324	ok
1776705493312	ws	upload_chunk	transfer_id=e1ce3bd6-3045-4497-ae5c-6bfa4834da16	0.094	ok
1776705493312	ws	end_upload	transfer_id=e1ce3bd6-3045-4497-ae5c-6bfa4834da16	0.656	ok
1776705493333	ws	list_tree	root_id=workspace-b	7.201	ok
1776705493339	ws	list_tree	root_id=workspace-b	5.563	ok
1776705493345	ws	list_tree	root_id=workspace-b	5.568	ok
1776705493350	ws	list_tree	root_id=workspace-b	5.417	ok
1776705493356	ws	list_tree	root_id=workspace-b	5.552	ok
1776705493362	ws	list_tree	root_id=workspace-b	6.208	ok
1776705493368	ws	list_tree	root_id=workspace-b	5.471	ok
1776705493368	ws	begin_upload	root_id=workspace-b path=facturici/2023/septembrie/Intretinere_august.pdf size=191550	0.320	ok
1776705493375	ws	list_tree	root_id=workspace-b	6.385	ok
1776705493380	ws	list_tree	root_id=workspace-b	5.585	ok
1776705493386	ws	list_tree	root_id=workspace-b	5.887	ok
1776705493392	ws	list_tree	root_id=workspace-b	5.509	ok
1776705493399	ws	list_tree	root_id=workspace-b	6.927	ok
1776705493405	ws	list_tree	root_id=workspace-b	5.696	ok
1776705493410	ws	list_tree	root_id=workspace-b	5.375	ok
1776705493412	ws	upload_chunk	transfer_id=00a7ec1d-66af-41ef-b8f0-b8b08129328b	0.065	ok
1776705493412	ws	end_upload	transfer_id=00a7ec1d-66af-41ef-b8f0-b8b08129328b	0.312	ok
1776705493418	ws	list_tree	root_id=workspace-b	5.523	ok
1776705493432	ws	list_tree	root_id=workspace-b	5.993	ok
1776705493437	ws	list_tree	root_id=workspace-b	5.427	ok
1776705493438	ws	begin_upload	root_id=workspace-b path=facturici/2023/octombrie/Factura #FDB23 70318867.pdf size=46481	0.298	ok
1776705493439	ws	upload_chunk	transfer_id=3e27aedd-a746-4bc2-93a6-a10831edf98e	0.057	ok
1776705493439	ws	end_upload	transfer_id=3e27aedd-a746-4bc2-93a6-a10831edf98e	0.224	ok
1776705493464	ws	list_tree	root_id=workspace-b	6.969	ok
1776705493470	ws	list_tree	root_id=workspace-b	5.832	ok
1776705493476	ws	list_tree	root_id=workspace-b	5.380	ok
1776705493481	ws	list_tree	root_id=workspace-b	5.621	ok
1776705493487	ws	list_tree	root_id=workspace-b	5.542	ok
1776705493493	ws	list_tree	root_id=workspace-b	6.139	ok
1776705493499	ws	list_tree	root_id=workspace-b	5.764	ok
1776705493500	ws	begin_upload	root_id=workspace-b path=facturici/2023/octombrie/10827548080_gaz.pdf size=476555	0.322	ok
1776705493506	ws	list_tree	root_id=workspace-b	6.038	ok
1776705493511	ws	list_tree	root_id=workspace-b	5.582	ok
1776705493517	ws	list_tree	root_id=workspace-b	5.601	ok
1776705493523	ws	list_tree	root_id=workspace-b	5.578	ok
1776705493529	ws	list_tree	root_id=workspace-b	6.396	ok
1776705493537	ws	list_tree	root_id=workspace-b	7.287	ok
1776705493543	ws	list_tree	root_id=workspace-b	5.578	ok
1776705493546	ws	upload_chunk	transfer_id=c5d99c1b-a99d-42e1-99cd-3c260bba2a85	0.104	ok
1776705493547	ws	end_upload	transfer_id=c5d99c1b-a99d-42e1-99cd-3c260bba2a85	0.357	ok
1776705493552	ws	list_tree	root_id=workspace-b	5.650	ok
1776705493562	ws	list_tree	root_id=workspace-b	6.016	ok
1776705493568	ws	list_tree	root_id=workspace-b	5.506	ok
1776705493569	ws	begin_upload	root_id=workspace-b path=facturici/2023/octombrie/factura_intretinere.pdf size=168697	0.319	ok
1776705493571	ws	upload_chunk	transfer_id=80336ed5-6253-4860-a573-8d78e6271943	0.066	ok
1776705493571	ws	end_upload	transfer_id=80336ed5-6253-4860-a573-8d78e6271943	0.234	ok
1776705493594	ws	list_tree	root_id=workspace-b	6.251	ok
1776705493594	ws	begin_upload	root_id=workspace-b path=facturici/2023/iulie/.DS_Store size=6148	0.326	ok
1776705493595	ws	upload_chunk	transfer_id=803b68e4-d155-45dc-ba07-3786f37f2799	0.062	ok
1776705493596	ws	end_upload	transfer_id=803b68e4-d155-45dc-ba07-3786f37f2799	0.214	ok
1776705493681	ws	list_tree	root_id=workspace-b	5.877	ok
1776705493686	ws	list_tree	root_id=workspace-b	5.332	ok
1776705493692	ws	list_tree	root_id=workspace-b	5.617	ok
1776705493697	ws	list_tree	root_id=workspace-b	5.596	ok
1776705493703	ws	list_tree	root_id=workspace-b	5.305	ok
1776705493708	ws	list_tree	root_id=workspace-b	5.352	ok
1776705493714	ws	list_tree	root_id=workspace-b	5.955	ok
1776705493720	ws	list_tree	root_id=workspace-b	5.671	ok
1776705493727	ws	list_tree	root_id=workspace-b	7.370	ok
1776705493734	ws	list_tree	root_id=workspace-b	5.858	ok
1776705493739	ws	list_tree	root_id=workspace-b	5.628	ok
1776705493745	ws	list_tree	root_id=workspace-b	5.866	ok
1776705493752	ws	list_tree	root_id=workspace-b	6.175	ok
1776705493752	ws	begin_upload	root_id=workspace-b path=facturici/2023/iulie/intretinere iunie.pdf size=375852	0.310	ok
1776705493758	ws	list_tree	root_id=workspace-b	6.166	ok
1776705493765	ws	list_tree	root_id=workspace-b	6.164	ok
1776705493770	ws	list_tree	root_id=workspace-b	5.714	ok
1776705493776	ws	list_tree	root_id=workspace-b	5.456	ok
1776705493782	ws	list_tree	root_id=workspace-b	5.658	ok
1776705493787	ws	list_tree	root_id=workspace-b	5.626	ok
1776705493793	ws	list_tree	root_id=workspace-b	5.805	ok
1776705493796	ws	upload_chunk	transfer_id=aa644430-dcca-40b6-906f-8270a07bba3c	0.104	ok
1776705493797	ws	end_upload	transfer_id=aa644430-dcca-40b6-906f-8270a07bba3c	0.476	ok
1776705493804	ws	list_tree	root_id=workspace-b	6.699	ok
1776705493828	ws	list_tree	root_id=workspace-b	5.875	ok
1776705493834	ws	list_tree	root_id=workspace-b	5.477	ok
1776705493834	ws	begin_upload	root_id=workspace-b path=facturici/2023/iulie/10527970519.pdf size=482703	0.311	ok
1776705493841	ws	upload_chunk	transfer_id=28f10c54-4947-4d40-8829-a005c7f08db9	0.106	ok
1776705493842	ws	end_upload	transfer_id=28f10c54-4947-4d40-8829-a005c7f08db9	0.322	ok
1776705493859	ws	list_tree	root_id=workspace-b	5.875	ok
1776705493866	ws	list_tree	root_id=workspace-b	7.127	ok
1776705493872	ws	list_tree	root_id=workspace-b	5.527	ok
1776705493878	ws	list_tree	root_id=workspace-b	5.489	ok
1776705493883	ws	list_tree	root_id=workspace-b	5.668	ok
1776705493890	ws	list_tree	root_id=workspace-b	6.046	ok
1776705493895	ws	list_tree	root_id=workspace-b	5.540	ok
1776705493896	ws	begin_upload	root_id=workspace-b path=facturici/2023/iulie/FX-23104001089.PDF size=228473	0.313	ok
1776705493901	ws	list_tree	root_id=workspace-b	5.816	ok
1776705493907	ws	list_tree	root_id=workspace-b	5.540	ok
1776705493913	ws	list_tree	root_id=workspace-b	5.726	ok
1776705493919	ws	list_tree	root_id=workspace-b	5.768	ok
1776705493925	ws	list_tree	root_id=workspace-b	6.060	ok
1776705493932	ws	list_tree	root_id=workspace-b	6.927	ok
1776705493938	ws	list_tree	root_id=workspace-b	5.531	ok
1776705493939	ws	upload_chunk	transfer_id=56e79d04-5ef4-4663-aa2d-c3d15cf86b06	0.070	ok
1776705493940	ws	end_upload	transfer_id=56e79d04-5ef4-4663-aa2d-c3d15cf86b06	0.353	ok
1776705493946	ws	list_tree	root_id=workspace-b	5.806	ok
1776705493959	ws	list_tree	root_id=workspace-b	5.942	ok
1776705493964	ws	list_tree	root_id=workspace-b	5.603	ok
1776705493965	ws	begin_upload	root_id=workspace-b path=facturici/2023/august/.DS_Store size=6148	0.318	ok
1776705493966	ws	upload_chunk	transfer_id=31bbf71a-51f7-4ea3-868d-75c9b2f40c40	0.057	ok
1776705493966	ws	end_upload	transfer_id=31bbf71a-51f7-4ea3-868d-75c9b2f40c40	0.218	ok
1776705493989	ws	list_tree	root_id=workspace-b	5.895	ok
1776705493996	ws	list_tree	root_id=workspace-b	6.609	ok
1776705494002	ws	list_tree	root_id=workspace-b	5.800	ok
1776705494007	ws	list_tree	root_id=workspace-b	5.531	ok
1776705494013	ws	list_tree	root_id=workspace-b	5.704	ok
1776705494019	ws	list_tree	root_id=workspace-b	6.289	ok
1776705494025	ws	list_tree	root_id=workspace-b	5.599	ok
1776705494026	ws	begin_upload	root_id=workspace-b path=facturici/2023/august/FX-23104111394.PDF size=226470	0.284	ok
1776705494032	ws	list_tree	root_id=workspace-b	6.220	ok
1776705494038	ws	list_tree	root_id=workspace-b	5.819	ok
1776705494044	ws	list_tree	root_id=workspace-b	5.784	ok
1776705494049	ws	list_tree	root_id=workspace-b	5.717	ok
1776705494056	ws	list_tree	root_id=workspace-b	6.385	ok
1776705494062	ws	list_tree	root_id=workspace-b	6.257	ok
1776705494069	ws	list_tree	root_id=workspace-b	6.878	ok
1776705494071	ws	upload_chunk	transfer_id=2523ba01-73ca-4aba-8637-bfd3064e5768	0.068	ok
1776705494071	ws	end_upload	transfer_id=2523ba01-73ca-4aba-8637-bfd3064e5768	0.289	ok
1776705494077	ws	list_tree	root_id=workspace-b	5.883	ok
1776705494089	ws	list_tree	root_id=workspace-b	6.017	ok
1776705494095	ws	list_tree	root_id=workspace-b	5.624	ok
1776705494095	ws	begin_upload	root_id=workspace-b path=facturici/2023/august/Intretinere Iulie.pdf size=190828	0.312	ok
1776705494098	ws	upload_chunk	transfer_id=e67977e5-aa49-4180-8384-f7b2e4ab035f	0.070	ok
1776705494098	ws	end_upload	transfer_id=e67977e5-aa49-4180-8384-f7b2e4ab035f	0.243	ok
1776705494119	ws	list_tree	root_id=workspace-b	5.874	ok
1776705494120	ws	begin_upload	root_id=workspace-b path=facturici/2023/august/10528175116.pdf size=478824	0.334	ok
1776705494126	ws	upload_chunk	transfer_id=aeb9fea9-1251-4aa2-ba84-85d836ec02ed	0.112	ok
1776705494127	ws	end_upload	transfer_id=aeb9fea9-1251-4aa2-ba84-85d836ec02ed	0.615	ok
1776705494152	ws	list_tree	root_id=workspace-b	5.911	ok
1776705494157	ws	list_tree	root_id=workspace-b	5.562	ok
1776705494163	ws	list_tree	root_id=workspace-b	5.448	ok
1776705494168	ws	list_tree	root_id=workspace-b	5.433	ok
1776705494174	ws	list_tree	root_id=workspace-b	5.872	ok
1776705494180	ws	list_tree	root_id=workspace-b	6.084	ok
1776705494187	ws	list_tree	root_id=workspace-b	5.941	ok
1776705494192	ws	list_tree	root_id=workspace-b	5.538	ok
1776705494199	ws	list_tree	root_id=workspace-b	6.690	ok
1776705494205	ws	list_tree	root_id=workspace-b	5.769	ok
1776705494211	ws	list_tree	root_id=workspace-b	5.659	ok
1776705494217	ws	list_tree	root_id=workspace-b	6.010	ok
1776705494223	ws	list_tree	root_id=workspace-b	5.949	ok
1776705494223	ws	begin_upload	root_id=workspace-b path=facturici/2023/august/Factura #FDB23 57861088.pdf size=44814	0.298	ok
1776705494229	ws	list_tree	root_id=workspace-b	5.853	ok
1776705494235	ws	list_tree	root_id=workspace-b	5.444	ok
1776705494241	ws	list_tree	root_id=workspace-b	5.721	ok
1776705494247	ws	list_tree	root_id=workspace-b	6.235	ok
1776705494253	ws	list_tree	root_id=workspace-b	5.652	ok
1776705494258	ws	list_tree	root_id=workspace-b	5.439	ok
1776705494264	ws	list_tree	root_id=workspace-b	5.573	ok
1776705494264	ws	upload_chunk	transfer_id=557e1d38-b027-478d-a761-ed835cbf3898	0.077	ok
1776705494265	ws	end_upload	transfer_id=557e1d38-b027-478d-a761-ed835cbf3898	0.289	ok
1776705494272	ws	list_tree	root_id=workspace-b	7.037	ok
1776705494283	ws	list_tree	root_id=workspace-b	6.070	ok
1776705494289	ws	list_tree	root_id=workspace-b	5.665	ok
1776705494289	ws	begin_upload	root_id=workspace-b path=facturici/2023/august/FX-23300135211.PDF size=228641	0.316	ok
1776705494292	ws	upload_chunk	transfer_id=6a989270-d975-47b3-b38c-5e083c52b785	0.084	ok
1776705494293	ws	end_upload	transfer_id=6a989270-d975-47b3-b38c-5e083c52b785	0.266	ok
1776705494314	ws	list_tree	root_id=workspace-b	6.112	ok
1776705494319	ws	list_tree	root_id=workspace-b	5.482	ok
1776705494325	ws	list_tree	root_id=workspace-b	5.438	ok
1776705494331	ws	list_tree	root_id=workspace-b	5.700	ok
1776705494336	ws	list_tree	root_id=workspace-b	5.600	ok
1776705494345	ws	list_tree	root_id=workspace-b	8.176	ok
1776705494351	ws	list_tree	root_id=workspace-b	5.904	ok
1776705494351	ws	begin_upload	root_id=workspace-b path=facturici/2023/decembrie/10728026845.pdf size=1830527	0.325	ok
1776705494358	ws	list_tree	root_id=workspace-b	7.311	ok
1776705494364	ws	list_tree	root_id=workspace-b	5.856	ok
1776705494370	ws	list_tree	root_id=workspace-b	5.940	ok
1776705494380	ws	list_tree	root_id=workspace-b	9.046	ok
1776705494385	ws	list_tree	root_id=workspace-b	5.694	ok
1776705494391	ws	list_tree	root_id=workspace-b	5.518	ok
1776705494397	ws	list_tree	root_id=workspace-b	5.571	ok
1776705494405	ws	upload_chunk	transfer_id=08eddefc-6bb1-45ae-bad4-b64ab88c0574	0.232	ok
1776705494413	ws	upload_chunk	transfer_id=08eddefc-6bb1-45ae-bad4-b64ab88c0574	0.137	ok
1776705494414	ws	end_upload	transfer_id=08eddefc-6bb1-45ae-bad4-b64ab88c0574	0.404	ok
1776705494419	ws	list_tree	root_id=workspace-b	5.801	ok
1776705494425	ws	list_tree	root_id=workspace-b	5.699	ok
1776705494431	ws	list_tree	root_id=workspace-b	5.894	ok
1776705494440	ws	begin_upload	root_id=workspace-b path=facturici/2023/decembrie/Factura_noiembrie.pdf size=198943	0.426	ok
1776705494443	ws	upload_chunk	transfer_id=5293b9a3-3c28-43fd-9f36-e1586100369e	0.081	ok
1776705494444	ws	end_upload	transfer_id=5293b9a3-3c28-43fd-9f36-e1586100369e	0.252	ok
1776705494475	ws	list_tree	root_id=workspace-b	5.939	ok
1776705494483	ws	list_tree	root_id=workspace-b	7.256	ok
1776705494489	ws	list_tree	root_id=workspace-b	5.561	ok
1776705494494	ws	list_tree	root_id=workspace-b	5.851	ok
1776705494500	ws	list_tree	root_id=workspace-b	5.698	ok
1776705494507	ws	list_tree	root_id=workspace-b	6.317	ok
1776705494513	ws	list_tree	root_id=workspace-b	5.690	ok
1776705494513	ws	begin_upload	root_id=workspace-b path=facturici/2023/decembrie/Bill22122023_021236AM_8000099236_990713ae-71ae-4206-82be-4a6504d7e0e4_.pdf size=323584	0.340	ok
1776705494519	ws	list_tree	root_id=workspace-b	6.131	ok
1776705494525	ws	list_tree	root_id=workspace-b	5.633	ok
1776705494531	ws	list_tree	root_id=workspace-b	6.001	ok
1776705494537	ws	list_tree	root_id=workspace-b	5.895	ok
1776705494544	ws	list_tree	root_id=workspace-b	6.341	ok
1776705494551	ws	list_tree	root_id=workspace-b	7.109	ok
1776705494556	ws	list_tree	root_id=workspace-b	5.596	ok
1776705494559	ws	upload_chunk	transfer_id=9c1bae11-7028-4fbf-8983-d96b4077540c	0.096	ok
1776705494559	ws	end_upload	transfer_id=9c1bae11-7028-4fbf-8983-d96b4077540c	0.288	ok
1776705494565	ws	list_tree	root_id=workspace-b	5.976	ok
1776705494576	ws	list_tree	root_id=workspace-b	6.082	ok
1776705494581	ws	list_tree	root_id=workspace-b	5.738	ok
1776705494582	ws	begin_upload	root_id=workspace-b path=facturici/2023/decembrie/Factura #FDB23 82840098.pdf size=46486	0.339	ok
1776705494583	ws	upload_chunk	transfer_id=13375efd-eacd-42d6-b1be-7c722f441d18	0.054	ok
1776705494583	ws	end_upload	transfer_id=13375efd-eacd-42d6-b1be-7c722f441d18	0.215	ok
1776705494606	ws	list_tree	root_id=workspace-b	5.866	ok
1776705494607	ws	begin_upload	root_id=workspace-b path=facturici/2023/iunie/.DS_Store size=6148	0.400	ok
1776705494608	ws	upload_chunk	transfer_id=87fddf35-76ba-42f2-92ca-174e0eb023d0	0.060	ok
1776705494608	ws	end_upload	transfer_id=87fddf35-76ba-42f2-92ca-174e0eb023d0	0.187	ok
1776705494691	ws	list_tree	root_id=workspace-b	5.918	ok
1776705494696	ws	list_tree	root_id=workspace-b	5.840	ok
1776705494702	ws	list_tree	root_id=workspace-b	5.558	ok
1776705494708	ws	list_tree	root_id=workspace-b	5.366	ok
1776705494713	ws	list_tree	root_id=workspace-b	5.625	ok
1776705494719	ws	list_tree	root_id=workspace-b	5.512	ok
1776705494725	ws	list_tree	root_id=workspace-b	5.614	ok
1776705494730	ws	list_tree	root_id=workspace-b	5.778	ok
1776705494737	ws	list_tree	root_id=workspace-b	6.284	ok
1776705494744	ws	list_tree	root_id=workspace-b	6.908	ok
1776705494750	ws	list_tree	root_id=workspace-b	5.981	ok
1776705494756	ws	list_tree	root_id=workspace-b	5.854	ok
1776705494762	ws	list_tree	root_id=workspace-b	5.896	ok
1776705494762	ws	begin_upload	root_id=workspace-b path=facturici/2023/iunie/Factura #FDB23 51682909.pdf size=44812	0.383	ok
1776705494768	ws	list_tree	root_id=workspace-b	6.011	ok
1776705494775	ws	list_tree	root_id=workspace-b	6.111	ok
1776705494781	ws	list_tree	root_id=workspace-b	5.785	ok
1776705494786	ws	list_tree	root_id=workspace-b	5.591	ok
1776705494792	ws	list_tree	root_id=workspace-b	5.579	ok
1776705494798	ws	list_tree	root_id=workspace-b	5.710	ok
1776705494804	ws	list_tree	root_id=workspace-b	6.151	ok
1776705494804	ws	upload_chunk	transfer_id=03c926dd-ad05-4cb3-99e0-fd2930325344	0.072	ok
1776705494805	ws	end_upload	transfer_id=03c926dd-ad05-4cb3-99e0-fd2930325344	0.277	ok
1776705494811	ws	list_tree	root_id=workspace-b	5.870	ok
1776705494839	ws	list_tree	root_id=workspace-b	6.066	ok
1776705494845	ws	list_tree	root_id=workspace-b	5.709	ok
1776705494846	ws	begin_upload	root_id=workspace-b path=facturici/2023/iunie/FX-23103601510.PDF size=279365	0.336	ok
1776705494850	ws	upload_chunk	transfer_id=b672b033-9c82-4f78-9b71-2a314413b4ec	0.070	ok
1776705494850	ws	end_upload	transfer_id=b672b033-9c82-4f78-9b71-2a314413b4ec	0.242	ok
1776705494869	ws	list_tree	root_id=workspace-b	5.932	ok
1776705494875	ws	list_tree	root_id=workspace-b	5.534	ok
1776705494882	ws	list_tree	root_id=workspace-b	7.098	ok
1776705494888	ws	list_tree	root_id=workspace-b	5.686	ok
1776705494894	ws	list_tree	root_id=workspace-b	5.991	ok
1776705494900	ws	list_tree	root_id=workspace-b	6.303	ok
1776705494906	ws	list_tree	root_id=workspace-b	5.592	ok
1776705494906	ws	begin_upload	root_id=workspace-b path=facturici/.DS_Store size=12292	0.286	ok
1776705494912	ws	list_tree	root_id=workspace-b	6.034	ok
1776705494918	ws	list_tree	root_id=workspace-b	5.671	ok
1776705494924	ws	list_tree	root_id=workspace-b	5.787	ok
1776705494930	ws	list_tree	root_id=workspace-b	6.321	ok
1776705494936	ws	list_tree	root_id=workspace-b	5.756	ok
1776705494942	ws	list_tree	root_id=workspace-b	5.518	ok
1776705494949	ws	list_tree	root_id=workspace-b	6.661	ok
1776705494949	ws	upload_chunk	transfer_id=742853c4-615c-4c0f-9777-c29a12ae72f0	0.071	ok
1776705494949	ws	end_upload	transfer_id=742853c4-615c-4c0f-9777-c29a12ae72f0	0.303	ok
1776705494955	ws	list_tree	root_id=workspace-b	5.736	ok
1776705494966	ws	list_tree	root_id=workspace-b	6.420	ok
1776705494971	ws	list_tree	root_id=workspace-b	5.833	ok
1776705494972	ws	begin_upload	root_id=workspace-b path=facturici/NCD-126091750.pdf size=933902	0.330	ok
1776705494984	ws	upload_chunk	transfer_id=79bd774f-0ff1-4092-bc4a-0ba6c93b6bbc	0.128	ok
1776705494985	ws	end_upload	transfer_id=79bd774f-0ff1-4092-bc4a-0ba6c93b6bbc	0.562	ok
1776705494996	ws	list_tree	root_id=workspace-b	6.441	ok
1776705494996	ws	begin_upload	root_id=workspace-b path=facturici/februarie/intretinere_februarie.pdf size=189180	0.348	ok
1776705494999	ws	upload_chunk	transfer_id=a94a37df-fa90-449c-a35b-010d2792e0ac	0.071	ok
1776705494999	ws	end_upload	transfer_id=a94a37df-fa90-449c-a35b-010d2792e0ac	0.211	ok
1776705495026	ws	list_tree	root_id=workspace-b	6.911	ok
1776705495032	ws	list_tree	root_id=workspace-b	6.048	ok
1776705495038	ws	list_tree	root_id=workspace-b	5.746	ok
1776705495044	ws	list_tree	root_id=workspace-b	5.592	ok
1776705495050	ws	list_tree	root_id=workspace-b	5.920	ok
1776705495056	ws	list_tree	root_id=workspace-b	6.292	ok
1776705495062	ws	list_tree	root_id=workspace-b	5.904	ok
1776705495068	ws	list_tree	root_id=workspace-b	5.527	ok
1776705495074	ws	list_tree	root_id=workspace-b	5.717	ok
1776705495080	ws	list_tree	root_id=workspace-b	5.736	ok
1776705495080	ws	begin_upload	root_id=workspace-b path=facturici/februarie/digi_februarie.pdf size=32626	0.339	ok
1776705495086	ws	list_tree	root_id=workspace-b	5.921	ok
1776705495092	ws	list_tree	root_id=workspace-b	6.147	ok
1776705495100	ws	list_tree	root_id=workspace-b	7.197	ok
1776705495105	ws	list_tree	root_id=workspace-b	5.564	ok
1776705495111	ws	list_tree	root_id=workspace-b	5.718	ok
1776705495117	ws	list_tree	root_id=workspace-b	5.642	ok
1776705495123	ws	list_tree	root_id=workspace-b	6.231	ok
1776705495129	ws	list_tree	root_id=workspace-b	5.842	ok
1776705495135	ws	list_tree	root_id=workspace-b	5.514	ok
1776705495140	ws	list_tree	root_id=workspace-b	5.512	ok
1776705495147	ws	list_tree	root_id=workspace-b	6.383	ok
1776705495154	ws	list_tree	root_id=workspace-b	6.818	ok
1776705495161	ws	list_tree	root_id=workspace-b	7.114	ok
1776705495161	ws	upload_chunk	transfer_id=aa15346f-c2e6-4716-a788-3a91cb8f75fa	0.072	ok
1776705495162	ws	end_upload	transfer_id=aa15346f-c2e6-4716-a788-3a91cb8f75fa	0.305	ok
1776705495167	ws	list_tree	root_id=workspace-b	5.698	ok
1776705495173	ws	list_tree	root_id=workspace-b	5.721	ok
1776705495179	ws	list_tree	root_id=workspace-b	5.879	ok
1776705495181	ws	begin_upload	root_id=workspace-b path=facturici/februarie/Hidroelectrica_februarie.pdf size=400384	0.364	ok
1776705495187	ws	upload_chunk	transfer_id=83a76fab-f6ab-438c-903c-62fbe60beedd	0.105	ok
1776705495187	ws	end_upload	transfer_id=83a76fab-f6ab-438c-903c-62fbe60beedd	0.283	ok
1776705495217	ws	list_tree	root_id=workspace-b	6.032	ok
1776705495223	ws	list_tree	root_id=workspace-b	5.620	ok
1776705495230	ws	list_tree	root_id=workspace-b	7.332	ok
1776705495236	ws	list_tree	root_id=workspace-b	5.771	ok
1776705495242	ws	list_tree	root_id=workspace-b	5.948	ok
1776705495249	ws	list_tree	root_id=workspace-b	6.373	ok
1776705495255	ws	list_tree	root_id=workspace-b	5.622	ok
1776705495255	ws	begin_upload	root_id=workspace-b path=facturici/februarie/gaz_NCD-126061801.pdf size=956614	0.367	ok
1776705495262	ws	list_tree	root_id=workspace-b	6.723	ok
1776705495268	ws	list_tree	root_id=workspace-b	6.051	ok
1776705495274	ws	list_tree	root_id=workspace-b	6.096	ok
1776705495281	ws	list_tree	root_id=workspace-b	6.280	ok
1776705495286	ws	list_tree	root_id=workspace-b	5.597	ok
1776705495292	ws	list_tree	root_id=workspace-b	5.493	ok
1776705495299	ws	list_tree	root_id=workspace-b	6.939	ok
1776705495306	ws	upload_chunk	transfer_id=23076ed8-4708-4dfb-927d-c6ba24577608	0.153	ok
1776705495308	ws	end_upload	transfer_id=23076ed8-4708-4dfb-927d-c6ba24577608	1.196	ok
1776705495314	ws	list_tree	root_id=workspace-b	6.023	ok
1776705495320	ws	list_tree	root_id=workspace-b	5.677	ok
1776705495326	ws	list_tree	root_id=workspace-b	6.138	ok
1776705495337	ws	begin_upload	root_id=workspace-b path=facturici/.gitignore size=11	0.341	ok
1776705495338	ws	upload_chunk	transfer_id=1d05650b-da48-497e-affe-194befccf788	0.061	ok
1776705495338	ws	end_upload	transfer_id=1d05650b-da48-497e-affe-194befccf788	0.286	ok
1776705495374	ws	list_tree	root_id=workspace-b	6.198	ok
1776705495380	ws	list_tree	root_id=workspace-b	5.977	ok
1776705495385	ws	list_tree	root_id=workspace-b	5.583	ok
1776705495391	ws	list_tree	root_id=workspace-b	5.749	ok
1776705495398	ws	list_tree	root_id=workspace-b	6.348	ok
1776705495404	ws	list_tree	root_id=workspace-b	6.115	ok
1776705495410	ws	list_tree	root_id=workspace-b	5.607	ok
1776705495410	ws	begin_upload	root_id=workspace-b path=facturici/Factura #FDB26 29834228.pdf size=30410	0.366	ok
1776705495416	ws	list_tree	root_id=workspace-b	6.243	ok
1776705495422	ws	list_tree	root_id=workspace-b	5.721	ok
1776705495428	ws	list_tree	root_id=workspace-b	5.986	ok
1776705495435	ws	list_tree	root_id=workspace-b	6.458	ok
1776705495442	ws	list_tree	root_id=workspace-b	7.114	ok
1776705495448	ws	list_tree	root_id=workspace-b	5.784	ok
1776705495454	ws	list_tree	root_id=workspace-b	5.560	ok
1776705495454	ws	upload_chunk	transfer_id=197e8873-5cab-45bf-8a69-2c5b9adc6ee2	0.072	ok
1776705495454	ws	end_upload	transfer_id=197e8873-5cab-45bf-8a69-2c5b9adc6ee2	0.449	ok
1776705495460	ws	list_tree	root_id=workspace-b	5.899	ok
1776705495469	ws	list_tree	root_id=workspace-b	6.418	ok
1776705495475	ws	list_tree	root_id=workspace-b	5.695	ok
1776705495475	ws	begin_upload	root_id=workspace-b path=facturici/Factura.pdf size=179194	0.309	ok
1776705495478	ws	upload_chunk	transfer_id=4150fc8f-2323-4741-8b1e-c910293db981	0.072	ok
1776705495478	ws	end_upload	transfer_id=4150fc8f-2323-4741-8b1e-c910293db981	0.304	ok
1776705495499	ws	list_tree	root_id=workspace-b	6.115	ok
1776705495499	ws	begin_upload	root_id=workspace-b path=facturici/ianuarie/Factura #FDB26 16028013.pdf size=32624	0.458	ok
1776705495501	ws	upload_chunk	transfer_id=1b06178f-a373-4e07-aec1-3dfa801ed964	0.060	ok
1776705495501	ws	end_upload	transfer_id=1b06178f-a373-4e07-aec1-3dfa801ed964	0.223	ok
1776705495530	ws	list_tree	root_id=workspace-b	6.285	ok
1776705495536	ws	list_tree	root_id=workspace-b	5.633	ok
1776705495541	ws	list_tree	root_id=workspace-b	5.618	ok
1776705495547	ws	list_tree	root_id=workspace-b	5.822	ok
1776705495553	ws	list_tree	root_id=workspace-b	5.743	ok
1776705495559	ws	list_tree	root_id=workspace-b	6.252	ok
1776705495566	ws	list_tree	root_id=workspace-b	6.058	ok
1776705495573	ws	list_tree	root_id=workspace-b	6.818	ok
1776705495579	ws	list_tree	root_id=workspace-b	5.958	ok
1776705495584	ws	list_tree	root_id=workspace-b	5.670	ok
1776705495590	ws	list_tree	root_id=workspace-b	5.846	ok
1776705495597	ws	list_tree	root_id=workspace-b	6.255	ok
1776705495603	ws	list_tree	root_id=workspace-b	5.703	ok
1776705495603	ws	begin_upload	root_id=workspace-b path=facturici/ianuarie/NCD-126018060.pdf size=468565	0.316	ok
1776705495609	ws	list_tree	root_id=workspace-b	6.196	ok
1776705495615	ws	list_tree	root_id=workspace-b	6.016	ok
1776705495622	ws	list_tree	root_id=workspace-b	6.112	ok
1776705495628	ws	list_tree	root_id=workspace-b	5.855	ok
1776705495633	ws	list_tree	root_id=workspace-b	5.557	ok
1776705495639	ws	list_tree	root_id=workspace-b	5.574	ok
1776705495645	ws	list_tree	root_id=workspace-b	5.831	ok
1776705495648	ws	upload_chunk	transfer_id=12725ec9-3541-490a-82e3-987ad0662940	0.073	ok
1776705495649	ws	end_upload	transfer_id=12725ec9-3541-490a-82e3-987ad0662940	0.598	ok
1776705495656	ws	list_tree	root_id=workspace-b	6.359	ok
1776705495709	ws	list_tree	root_id=workspace-b	5.979	ok
1776705495715	ws	list_tree	root_id=workspace-b	5.690	ok
1776705495715	ws	begin_upload	root_id=workspace-b path=facturici/ianuarie/Factura_intretinere_ianuarie.pdf size=189932	0.296	ok
1776705495719	ws	upload_chunk	transfer_id=41d621d3-5b35-4001-a7c1-144eb2dbfb73	0.066	ok
1776705495719	ws	end_upload	transfer_id=41d621d3-5b35-4001-a7c1-144eb2dbfb73	0.228	ok
1776705495755	ws	list_tree	root_id=workspace-b	6.091	ok
1776705495761	ws	list_tree	root_id=workspace-b	5.814	ok
1776705495768	ws	list_tree	root_id=workspace-b	7.058	ok
1776705495774	ws	list_tree	root_id=workspace-b	5.859	ok
1776705495780	ws	list_tree	root_id=workspace-b	5.771	ok
1776705495786	ws	list_tree	root_id=workspace-b	6.357	ok
1776705495792	ws	list_tree	root_id=workspace-b	5.712	ok
1776705495793	ws	begin_upload	root_id=workspace-b path=facturici/ianuarie/Bill27012026_031224AM_8000099218_ce14824f-bf1b-44d2-90cd-67f91076d58a_.pdf size=407552	0.323	ok
1776705495800	ws	list_tree	root_id=workspace-b	7.053	ok
1776705495806	ws	list_tree	root_id=workspace-b	5.855	ok
1776705495812	ws	list_tree	root_id=workspace-b	5.957	ok
1776705495818	ws	list_tree	root_id=workspace-b	6.091	ok
1776705495824	ws	list_tree	root_id=workspace-b	5.787	ok
1776705495830	ws	list_tree	root_id=workspace-b	5.682	ok
1776705495837	ws	list_tree	root_id=workspace-b	6.709	ok
1776705495840	ws	upload_chunk	transfer_id=0d2bc3d3-c398-40be-92d8-69cdd1299418	0.106	ok
1776705495841	ws	end_upload	transfer_id=0d2bc3d3-c398-40be-92d8-69cdd1299418	0.371	ok
1776705495847	ws	list_tree	root_id=workspace-b	6.268	ok
1776705495853	ws	list_tree	root_id=workspace-b	6.028	ok
1776705495859	ws	list_tree	root_id=workspace-b	5.813	ok
1776705495860	ws	begin_upload	root_id=workspace-b path=facturici/Bill29032026_040502AM_8000099236_11653474-3d0a-4fa3-8b5c-0b371ac92787_.pdf size=162816	0.328	ok
1776705495862	ws	upload_chunk	transfer_id=ce9fd9af-3ed4-4571-bc92-cde29433950c	0.098	ok
1776705495863	ws	end_upload	transfer_id=ce9fd9af-3ed4-4571-bc92-cde29433950c	0.652	ok
1776705495882	ws	list_tree	root_id=workspace-b	6.356	ok
1776705495883	ws	begin_upload	root_id=workspace-b path=facturici/.git/ORIG_HEAD size=41	0.316	ok
1776705495884	ws	upload_chunk	transfer_id=4c0c8dab-ba77-419b-916b-d595bb7e2a8d	0.050	ok
1776705495884	ws	end_upload	transfer_id=4c0c8dab-ba77-419b-916b-d595bb7e2a8d	0.247	ok
1776705495913	ws	list_tree	root_id=workspace-b	7.565	ok
1776705495919	ws	list_tree	root_id=workspace-b	5.764	ok
1776705495924	ws	list_tree	root_id=workspace-b	5.745	ok
1776705495930	ws	list_tree	root_id=workspace-b	5.920	ok
1776705495936	ws	list_tree	root_id=workspace-b	5.803	ok
1776705495943	ws	list_tree	root_id=workspace-b	6.354	ok
1776705495949	ws	list_tree	root_id=workspace-b	5.981	ok
1776705495955	ws	list_tree	root_id=workspace-b	5.640	ok
1776705495961	ws	list_tree	root_id=workspace-b	6.032	ok
1776705495967	ws	list_tree	root_id=workspace-b	6.387	ok
1776705495974	ws	list_tree	root_id=workspace-b	6.246	ok
1776705495980	ws	list_tree	root_id=workspace-b	6.233	ok
1776705495987	ws	list_tree	root_id=workspace-b	6.996	ok
1776705495988	ws	begin_upload	root_id=workspace-b path=facturici/.git/config size=339	0.340	ok
1776705495995	ws	list_tree	root_id=workspace-b	6.682	ok
1776705496001	ws	list_tree	root_id=workspace-b	6.336	ok
1776705496007	ws	list_tree	root_id=workspace-b	6.303	ok
1776705496014	ws	list_tree	root_id=workspace-b	5.999	ok
1776705496019	ws	list_tree	root_id=workspace-b	5.656	ok
1776705496025	ws	list_tree	root_id=workspace-b	5.666	ok
1776705496031	ws	list_tree	root_id=workspace-b	6.024	ok
1776705496031	ws	upload_chunk	transfer_id=e3be810a-2d6a-42e6-8321-ecf70147bcc2	0.067	ok
1776705496032	ws	end_upload	transfer_id=e3be810a-2d6a-42e6-8321-ecf70147bcc2	0.288	ok
1776705496039	ws	list_tree	root_id=workspace-b	7.133	ok
1776705496045	ws	list_tree	root_id=workspace-b	6.024	ok
1776705496052	ws	list_tree	root_id=workspace-b	7.099	ok
1776705496064	ws	begin_upload	root_id=workspace-b path=facturici/.git/objects/61/8bef88b9adb87f5f6b5fc8a05778c35167b4a7 size=151	0.401	ok
1776705496071	ws	list_tree	root_id=workspace-b	6.210	ok
1776705496071	ws	upload_chunk	transfer_id=92e049a3-c2e4-4521-bea6-426dee2f6ca6	0.088	ok
1776705496072	ws	end_upload	transfer_id=92e049a3-c2e4-4521-bea6-426dee2f6ca6	0.293	ok
1776705496100	ws	list_tree	root_id=workspace-b	6.271	ok
1776705496106	ws	list_tree	root_id=workspace-b	5.801	ok
1776705496112	ws	list_tree	root_id=workspace-b	5.682	ok
1776705496119	ws	list_tree	root_id=workspace-b	6.980	ok
1776705496125	ws	list_tree	root_id=workspace-b	6.235	ok
1776705496131	ws	list_tree	root_id=workspace-b	6.123	ok
1776705496132	ws	begin_upload	root_id=workspace-b path=facturici/.git/objects/0d/59d7c5b1cae550a143f2d59faa44eb1ea080b7 size=125004	0.317	ok
1776705496138	ws	list_tree	root_id=workspace-b	6.226	ok
1776705496144	ws	list_tree	root_id=workspace-b	5.828	ok
1776705496150	ws	list_tree	root_id=workspace-b	5.957	ok
1776705496156	ws	list_tree	root_id=workspace-b	5.928	ok
1776705496163	ws	list_tree	root_id=workspace-b	6.366	ok
1776705496168	ws	list_tree	root_id=workspace-b	5.697	ok
1776705496174	ws	list_tree	root_id=workspace-b	5.603	ok
1776705496175	ws	upload_chunk	transfer_id=2baa0f5c-6695-4e5b-98f1-7b06055b3f70	0.073	ok
1776705496175	ws	end_upload	transfer_id=2baa0f5c-6695-4e5b-98f1-7b06055b3f70	0.564	ok
1776705496181	ws	list_tree	root_id=workspace-b	6.151	ok
1776705496193	ws	list_tree	root_id=workspace-b	7.395	ok
1776705496199	ws	list_tree	root_id=workspace-b	5.972	ok
1776705496200	ws	begin_upload	root_id=workspace-b path=facturici/.git/objects/92/48b442b7d6e9c8d39c00411578417fab1d6111 size=458	0.297	ok
1776705496201	ws	upload_chunk	transfer_id=756cceb8-9c8c-4fe3-87ff-245b4249ebf4	0.055	ok
1776705496201	ws	end_upload	transfer_id=756cceb8-9c8c-4fe3-87ff-245b4249ebf4	0.198	ok
1776705496223	ws	list_tree	root_id=workspace-b	6.135	ok
1776705496223	ws	begin_upload	root_id=workspace-b path=facturici/.git/objects/92/cfe43027218d6bcb87a93dd66c202bc5238ab6 size=445061	0.290	ok
1776705496229	ws	upload_chunk	transfer_id=ca4bb614-d960-47c8-b760-b5454b7c99a3	0.081	ok
1776705496230	ws	end_upload	transfer_id=ca4bb614-d960-47c8-b760-b5454b7c99a3	0.515	ok
1776705496253	ws	list_tree	root_id=workspace-b	6.257	ok
1776705496260	ws	list_tree	root_id=workspace-b	7.464	ok
1776705496266	ws	list_tree	root_id=workspace-b	5.881	ok
1776705496272	ws	list_tree	root_id=workspace-b	6.062	ok
1776705496279	ws	list_tree	root_id=workspace-b	6.313	ok
1776705496285	ws	list_tree	root_id=workspace-b	6.508	ok
1776705496292	ws	list_tree	root_id=workspace-b	6.135	ok
1776705496298	ws	list_tree	root_id=workspace-b	5.799	ok
1776705496304	ws	list_tree	root_id=workspace-b	5.740	ok
1776705496310	ws	list_tree	root_id=workspace-b	6.078	ok
1776705496316	ws	list_tree	root_id=workspace-b	6.515	ok
1776705496323	ws	list_tree	root_id=workspace-b	6.168	ok
1776705496329	ws	list_tree	root_id=workspace-b	5.754	ok
1776705496329	ws	begin_upload	root_id=workspace-b path=facturici/.git/objects/92/05dd7d2e0da635b3513508489d91f9e730b91f size=311697	0.329	ok
1776705496337	ws	list_tree	root_id=workspace-b	7.473	ok
1776705496343	ws	list_tree	root_id=workspace-b	5.932	ok
1776705496349	ws	list_tree	root_id=workspace-b	6.353	ok
1776705496355	ws	list_tree	root_id=workspace-b	5.848	ok
1776705496361	ws	list_tree	root_id=workspace-b	5.800	ok
1776705496367	ws	list_tree	root_id=workspace-b	5.734	ok
1776705496373	ws	list_tree	root_id=workspace-b	5.790	ok
1776705496375	ws	upload_chunk	transfer_id=ad689d99-2bdd-4d4d-a403-1be7c3698d31	0.200	ok
1776705496376	ws	end_upload	transfer_id=ad689d99-2bdd-4d4d-a403-1be7c3698d31	0.333	ok
1776705496383	ws	list_tree	root_id=workspace-b	6.579	ok
1776705496389	ws	list_tree	root_id=workspace-b	5.900	ok
1776705496395	ws	list_tree	root_id=workspace-b	6.186	ok
1776705496407	ws	begin_upload	root_id=workspace-b path=facturici/.git/objects/0c/98f202be270a750afc3c06ef40161afd84e8de size=151	0.415	ok
1776705496408	ws	upload_chunk	transfer_id=179fa775-4b51-4ad7-afa3-33da824e57c0	0.074	ok
1776705496408	ws	end_upload	transfer_id=179fa775-4b51-4ad7-afa3-33da824e57c0	0.256	ok
1776705496440	ws	list_tree	root_id=workspace-b	6.127	ok
1776705496446	ws	list_tree	root_id=workspace-b	6.007	ok
1776705496452	ws	list_tree	root_id=workspace-b	5.691	ok
1776705496458	ws	list_tree	root_id=workspace-b	5.857	ok
1776705496465	ws	list_tree	root_id=workspace-b	6.392	ok
1776705496472	ws	list_tree	root_id=workspace-b	7.100	ok
1776705496478	ws	list_tree	root_id=workspace-b	6.138	ok
1776705496478	ws	begin_upload	root_id=workspace-b path=facturici/.git/objects/0c/f75ebc621be3f244ef108792033d1e88767eaf size=964	0.277	ok
1776705496485	ws	list_tree	root_id=workspace-b	6.068	ok
1776705496491	ws	list_tree	root_id=workspace-b	5.917	ok
1776705496497	ws	list_tree	root_id=workspace-b	6.257	ok
1776705496504	ws	list_tree	root_id=workspace-b	6.434	ok
1776705496509	ws	list_tree	root_id=workspace-b	5.700	ok
1776705496515	ws	list_tree	root_id=workspace-b	5.830	ok
1776705496521	ws	list_tree	root_id=workspace-b	5.721	ok
1776705496521	ws	upload_chunk	transfer_id=b180a7ed-86db-4e3f-9d36-48bf02f252e9	0.098	ok
1776705496522	ws	end_upload	transfer_id=b180a7ed-86db-4e3f-9d36-48bf02f252e9	0.276	ok
1776705496528	ws	list_tree	root_id=workspace-b	6.444	ok
1776705496534	ws	list_tree	root_id=workspace-b	6.037	ok
1776705496541	ws	list_tree	root_id=workspace-b	7.091	ok
1776705496542	ws	begin_upload	root_id=workspace-b path=facturici/.git/objects/66/cb91d673b7905e75c395f7e43fd6d807d753f7 size=207	0.318	ok
1776705496543	ws	upload_chunk	transfer_id=52423ea9-9833-4bd0-a078-5e4b72f8e0c0	0.058	ok
1776705496543	ws	end_upload	transfer_id=52423ea9-9833-4bd0-a078-5e4b72f8e0c0	0.423	ok
1776705496562	ws	list_tree	root_id=workspace-b	6.658	ok
1776705496563	ws	begin_upload	root_id=workspace-b path=facturici/.git/objects/3e/f17ac293a6db81e1fd3e8a542bcd562e7dd250 size=186	0.331	ok
1776705496564	ws	upload_chunk	transfer_id=5dff89be-577b-402a-ac70-15c590304508	0.056	ok
1776705496564	ws	end_upload	transfer_id=5dff89be-577b-402a-ac70-15c590304508	0.237	ok
1776705496591	ws	list_tree	root_id=workspace-b	6.601	ok
1776705496597	ws	list_tree	root_id=workspace-b	6.077	ok
1776705496603	ws	list_tree	root_id=workspace-b	5.717	ok
1776705496610	ws	list_tree	root_id=workspace-b	6.345	ok
1776705496616	ws	list_tree	root_id=workspace-b	5.995	ok
1776705496625	ws	list_tree	root_id=workspace-b	8.633	ok
1776705496631	ws	list_tree	root_id=workspace-b	6.360	ok
1776705496637	ws	list_tree	root_id=workspace-b	5.742	ok
1776705496643	ws	list_tree	root_id=workspace-b	5.686	ok
1776705496649	ws	list_tree	root_id=workspace-b	6.143	ok
1776705496655	ws	list_tree	root_id=workspace-b	5.525	ok
1776705496660	ws	list_tree	root_id=workspace-b	5.542	ok
1776705496666	ws	list_tree	root_id=workspace-b	5.774	ok
1776705496667	ws	begin_upload	root_id=workspace-b path=facturici/.git/objects/50/08ddfcf53c02e82d7eee2e57c38e5672ef89f6 size=255	0.282	ok
1776705496673	ws	list_tree	root_id=workspace-b	5.951	ok
1776705496678	ws	list_tree	root_id=workspace-b	5.640	ok
1776705496684	ws	list_tree	root_id=workspace-b	5.713	ok
1776705496690	ws	list_tree	root_id=workspace-b	5.628	ok
1776705496696	ws	list_tree	root_id=workspace-b	5.924	ok
1776705496702	ws	list_tree	root_id=workspace-b	5.899	ok
1776705496709	ws	list_tree	root_id=workspace-b	6.646	ok
1776705496709	ws	upload_chunk	transfer_id=55f8e0d7-5dc8-4a35-b952-1ba15e82ae86	0.076	ok
1776705496709	ws	end_upload	transfer_id=55f8e0d7-5dc8-4a35-b952-1ba15e82ae86	0.287	ok
1776705496715	ws	list_tree	root_id=workspace-b	6.069	ok
1776705496761	ws	list_tree	root_id=workspace-b	6.242	ok
1776705496767	ws	list_tree	root_id=workspace-b	5.858	ok
1776705496767	ws	begin_upload	root_id=workspace-b path=facturici/.git/objects/50/23460cb7852d2d3cce15a2c4d6a8b104f1663f size=105	0.307	ok
1776705496769	ws	upload_chunk	transfer_id=d37448b7-afd1-44ab-86a5-0f568e4c4e93	0.100	ok
1776705496769	ws	end_upload	transfer_id=d37448b7-afd1-44ab-86a5-0f568e4c4e93	0.267	ok
1776705496790	ws	list_tree	root_id=workspace-b	6.245	ok
1776705496796	ws	list_tree	root_id=workspace-b	5.937	ok
1776705496802	ws	list_tree	root_id=workspace-b	5.699	ok
1776705496809	ws	list_tree	root_id=workspace-b	7.110	ok
1776705496816	ws	list_tree	root_id=workspace-b	6.577	ok
1776705496822	ws	list_tree	root_id=workspace-b	6.072	ok
1776705496828	ws	list_tree	root_id=workspace-b	5.715	ok
1776705496828	ws	begin_upload	root_id=workspace-b path=facturici/.git/objects/3b/588ff145a850859283527f9879b0e60f447df9 size=176	0.281	ok
1776705496834	ws	list_tree	root_id=workspace-b	6.051	ok
1776705496840	ws	list_tree	root_id=workspace-b	6.059	ok
1776705496847	ws	list_tree	root_id=workspace-b	6.156	ok
1776705496853	ws	list_tree	root_id=workspace-b	6.346	ok
1776705496859	ws	list_tree	root_id=workspace-b	5.714	ok
1776705496865	ws	list_tree	root_id=workspace-b	5.838	ok
1776705496871	ws	list_tree	root_id=workspace-b	5.790	ok
1776705496871	ws	upload_chunk	transfer_id=83b8c58a-7321-40df-a0a5-f541618df5c6	0.132	ok
1776705496871	ws	end_upload	transfer_id=83b8c58a-7321-40df-a0a5-f541618df5c6	0.269	ok
1776705496878	ws	list_tree	root_id=workspace-b	6.483	ok
1776705496885	ws	list_tree	root_id=workspace-b	7.304	ok
1776705496891	ws	list_tree	root_id=workspace-b	6.061	ok
1776705496892	ws	begin_upload	root_id=workspace-b path=facturici/.git/objects/3b/ff48012091a5050296625699cb2926971367b4 size=39062	0.300	ok
1776705496893	ws	upload_chunk	transfer_id=2c1f3d27-b4f2-40b2-9bd9-862f4c0d4737	0.058	ok
1776705496894	ws	end_upload	transfer_id=2c1f3d27-b4f2-40b2-9bd9-862f4c0d4737	0.443	ok
1776705496914	ws	list_tree	root_id=workspace-b	6.380	ok
1776705496914	ws	begin_upload	root_id=workspace-b path=facturici/.git/objects/6f/323610ed3f526a5a536cfe75522ce5a7287b0f size=39075	0.305	ok
1776705496915	ws	upload_chunk	transfer_id=0ef955f9-23da-4a86-89dd-887a2690f52c	0.059	ok
1776705496915	ws	end_upload	transfer_id=0ef955f9-23da-4a86-89dd-887a2690f52c	0.244	ok
1776705496942	ws	list_tree	root_id=workspace-b	6.242	ok
1776705496949	ws	list_tree	root_id=workspace-b	7.193	ok
1776705496955	ws	list_tree	root_id=workspace-b	5.893	ok
1776705496961	ws	list_tree	root_id=workspace-b	5.894	ok
1776705496967	ws	list_tree	root_id=workspace-b	6.044	ok
1776705496974	ws	list_tree	root_id=workspace-b	6.514	ok
1776705496980	ws	list_tree	root_id=workspace-b	6.143	ok
1776705496986	ws	list_tree	root_id=workspace-b	5.729	ok
1776705496992	ws	list_tree	root_id=workspace-b	5.958	ok
1776705496998	ws	list_tree	root_id=workspace-b	6.106	ok
1776705497005	ws	list_tree	root_id=workspace-b	6.395	ok
1776705497011	ws	list_tree	root_id=workspace-b	6.100	ok
1776705497017	ws	list_tree	root_id=workspace-b	5.870	ok
1776705497017	ws	begin_upload	root_id=workspace-b path=facturici/.git/objects/6f/309564366a9f0a975adfd56889e7c8ab8d5cbd size=202	0.300	ok
1776705497025	ws	list_tree	root_id=workspace-b	7.482	ok
1776705497031	ws	list_tree	root_id=workspace-b	6.083	ok
1776705497038	ws	list_tree	root_id=workspace-b	6.846	ok
1776705497044	ws	list_tree	root_id=workspace-b	5.933	ok
1776705497050	ws	list_tree	root_id=workspace-b	5.892	ok
1776705497057	ws	list_tree	root_id=workspace-b	6.417	ok
1776705497063	ws	list_tree	root_id=workspace-b	6.260	ok
1776705497063	ws	upload_chunk	transfer_id=02ff2617-26cf-43b6-a3dc-071b3f5f3c24	0.094	ok
1776705497064	ws	end_upload	transfer_id=02ff2617-26cf-43b6-a3dc-071b3f5f3c24	0.449	ok
1776705497070	ws	list_tree	root_id=workspace-b	6.046	ok
1776705497098	ws	list_tree	root_id=workspace-b	6.630	ok
1776705497104	ws	list_tree	root_id=workspace-b	5.813	ok
1776705497104	ws	begin_upload	root_id=workspace-b path=facturici/.git/objects/03/5721d731d83d01b453618e7b4dbfbd837ee009 size=270	0.305	ok
1776705497105	ws	upload_chunk	transfer_id=057f5a97-0d09-404a-91dc-56b1f0a19c9f	0.059	ok
1776705497105	ws	end_upload	transfer_id=057f5a97-0d09-404a-91dc-56b1f0a19c9f	0.221	ok
1776705497125	ws	list_tree	root_id=workspace-b	6.404	ok
1776705497131	ws	list_tree	root_id=workspace-b	6.005	ok
1776705497137	ws	list_tree	root_id=workspace-b	5.744	ok
1776705497143	ws	list_tree	root_id=workspace-b	5.790	ok
1776705497143	ws	begin_upload	root_id=workspace-b path=facturici/.git/objects/9b/df0ed935ffcfe430e5c2544c02526a87f70f57 size=142821	0.335	ok
1776705497146	ws	upload_chunk	transfer_id=04d343b0-5629-4355-a103-4d2ba8a0987f	0.089	ok
1776705497146	ws	end_upload	transfer_id=04d343b0-5629-4355-a103-4d2ba8a0987f	0.274	ok
1776705497155	ws	list_tree	root_id=workspace-b	6.404	ok
1776705497163	ws	list_tree	root_id=workspace-b	7.732	ok
1776705497170	ws	list_tree	root_id=workspace-b	7.590	ok
1776705497177	ws	list_tree	root_id=workspace-b	6.494	ok
1776705497184	ws	list_tree	root_id=workspace-b	6.621	ok
1776705497192	ws	list_tree	root_id=workspace-b	7.611	ok
1776705497199	ws	list_tree	root_id=workspace-b	6.787	ok
1776705497199	ws	begin_upload	root_id=workspace-b path=facturici/.git/objects/9b/83e77d53fdf8633910ea304e1fcf5ae49bf089 size=36604	0.334	ok
1776705497206	ws	list_tree	root_id=workspace-b	6.554	ok
1776705497206	ws	upload_chunk	transfer_id=b38536b1-48d2-4eb6-a43f-6dd00cfa94fd	0.109	ok
1776705497207	ws	end_upload	transfer_id=b38536b1-48d2-4eb6-a43f-6dd00cfa94fd	0.264	ok
1776705497229	ws	list_tree	root_id=workspace-b	10.549	ok
1776705497237	ws	list_tree	root_id=workspace-b	7.392	ok
1776705497243	ws	list_tree	root_id=workspace-b	5.909	ok
1776705497249	ws	list_tree	root_id=workspace-b	6.186	ok
1776705497255	ws	list_tree	root_id=workspace-b	6.183	ok
1776705497262	ws	list_tree	root_id=workspace-b	6.310	ok
1776705497262	ws	begin_upload	root_id=workspace-b path=facturici/.git/objects/9b/db47f81fc9f73a047299bed87f4039eac425d7 size=188	0.336	ok
1776705497268	ws	list_tree	root_id=workspace-b	6.073	ok
1776705497274	ws	list_tree	root_id=workspace-b	5.938	ok
1776705497281	ws	list_tree	root_id=workspace-b	6.032	ok
1776705497287	ws	list_tree	root_id=workspace-b	6.226	ok
1776705497293	ws	list_tree	root_id=workspace-b	5.994	ok
1776705497300	ws	list_tree	root_id=workspace-b	7.356	ok
1776705497306	ws	list_tree	root_id=workspace-b	5.874	ok
1776705497307	ws	upload_chunk	transfer_id=5de85eb1-c532-42b7-8906-4b22549a6235	0.063	ok
1776705497307	ws	end_upload	transfer_id=5de85eb1-c532-42b7-8906-4b22549a6235	0.310	ok
1776705497313	ws	list_tree	root_id=workspace-b	6.142	ok
1776705497322	ws	list_tree	root_id=workspace-b	6.433	ok
1776705497328	ws	list_tree	root_id=workspace-b	5.965	ok
1776705497329	ws	begin_upload	root_id=workspace-b path=facturici/.git/objects/9e/232c6cd5eb7ff7e933d55354121f8c10a425d1 size=292929	0.332	ok
1776705497334	ws	upload_chunk	transfer_id=ea020470-4903-4ea6-b58a-d2bb16dbffd3	0.089	ok
1776705497335	ws	end_upload	transfer_id=ea020470-4903-4ea6-b58a-d2bb16dbffd3	0.320	ok
1776705497352	ws	list_tree	root_id=workspace-b	6.299	ok
1776705497352	ws	begin_upload	root_id=workspace-b path=facturici/.git/objects/9e/9464e40893604d02de32c4d362a12a1627427b size=38986	0.287	ok
1776705497353	ws	upload_chunk	transfer_id=9092ce16-a098-4e9c-944d-1d378e5c5a27	0.059	ok
1776705497354	ws	end_upload	transfer_id=9092ce16-a098-4e9c-944d-1d378e5c5a27	0.221	ok
1776705497383	ws	list_tree	root_id=workspace-b	6.403	ok
1776705497389	ws	list_tree	root_id=workspace-b	6.082	ok
1776705497395	ws	list_tree	root_id=workspace-b	5.761	ok
1776705497401	ws	list_tree	root_id=workspace-b	5.923	ok
1776705497407	ws	list_tree	root_id=workspace-b	6.199	ok
1776705497414	ws	list_tree	root_id=workspace-b	6.658	ok
1776705497420	ws	list_tree	root_id=workspace-b	5.930	ok
1776705497426	ws	list_tree	root_id=workspace-b	5.798	ok
1776705497433	ws	list_tree	root_id=workspace-b	7.394	ok
1776705497440	ws	list_tree	root_id=workspace-b	6.121	ok
1776705497446	ws	list_tree	root_id=workspace-b	6.298	ok
1776705497452	ws	list_tree	root_id=workspace-b	6.079	ok
1776705497458	ws	list_tree	root_id=workspace-b	5.806	ok
1776705497459	ws	begin_upload	root_id=workspace-b path=facturici/.git/objects/32/dd7b81351b9e5f75f600d1511a943fd7df52cb size=369147	0.423	ok
1776705497465	ws	list_tree	root_id=workspace-b	6.612	ok
1776705497472	ws	list_tree	root_id=workspace-b	6.051	ok
1776705497478	ws	list_tree	root_id=workspace-b	6.533	ok
1776705497484	ws	list_tree	root_id=workspace-b	5.963	ok
1776705497491	ws	list_tree	root_id=workspace-b	6.199	ok
1776705497497	ws	list_tree	root_id=workspace-b	6.000	ok
1776705497505	ws	list_tree	root_id=workspace-b	8.231	ok
1776705497508	ws	upload_chunk	transfer_id=928f27f5-8ba0-47da-851d-10ba41932822	0.098	ok
1776705497508	ws	end_upload	transfer_id=928f27f5-8ba0-47da-851d-10ba41932822	0.318	ok
1776705497515	ws	list_tree	root_id=workspace-b	6.260	ok
1776705497538	ws	list_tree	root_id=workspace-b	6.236	ok
1776705497544	ws	list_tree	root_id=workspace-b	5.856	ok
1776705497544	ws	begin_upload	root_id=workspace-b path=facturici/.git/objects/35/bf8e73df31807f03a3d9d9ce19bfaad79bc735 size=22	0.330	ok
1776705497545	ws	upload_chunk	transfer_id=9d2803dd-796b-49e6-89e5-cc067be3ee21	0.052	ok
1776705497546	ws	end_upload	transfer_id=9d2803dd-796b-49e6-89e5-cc067be3ee21	0.205	ok
1776705497568	ws	list_tree	root_id=workspace-b	7.224	ok
1776705497575	ws	list_tree	root_id=workspace-b	6.260	ok
1776705497581	ws	list_tree	root_id=workspace-b	6.462	ok
1776705497588	ws	list_tree	root_id=workspace-b	6.251	ok
1776705497595	ws	list_tree	root_id=workspace-b	6.625	ok
1776705497601	ws	list_tree	root_id=workspace-b	6.119	ok
1776705497607	ws	list_tree	root_id=workspace-b	5.800	ok
1776705497607	ws	begin_upload	root_id=workspace-b path=facturici/.git/objects/35/fa4a757dae8835e59ba22eb72a394c5114b4f6 size=36612	0.304	ok
1776705497613	ws	list_tree	root_id=workspace-b	6.136	ok
1776705497619	ws	list_tree	root_id=workspace-b	6.025	ok
1776705497626	ws	list_tree	root_id=workspace-b	6.177	ok
1776705497632	ws	list_tree	root_id=workspace-b	6.432	ok
1776705497638	ws	list_tree	root_id=workspace-b	5.753	ok
1776705497644	ws	list_tree	root_id=workspace-b	5.785	ok
1776705497650	ws	list_tree	root_id=workspace-b	5.754	ok
1776705497650	ws	upload_chunk	transfer_id=0041049f-2247-40c7-8edf-0785b0811a7a	0.054	ok
1776705497651	ws	end_upload	transfer_id=0041049f-2247-40c7-8edf-0785b0811a7a	0.270	ok
1776705497658	ws	list_tree	root_id=workspace-b	7.261	ok
1776705497711	ws	list_tree	root_id=workspace-b	6.255	ok
1776705497717	ws	list_tree	root_id=workspace-b	5.815	ok
1776705497718	ws	begin_upload	root_id=workspace-b path=facturici/.git/objects/69/01b90b55842e105e17abdb5dea829155b10416 size=39059	0.378	ok
1776705497719	ws	upload_chunk	transfer_id=f5d7d051-3772-4cac-ac29-8b9e5b897c6a	0.056	ok
1776705497720	ws	end_upload	transfer_id=f5d7d051-3772-4cac-ac29-8b9e5b897c6a	0.207	ok
1776705497759	ws	list_tree	root_id=workspace-b	6.657	ok
1776705497766	ws	list_tree	root_id=workspace-b	6.821	ok
1776705497772	ws	list_tree	root_id=workspace-b	5.902	ok
1776705497780	ws	list_tree	root_id=workspace-b	7.626	ok
1776705497787	ws	list_tree	root_id=workspace-b	6.586	ok
1776705497793	ws	list_tree	root_id=workspace-b	6.198	ok
1776705497799	ws	list_tree	root_id=workspace-b	6.037	ok
1776705497800	ws	begin_upload	root_id=workspace-b path=facturici/.git/objects/3c/8d8b3b389b0abc2e44306d89b496dda49c9075 size=36597	0.302	ok
1776705497806	ws	list_tree	root_id=workspace-b	6.136	ok
1776705497812	ws	list_tree	root_id=workspace-b	6.168	ok
1776705497818	ws	list_tree	root_id=workspace-b	6.274	ok
1776705497825	ws	list_tree	root_id=workspace-b	6.376	ok
1776705497833	ws	list_tree	root_id=workspace-b	7.345	ok
1776705497839	ws	list_tree	root_id=workspace-b	5.981	ok
1776705497845	ws	list_tree	root_id=workspace-b	6.125	ok
1776705497845	ws	upload_chunk	transfer_id=f646ce93-0de8-4510-930d-d6f26048ce9a	0.070	ok
1776705497846	ws	end_upload	transfer_id=f646ce93-0de8-4510-930d-d6f26048ce9a	0.282	ok
1776705497852	ws	list_tree	root_id=workspace-b	6.458	ok
1776705497859	ws	list_tree	root_id=workspace-b	6.154	ok
1776705497865	ws	list_tree	root_id=workspace-b	6.252	ok
1776705497865	ws	begin_upload	root_id=workspace-b path=facturici/.git/objects/51/57891910680b003518c9ecad0205722a2ce55b size=375381	0.320	ok
1776705497870	ws	upload_chunk	transfer_id=0e1663b2-6ea8-40ca-9319-6b638056c607	0.085	ok
1776705497871	ws	end_upload	transfer_id=0e1663b2-6ea8-40ca-9319-6b638056c607	0.533	ok
1776705497887	ws	list_tree	root_id=workspace-b	6.268	ok
1776705497888	ws	begin_upload	root_id=workspace-b path=facturici/.git/objects/3d/25e1a0c1cce32a2a52ef7e6b613ff37592b827 size=113	0.311	ok
1776705497889	ws	upload_chunk	transfer_id=b17fef3c-2369-414d-bba0-ff48377c100b	0.053	ok
1776705497889	ws	end_upload	transfer_id=b17fef3c-2369-414d-bba0-ff48377c100b	0.295	ok
1776705497918	ws	list_tree	root_id=workspace-b	6.297	ok
1776705497924	ws	list_tree	root_id=workspace-b	5.994	ok
1776705497930	ws	list_tree	root_id=workspace-b	6.067	ok
1776705497937	ws	list_tree	root_id=workspace-b	5.949	ok
1776705497943	ws	list_tree	root_id=workspace-b	6.074	ok
1776705497949	ws	list_tree	root_id=workspace-b	6.628	ok
1776705497955	ws	list_tree	root_id=workspace-b	5.929	ok
1776705497963	ws	list_tree	root_id=workspace-b	7.079	ok
1776705497969	ws	list_tree	root_id=workspace-b	6.174	ok
1776705497975	ws	list_tree	root_id=workspace-b	6.307	ok
1776705497982	ws	list_tree	root_id=workspace-b	6.717	ok
1776705497988	ws	list_tree	root_id=workspace-b	6.133	ok
1776705497994	ws	list_tree	root_id=workspace-b	5.868	ok
1776705497995	ws	begin_upload	root_id=workspace-b path=facturici/.git/objects/3d/0035ca77f82fdd43948bfeec3ed4d37dde1303 size=200164	0.296	ok
1776705498001	ws	list_tree	root_id=workspace-b	6.426	ok
1776705498007	ws	list_tree	root_id=workspace-b	6.137	ok
1776705498014	ws	list_tree	root_id=workspace-b	6.496	ok
1776705498020	ws	list_tree	root_id=workspace-b	5.930	ok
1776705498026	ws	list_tree	root_id=workspace-b	5.873	ok
1776705498034	ws	list_tree	root_id=workspace-b	7.361	ok
1776705498040	ws	list_tree	root_id=workspace-b	6.645	ok
1776705498042	ws	upload_chunk	transfer_id=203282d0-3a45-494c-b7b6-c3eab144a798	0.128	ok
1776705498043	ws	end_upload	transfer_id=203282d0-3a45-494c-b7b6-c3eab144a798	0.697	ok
1776705498050	ws	list_tree	root_id=workspace-b	6.389	ok
1776705498073	ws	list_tree	root_id=workspace-b	6.218	ok
1776705498079	ws	list_tree	root_id=workspace-b	6.054	ok
1776705498079	ws	begin_upload	root_id=workspace-b path=facturici/.git/objects/58/e9970f1e5475f032f77aa7c8ff98911e749021 size=304009	0.300	ok
1776705498083	ws	upload_chunk	transfer_id=a3e86364-9615-48fb-b14b-77f66ba943f9	0.082	ok
1776705498084	ws	end_upload	transfer_id=a3e86364-9615-48fb-b14b-77f66ba943f9	0.254	ok
1776705498100	ws	list_tree	root_id=workspace-b	6.873	ok
1776705498107	ws	list_tree	root_id=workspace-b	6.713	ok
1776705498113	ws	list_tree	root_id=workspace-b	6.055	ok
1776705498120	ws	list_tree	root_id=workspace-b	5.978	ok
1776705498126	ws	list_tree	root_id=workspace-b	6.021	ok
1776705498132	ws	list_tree	root_id=workspace-b	6.714	ok
1776705498139	ws	list_tree	root_id=workspace-b	5.970	ok
1776705498139	ws	begin_upload	root_id=workspace-b path=facturici/.git/objects/58/2478be79b2ee77e212a543356b95cc1306be92 size=247	0.300	ok
1776705498145	ws	list_tree	root_id=workspace-b	6.208	ok
1776705498151	ws	list_tree	root_id=workspace-b	6.018	ok
1776705498158	ws	list_tree	root_id=workspace-b	6.191	ok
1776705498164	ws	list_tree	root_id=workspace-b	6.666	ok
1776705498172	ws	list_tree	root_id=workspace-b	7.774	ok
1776705498179	ws	list_tree	root_id=workspace-b	6.535	ok
1776705498185	ws	list_tree	root_id=workspace-b	6.041	ok
1776705498185	ws	upload_chunk	transfer_id=a11e6c27-b79e-46a3-a043-c72024c4563b	0.062	ok
1776705498186	ws	end_upload	transfer_id=a11e6c27-b79e-46a3-a043-c72024c4563b	0.291	ok
1776705498192	ws	list_tree	root_id=workspace-b	6.157	ok
1776705498200	ws	list_tree	root_id=workspace-b	6.520	ok
1776705498206	ws	list_tree	root_id=workspace-b	6.175	ok
1776705498207	ws	begin_upload	root_id=workspace-b path=facturici/.git/objects/58/55d339ca27c2b885d6b793796e20c32bfa4214 size=141267	0.378	ok
1776705498210	ws	upload_chunk	transfer_id=a27b1c0c-f34c-4d0b-851f-457fdd4a03e3	0.068	ok
1776705498210	ws	end_upload	transfer_id=a27b1c0c-f34c-4d0b-851f-457fdd4a03e3	0.289	ok
1776705498230	ws	list_tree	root_id=workspace-b	6.617	ok
1776705498230	ws	begin_upload	root_id=workspace-b path=facturici/.git/objects/0b/acb5f7ae398aeab0248416d7401fc08e82e024 size=154	0.299	ok
1776705498231	ws	upload_chunk	transfer_id=572751d4-3e2e-4773-91f5-69f2bee7c6b3	0.058	ok
1776705498231	ws	end_upload	transfer_id=572751d4-3e2e-4773-91f5-69f2bee7c6b3	0.233	ok
1776705498260	ws	list_tree	root_id=workspace-b	6.384	ok
1776705498267	ws	list_tree	root_id=workspace-b	6.237	ok
1776705498273	ws	list_tree	root_id=workspace-b	5.998	ok
1776705498279	ws	list_tree	root_id=workspace-b	6.278	ok
1776705498285	ws	list_tree	root_id=workspace-b	6.174	ok
1776705498292	ws	list_tree	root_id=workspace-b	6.744	ok
1776705498298	ws	list_tree	root_id=workspace-b	6.154	ok
1776705498306	ws	list_tree	root_id=workspace-b	7.371	ok
1776705498312	ws	list_tree	root_id=workspace-b	6.169	ok
1776705498318	ws	list_tree	root_id=workspace-b	6.057	ok
1776705498325	ws	list_tree	root_id=workspace-b	6.431	ok
1776705498331	ws	list_tree	root_id=workspace-b	6.252	ok
1776705498337	ws	list_tree	root_id=workspace-b	5.831	ok
1776705498338	ws	begin_upload	root_id=workspace-b path=facturici/.git/objects/93/2fc2d758161c9e2bc1391014f0caef14adaddb size=621	0.310	ok
1776705498344	ws	list_tree	root_id=workspace-b	6.409	ok
1776705498350	ws	list_tree	root_id=workspace-b	6.250	ok
1776705498357	ws	list_tree	root_id=workspace-b	6.581	ok
1776705498363	ws	list_tree	root_id=workspace-b	6.070	ok
1776705498371	ws	list_tree	root_id=workspace-b	7.051	ok
1776705498377	ws	list_tree	root_id=workspace-b	6.354	ok
1776705498384	ws	list_tree	root_id=workspace-b	6.428	ok
1776705498384	ws	upload_chunk	transfer_id=de9de380-ea5e-40e7-81bf-b706ec49d7ba	0.084	ok
1776705498384	ws	end_upload	transfer_id=de9de380-ea5e-40e7-81bf-b706ec49d7ba	0.349	ok
1776705498391	ws	list_tree	root_id=workspace-b	6.556	ok
1776705498417	ws	list_tree	root_id=workspace-b	6.742	ok
1776705498423	ws	list_tree	root_id=workspace-b	6.097	ok
1776705498424	ws	begin_upload	root_id=workspace-b path=facturici/.git/objects/94/c640322978e3e720a3a7b117908074e5a0388e size=301849	0.305	ok
1776705498428	ws	upload_chunk	transfer_id=00c9e435-a7bd-4346-bce2-d77c9917ef6c	0.103	ok
1776705498428	ws	end_upload	transfer_id=00c9e435-a7bd-4346-bce2-d77c9917ef6c	0.337	ok
1776705498446	ws	list_tree	root_id=workspace-b	8.156	ok
1776705498453	ws	list_tree	root_id=workspace-b	6.202	ok
1776705498459	ws	list_tree	root_id=workspace-b	6.016	ok
1776705498465	ws	list_tree	root_id=workspace-b	6.308	ok
1776705498472	ws	list_tree	root_id=workspace-b	6.304	ok
1776705498478	ws	list_tree	root_id=workspace-b	6.638	ok
1776705498485	ws	list_tree	root_id=workspace-b	6.081	ok
1776705498485	ws	begin_upload	root_id=workspace-b path=facturici/.git/objects/94/e8dad89acb49bf2d25736f536cebc30c0dfbfc size=201	0.288	ok
1776705498491	ws	list_tree	root_id=workspace-b	6.284	ok
1776705498498	ws	list_tree	root_id=workspace-b	6.216	ok
1776705498504	ws	list_tree	root_id=workspace-b	6.260	ok
1776705498511	ws	list_tree	root_id=workspace-b	6.474	ok
1776705498519	ws	list_tree	root_id=workspace-b	7.785	ok
1776705498525	ws	list_tree	root_id=workspace-b	6.066	ok
1776705498531	ws	list_tree	root_id=workspace-b	6.247	ok
1776705498531	ws	upload_chunk	transfer_id=2d7767f2-e7c9-4159-b38b-73374d9c637c	0.068	ok
1776705498532	ws	end_upload	transfer_id=2d7767f2-e7c9-4159-b38b-73374d9c637c	0.320	ok
1776705498538	ws	list_tree	root_id=workspace-b	6.361	ok
1776705498545	ws	list_tree	root_id=workspace-b	6.471	ok
1776705498551	ws	list_tree	root_id=workspace-b	6.112	ok
1776705498551	ws	begin_upload	root_id=workspace-b path=facturici/.git/objects/94/49ef0e808e90b6dee18427372145afc0aeddd3 size=141885	0.341	ok
1776705498554	ws	upload_chunk	transfer_id=924812e2-6ef5-481c-aab8-b54a0bf05b7f	0.066	ok
1776705498554	ws	end_upload	transfer_id=924812e2-6ef5-481c-aab8-b54a0bf05b7f	0.226	ok
1776705498574	ws	list_tree	root_id=workspace-b	6.418	ok
1776705498575	ws	begin_upload	root_id=workspace-b path=facturici/.git/objects/94/5438a54365ca1f16df1ab439c73ab8e93f8250 size=242	0.430	ok
1776705498576	ws	upload_chunk	transfer_id=ac5cd0b5-2600-4d40-a51c-8b42a11dd988	0.069	ok
1776705498578	ws	end_upload	transfer_id=ac5cd0b5-2600-4d40-a51c-8b42a11dd988	1.635	ok
1776705498606	ws	list_tree	root_id=workspace-b	6.718	ok
1776705498612	ws	list_tree	root_id=workspace-b	6.273	ok
1776705498618	ws	list_tree	root_id=workspace-b	6.018	ok
1776705498625	ws	list_tree	root_id=workspace-b	6.137	ok
1776705498631	ws	list_tree	root_id=workspace-b	6.306	ok
1776705498638	ws	list_tree	root_id=workspace-b	6.730	ok
1776705498644	ws	list_tree	root_id=workspace-b	5.969	ok
1776705498650	ws	list_tree	root_id=workspace-b	6.065	ok
1776705498656	ws	list_tree	root_id=workspace-b	5.893	ok
1776705498662	ws	list_tree	root_id=workspace-b	6.075	ok
1776705498670	ws	list_tree	root_id=workspace-b	7.627	ok
1776705498676	ws	list_tree	root_id=workspace-b	5.975	ok
1776705498682	ws	list_tree	root_id=workspace-b	6.079	ok
1776705498683	ws	begin_upload	root_id=workspace-b path=facturici/.git/objects/94/f24bd8cb282a2793fdb11027a932c7a944db5f size=199944	0.324	ok
1776705498689	ws	list_tree	root_id=workspace-b	6.393	ok
1776705498695	ws	list_tree	root_id=workspace-b	6.078	ok
1776705498701	ws	list_tree	root_id=workspace-b	5.857	ok
1776705498707	ws	list_tree	root_id=workspace-b	5.828	ok
1776705498713	ws	list_tree	root_id=workspace-b	6.124	ok
1776705498720	ws	list_tree	root_id=workspace-b	6.209	ok
1776705498726	ws	list_tree	root_id=workspace-b	6.708	ok
1776705498728	ws	upload_chunk	transfer_id=54e141ff-3088-4311-aaf1-4e68c6650513	0.070	ok
1776705498728	ws	end_upload	transfer_id=54e141ff-3088-4311-aaf1-4e68c6650513	0.260	ok
1776705498734	ws	list_tree	root_id=workspace-b	6.095	ok
1776705498775	ws	list_tree	root_id=workspace-b	7.671	ok
1776705498782	ws	list_tree	root_id=workspace-b	6.381	ok
1776705498782	ws	begin_upload	root_id=workspace-b path=facturici/.git/objects/0e/4155f934e03f58fdc657bab579e7811efac1c7 size=199263	0.394	ok
1776705498786	ws	upload_chunk	transfer_id=868d3ef4-36c8-4344-8117-bcad13d0fb90	0.069	ok
1776705498786	ws	end_upload	transfer_id=868d3ef4-36c8-4344-8117-bcad13d0fb90	0.235	ok
1776705498807	ws	list_tree	root_id=workspace-b	6.457	ok
1776705498813	ws	list_tree	root_id=workspace-b	6.170	ok
1776705498819	ws	list_tree	root_id=workspace-b	5.925	ok
1776705498825	ws	list_tree	root_id=workspace-b	6.035	ok
1776705498832	ws	list_tree	root_id=workspace-b	6.799	ok
1776705498840	ws	list_tree	root_id=workspace-b	7.298	ok
1776705498846	ws	list_tree	root_id=workspace-b	6.484	ok
1776705498847	ws	begin_upload	root_id=workspace-b path=facturici/.git/objects/60/adc20078e7226d350825945829e5226922dcae size=449510	0.302	ok
1776705498854	ws	list_tree	root_id=workspace-b	6.696	ok
1776705498860	ws	list_tree	root_id=workspace-b	6.235	ok
1776705498867	ws	list_tree	root_id=workspace-b	6.595	ok
1776705498873	ws	list_tree	root_id=workspace-b	6.509	ok
1776705498880	ws	list_tree	root_id=workspace-b	6.066	ok
1776705498886	ws	list_tree	root_id=workspace-b	5.884	ok
1776705498892	ws	list_tree	root_id=workspace-b	6.095	ok
1776705498896	ws	upload_chunk	transfer_id=3cc8c244-ce94-445a-ab5a-eb4fdffc0951	0.139	ok
1776705498896	ws	end_upload	transfer_id=3cc8c244-ce94-445a-ab5a-eb4fdffc0951	0.446	ok
1776705498903	ws	list_tree	root_id=workspace-b	6.362	ok
1776705498911	ws	list_tree	root_id=workspace-b	7.498	ok
1776705498917	ws	list_tree	root_id=workspace-b	6.409	ok
1776705498928	ws	begin_upload	root_id=workspace-b path=facturici/.git/objects/60/1ddb2a499e24db6901dea10652e784bbcefe61 size=152	0.399	ok
1776705498929	ws	upload_chunk	transfer_id=eecf7741-7e1d-46bd-8bdb-57671530448c	0.057	ok
1776705498929	ws	end_upload	transfer_id=eecf7741-7e1d-46bd-8bdb-57671530448c	0.233	ok
1776705498963	ws	list_tree	root_id=workspace-b	6.713	ok
1776705498969	ws	list_tree	root_id=workspace-b	6.044	ok
1776705498988	ws	list_tree	root_id=workspace-b	18.949	ok
1776705498998	ws	list_tree	root_id=workspace-b	10.038	ok
1776705499005	ws	list_tree	root_id=workspace-b	7.004	ok
1776705499015	ws	list_tree	root_id=workspace-b	9.517	ok
1776705499022	ws	list_tree	root_id=workspace-b	7.151	ok
1776705499023	ws	begin_upload	root_id=workspace-b path=facturici/.git/objects/34/02e332aec46e26b2ebfab7f24bb0e0909752ad size=146	0.369	ok
1776705499029	ws	list_tree	root_id=workspace-b	6.478	ok
1776705499036	ws	list_tree	root_id=workspace-b	6.206	ok
1776705499043	ws	list_tree	root_id=workspace-b	7.064	ok
1776705499050	ws	list_tree	root_id=workspace-b	6.939	ok
1776705499056	ws	list_tree	root_id=workspace-b	6.035	ok
1776705499062	ws	list_tree	root_id=workspace-b	6.006	ok
1776705499069	ws	list_tree	root_id=workspace-b	6.178	ok
1776705499069	ws	upload_chunk	transfer_id=acbbc598-f10e-42d9-998b-2b4a6fead6a8	0.143	ok
1776705499069	ws	end_upload	transfer_id=acbbc598-f10e-42d9-998b-2b4a6fead6a8	0.274	ok
1776705499076	ws	list_tree	root_id=workspace-b	6.694	ok
1776705499083	ws	list_tree	root_id=workspace-b	7.372	ok
1776705499090	ws	list_tree	root_id=workspace-b	6.531	ok
1776705499091	ws	begin_upload	root_id=workspace-b path=facturici/.git/objects/5f/352c7e1f4142e74c3643acfe72bf4bd78ce248 size=23006	0.311	ok
1776705499092	ws	upload_chunk	transfer_id=9d26ff9c-5b3e-49f7-a1d9-21ba1e5a9789	0.067	ok
1776705499092	ws	end_upload	transfer_id=9d26ff9c-5b3e-49f7-a1d9-21ba1e5a9789	0.240	ok
1776705499110	ws	list_tree	root_id=workspace-b	6.631	ok
1776705499110	ws	begin_upload	root_id=workspace-b path=facturici/.git/objects/33/aec69aadbd512d40313c102d80697b4e0a41c3 size=142336	0.341	ok
1776705499113	ws	upload_chunk	transfer_id=a862bcde-ab66-49c0-a787-56ba341ab43c	0.094	ok
1776705499113	ws	end_upload	transfer_id=a862bcde-ab66-49c0-a787-56ba341ab43c	0.272	ok
1776705499144	ws	list_tree	root_id=workspace-b	6.690	ok
1776705499151	ws	list_tree	root_id=workspace-b	6.131	ok
1776705499158	ws	list_tree	root_id=workspace-b	7.581	ok
1776705499165	ws	list_tree	root_id=workspace-b	6.398	ok
1776705499171	ws	list_tree	root_id=workspace-b	6.195	ok
1776705499178	ws	list_tree	root_id=workspace-b	6.968	ok
1776705499184	ws	list_tree	root_id=workspace-b	6.253	ok
1776705499190	ws	list_tree	root_id=workspace-b	5.942	ok
1776705499197	ws	list_tree	root_id=workspace-b	6.184	ok
1776705499204	ws	list_tree	root_id=workspace-b	6.700	ok
1776705499210	ws	list_tree	root_id=workspace-b	6.632	ok
1776705499218	ws	list_tree	root_id=workspace-b	7.391	ok
1776705499225	ws	list_tree	root_id=workspace-b	6.829	ok
1776705499225	ws	begin_upload	root_id=workspace-b path=facturici/.git/objects/33/a3379bedf5ceea9a2c9c91255fa27ce72c4f97 size=153	0.504	ok
1776705499233	ws	list_tree	root_id=workspace-b	7.611	ok
1776705499239	ws	list_tree	root_id=workspace-b	6.303	ok
1776705499247	ws	list_tree	root_id=workspace-b	6.900	ok
1776705499253	ws	list_tree	root_id=workspace-b	6.522	ok
1776705499259	ws	list_tree	root_id=workspace-b	6.053	ok
1776705499266	ws	list_tree	root_id=workspace-b	6.112	ok
1776705499272	ws	list_tree	root_id=workspace-b	6.210	ok
1776705499272	ws	upload_chunk	transfer_id=14500e9d-1d03-48f5-8d1e-b39b6ab607fe	0.090	ok
1776705499273	ws	end_upload	transfer_id=14500e9d-1d03-48f5-8d1e-b39b6ab607fe	0.369	ok
1776705499280	ws	list_tree	root_id=workspace-b	7.050	ok
1776705499309	ws	list_tree	root_id=workspace-b	6.607	ok
1776705499317	ws	list_tree	root_id=workspace-b	7.086	ok
1776705499317	ws	begin_upload	root_id=workspace-b path=facturici/.git/objects/9d/20f3093027204ec6bead58507a0978e76e2d0e size=143980	0.413	ok
1776705499320	ws	upload_chunk	transfer_id=fddedf07-d469-4cc0-9e60-1baea60d7293	0.065	ok
1776705499320	ws	end_upload	transfer_id=fddedf07-d469-4cc0-9e60-1baea60d7293	0.222	ok
1776705499340	ws	list_tree	root_id=workspace-b	6.790	ok
1776705499346	ws	list_tree	root_id=workspace-b	6.268	ok
1776705499352	ws	list_tree	root_id=workspace-b	5.947	ok
1776705499359	ws	list_tree	root_id=workspace-b	6.183	ok
1776705499366	ws	list_tree	root_id=workspace-b	6.698	ok
1776705499372	ws	list_tree	root_id=workspace-b	6.228	ok
1776705499379	ws	list_tree	root_id=workspace-b	7.396	ok
1776705499380	ws	begin_upload	root_id=workspace-b path=facturici/.git/objects/02/21cb8a7f3f022993e754f2006a3f1d6d27a5ee size=185	0.303	ok
1776705499386	ws	list_tree	root_id=workspace-b	6.375	ok
1776705499393	ws	list_tree	root_id=workspace-b	6.274	ok
1776705499399	ws	list_tree	root_id=workspace-b	6.617	ok
1776705499406	ws	list_tree	root_id=workspace-b	6.225	ok
1776705499412	ws	list_tree	root_id=workspace-b	6.095	ok
1776705499418	ws	list_tree	root_id=workspace-b	6.022	ok
1776705499424	ws	list_tree	root_id=workspace-b	6.279	ok
1776705499425	ws	upload_chunk	transfer_id=6efae0cb-3c3e-4990-a9d3-a9ecae02a7be	0.103	ok
1776705499425	ws	end_upload	transfer_id=6efae0cb-3c3e-4990-a9d3-a9ecae02a7be	0.500	ok
1776705499432	ws	list_tree	root_id=workspace-b	6.552	ok
1776705499460	ws	list_tree	root_id=workspace-b	6.761	ok
1776705499466	ws	list_tree	root_id=workspace-b	6.176	ok
1776705499466	ws	begin_upload	root_id=workspace-b path=facturici/.git/objects/a3/3c139ee6e5dcd74c36d6d3198348409bb7c1aa size=140898	0.317	ok
1776705499469	ws	upload_chunk	transfer_id=6916e22b-4b2c-43ab-8a70-614fbf7fe9c4	0.063	ok
1776705499469	ws	end_upload	transfer_id=6916e22b-4b2c-43ab-8a70-614fbf7fe9c4	0.214	ok
1776705499488	ws	list_tree	root_id=workspace-b	6.769	ok
1776705499494	ws	list_tree	root_id=workspace-b	6.185	ok
1776705499500	ws	list_tree	root_id=workspace-b	6.206	ok
1776705499507	ws	list_tree	root_id=workspace-b	6.395	ok
1776705499515	ws	list_tree	root_id=workspace-b	7.801	ok
1776705499521	ws	list_tree	root_id=workspace-b	6.373	ok
1776705499527	ws	list_tree	root_id=workspace-b	6.106	ok
1776705499528	ws	begin_upload	root_id=workspace-b path=facturici/.git/objects/a3/bcd1069926c404f0aed172e22d6cb4f771ca3d size=797055	0.294	ok
1776705499535	ws	list_tree	root_id=workspace-b	7.000	ok
1776705499541	ws	list_tree	root_id=workspace-b	6.290	ok
1776705499548	ws	list_tree	root_id=workspace-b	6.779	ok
1776705499555	ws	list_tree	root_id=workspace-b	6.191	ok
1776705499561	ws	list_tree	root_id=workspace-b	5.933	ok
1776705499567	ws	list_tree	root_id=workspace-b	6.315	ok
1776705499573	ws	list_tree	root_id=workspace-b	6.298	ok
1776705499580	ws	upload_chunk	transfer_id=7f2ad95b-aba7-4e2a-a756-cf259ab3ac1c	0.100	ok
1776705499581	ws	end_upload	transfer_id=7f2ad95b-aba7-4e2a-a756-cf259ab3ac1c	0.427	ok
1776705499588	ws	list_tree	root_id=workspace-b	7.516	ok
1776705499608	ws	list_tree	root_id=workspace-b	6.642	ok
1776705499615	ws	list_tree	root_id=workspace-b	6.290	ok
1776705499615	ws	begin_upload	root_id=workspace-b path=facturici/.git/objects/a3/216eb7d37443c8ecac9b16125f5af5e20ccc96 size=38994	0.322	ok
1776705499616	ws	upload_chunk	transfer_id=718ee093-771b-46fb-93e1-8acd674a8e3e	0.062	ok
1776705499617	ws	end_upload	transfer_id=718ee093-771b-46fb-93e1-8acd674a8e3e	0.230	ok
1776705499636	ws	list_tree	root_id=workspace-b	6.730	ok
1776705499642	ws	list_tree	root_id=workspace-b	5.982	ok
1776705499649	ws	list_tree	root_id=workspace-b	6.166	ok
1776705499655	ws	list_tree	root_id=workspace-b	6.239	ok
1776705499661	ws	list_tree	root_id=workspace-b	6.102	ok
1776705499667	ws	list_tree	root_id=workspace-b	5.941	ok
1776705499674	ws	list_tree	root_id=workspace-b	7.070	ok
1776705499675	ws	begin_upload	root_id=workspace-b path=facturici/.git/objects/d0/a7b3186370b2fc858a75e5fa779c451d943057 size=231459	0.338	ok
1776705499679	ws	upload_chunk	transfer_id=0f1290ed-2b14-45a0-a7c6-c640c59e6c8f	0.077	ok
1776705499679	ws	end_upload	transfer_id=0f1290ed-2b14-45a0-a7c6-c640c59e6c8f	0.278	ok
1776705499717	ws	list_tree	root_id=workspace-b	7.276	ok
1776705499723	ws	list_tree	root_id=workspace-b	6.064	ok
1776705499729	ws	list_tree	root_id=workspace-b	6.109	ok
1776705499735	ws	list_tree	root_id=workspace-b	5.930	ok
1776705499742	ws	list_tree	root_id=workspace-b	5.962	ok
1776705499748	ws	list_tree	root_id=workspace-b	6.123	ok
1776705499754	ws	list_tree	root_id=workspace-b	6.199	ok
1776705499754	ws	begin_upload	root_id=workspace-b path=facturici/.git/objects/b4/97f6d6ec144f739f5a08decd60873249c2047c size=155	0.310	ok
1776705499756	ws	upload_chunk	transfer_id=a6156ee3-bd0a-4cf3-894a-72e518c3a7d5	0.058	ok
1776705499756	ws	end_upload	transfer_id=a6156ee3-bd0a-4cf3-894a-72e518c3a7d5	0.249	ok
1776705499764	ws	list_tree	root_id=workspace-b	6.753	ok
1776705499771	ws	list_tree	root_id=workspace-b	6.553	ok
1776705499778	ws	list_tree	root_id=workspace-b	7.420	ok
1776705499785	ws	list_tree	root_id=workspace-b	6.367	ok
1776705499791	ws	list_tree	root_id=workspace-b	6.283	ok
1776705499798	ws	list_tree	root_id=workspace-b	6.531	ok
1776705499805	ws	list_tree	root_id=workspace-b	6.429	ok
1776705499805	ws	begin_upload	root_id=workspace-b path=facturici/.git/objects/d1/15fd7313156a2ae1b5dff78e5c87b53fe49909 size=144961	0.299	ok
1776705499812	ws	list_tree	root_id=workspace-b	6.595	ok
1776705499813	ws	upload_chunk	transfer_id=b7d8053d-2744-4fdd-8865-f95751a7586b	0.063	ok
1776705499813	ws	end_upload	transfer_id=b7d8053d-2744-4fdd-8865-f95751a7586b	0.285	ok
1776705499832	ws	list_tree	root_id=workspace-b	6.909	ok
1776705499838	ws	list_tree	root_id=workspace-b	6.317	ok
1776705499844	ws	list_tree	root_id=workspace-b	6.074	ok
1776705499852	ws	list_tree	root_id=workspace-b	7.495	ok
1776705499858	ws	list_tree	root_id=workspace-b	6.243	ok
1776705499865	ws	list_tree	root_id=workspace-b	6.823	ok
1776705499866	ws	begin_upload	root_id=workspace-b path=facturici/.git/objects/d1/0f2b2518cdfb55765756ffb8d44638768afd44 size=184554	0.296	ok
1776705499872	ws	list_tree	root_id=workspace-b	6.514	ok
1776705499878	ws	list_tree	root_id=workspace-b	6.167	ok
1776705499885	ws	list_tree	root_id=workspace-b	6.283	ok
1776705499891	ws	list_tree	root_id=workspace-b	6.576	ok
1776705499898	ws	list_tree	root_id=workspace-b	6.386	ok
1776705499904	ws	list_tree	root_id=workspace-b	6.052	ok
1776705499910	ws	list_tree	root_id=workspace-b	6.158	ok
1776705499912	ws	upload_chunk	transfer_id=28688ed3-5b05-4b5a-a02f-9229c0fabb24	0.081	ok
1776705499912	ws	end_upload	transfer_id=28688ed3-5b05-4b5a-a02f-9229c0fabb24	0.301	ok
1776705499920	ws	list_tree	root_id=workspace-b	8.257	ok
1776705499928	ws	list_tree	root_id=workspace-b	6.720	ok
1776705499934	ws	list_tree	root_id=workspace-b	6.259	ok
1776705499935	ws	begin_upload	root_id=workspace-b path=facturici/.git/objects/d6/a4f9d160c08bcbcc50f2f6b156472b32d3012c size=182	0.380	ok
1776705499936	ws	upload_chunk	transfer_id=511d0cbb-5196-447e-8d51-be81935f2c68	0.049	ok
1776705499936	ws	end_upload	transfer_id=511d0cbb-5196-447e-8d51-be81935f2c68	0.244	ok
1776705499955	ws	list_tree	root_id=workspace-b	6.650	ok
1776705499955	ws	begin_upload	root_id=workspace-b path=facturici/.git/objects/bc/e2cf72a47d8d5bd00c2ee44d4ef3c70e0ac302 size=252	0.335	ok
1776705499956	ws	upload_chunk	transfer_id=afc95a99-31cb-4d12-a2db-45b9b63ee1b5	0.052	ok
1776705499957	ws	end_upload	transfer_id=afc95a99-31cb-4d12-a2db-45b9b63ee1b5	0.197	ok
1776705499985	ws	list_tree	root_id=workspace-b	7.788	ok
1776705499991	ws	list_tree	root_id=workspace-b	6.441	ok
1776705499998	ws	list_tree	root_id=workspace-b	6.292	ok
1776705500004	ws	list_tree	root_id=workspace-b	6.272	ok
1776705500011	ws	list_tree	root_id=workspace-b	7.035	ok
1776705500019	ws	list_tree	root_id=workspace-b	7.231	ok
1776705500025	ws	list_tree	root_id=workspace-b	6.394	ok
1776705500032	ws	list_tree	root_id=workspace-b	6.287	ok
1776705500038	ws	list_tree	root_id=workspace-b	6.470	ok
1776705500045	ws	list_tree	root_id=workspace-b	6.670	ok
1776705500052	ws	list_tree	root_id=workspace-b	6.564	ok
1776705500059	ws	list_tree	root_id=workspace-b	7.385	ok
1776705500066	ws	list_tree	root_id=workspace-b	6.364	ok
1776705500066	ws	begin_upload	root_id=workspace-b path=facturici/.git/objects/ae/223d3a901bcdc01e5b138b6183673449750463 size=154	0.309	ok
1776705500073	ws	list_tree	root_id=workspace-b	6.571	ok
1776705500080	ws	list_tree	root_id=workspace-b	6.891	ok
1776705500086	ws	list_tree	root_id=workspace-b	6.245	ok
1776705500092	ws	list_tree	root_id=workspace-b	6.173	ok
1776705500099	ws	list_tree	root_id=workspace-b	6.528	ok
1776705500106	ws	list_tree	root_id=workspace-b	6.653	ok
1776705500112	ws	list_tree	root_id=workspace-b	6.245	ok
1776705500112	ws	upload_chunk	transfer_id=34d204b7-a153-4a1b-91da-fee4630a8e14	0.082	ok
1776705500113	ws	end_upload	transfer_id=34d204b7-a153-4a1b-91da-fee4630a8e14	0.283	ok
1776705500119	ws	list_tree	root_id=workspace-b	6.186	ok
1776705500138	ws	list_tree	root_id=workspace-b	6.533	ok
1776705500145	ws	list_tree	root_id=workspace-b	6.259	ok
1776705500145	ws	begin_upload	root_id=workspace-b path=facturici/.git/objects/d8/6a87b4ed64315ca83129108e929c899c4576ba size=145120	0.295	ok
1776705500148	ws	upload_chunk	transfer_id=03a92f40-cbb7-4fdd-9e9f-f16fc9c2d117	0.068	ok
1776705500148	ws	end_upload	transfer_id=03a92f40-cbb7-4fdd-9e9f-f16fc9c2d117	0.240	ok
1776705500167	ws	list_tree	root_id=workspace-b	6.573	ok
1776705500173	ws	list_tree	root_id=workspace-b	6.260	ok
1776705500179	ws	list_tree	root_id=workspace-b	6.151	ok
1776705500186	ws	list_tree	root_id=workspace-b	6.277	ok
1776705500194	ws	list_tree	root_id=workspace-b	8.102	ok
1776705500201	ws	list_tree	root_id=workspace-b	6.480	ok
1776705500207	ws	list_tree	root_id=workspace-b	6.030	ok
1776705500207	ws	begin_upload	root_id=workspace-b path=facturici/.git/objects/d8/ba3f1b36e73d1d21e1bfefe6fbb6eb22505a5c size=267	0.347	ok
1776705500214	ws	list_tree	root_id=workspace-b	6.481	ok
1776705500220	ws	list_tree	root_id=workspace-b	6.408	ok
1776705500227	ws	list_tree	root_id=workspace-b	6.648	ok
1776705500233	ws	list_tree	root_id=workspace-b	6.374	ok
1776705500240	ws	list_tree	root_id=workspace-b	6.095	ok
1776705500246	ws	list_tree	root_id=workspace-b	6.276	ok
1776705500253	ws	list_tree	root_id=workspace-b	6.600	ok
1776705500253	ws	upload_chunk	transfer_id=eeaa507c-3661-4442-92d5-17432ca9e2c2	0.122	ok
1776705500253	ws	end_upload	transfer_id=eeaa507c-3661-4442-92d5-17432ca9e2c2	0.269	ok
1776705500261	ws	list_tree	root_id=workspace-b	7.407	ok
1776705500284	ws	list_tree	root_id=workspace-b	6.964	ok
1776705500291	ws	list_tree	root_id=workspace-b	6.307	ok
1776705500291	ws	begin_upload	root_id=workspace-b path=facturici/.git/objects/d8/81bd00df39823e9e2a47556dad751e1e633d46 size=142725	0.334	ok
1776705500294	ws	upload_chunk	transfer_id=35a2b15b-de26-4c50-a82d-6023a51a37e5	0.080	ok
1776705500294	ws	end_upload	transfer_id=35a2b15b-de26-4c50-a82d-6023a51a37e5	0.256	ok
1776705500313	ws	list_tree	root_id=workspace-b	7.012	ok
1776705500320	ws	list_tree	root_id=workspace-b	6.204	ok
1776705500327	ws	list_tree	root_id=workspace-b	7.498	ok
1776705500334	ws	list_tree	root_id=workspace-b	6.683	ok
1776705500341	ws	list_tree	root_id=workspace-b	6.890	ok
1776705500348	ws	list_tree	root_id=workspace-b	6.433	ok
1776705500354	ws	list_tree	root_id=workspace-b	6.126	ok
1776705500354	ws	begin_upload	root_id=workspace-b path=facturici/.git/objects/d8/acf61e4faa0869ba78c2804bb122bdcc2eea2d size=988	0.280	ok
1776705500361	ws	list_tree	root_id=workspace-b	6.562	ok
1776705500367	ws	list_tree	root_id=workspace-b	6.500	ok
1776705500374	ws	list_tree	root_id=workspace-b	6.722	ok
1776705500381	ws	list_tree	root_id=workspace-b	6.398	ok
1776705500387	ws	list_tree	root_id=workspace-b	6.111	ok
1776705500394	ws	list_tree	root_id=workspace-b	7.172	ok
1776705500401	ws	list_tree	root_id=workspace-b	6.600	ok
1776705500401	ws	upload_chunk	transfer_id=c13afa79-4c6f-458c-a9c1-2626fadd1a30	0.079	ok
1776705500402	ws	end_upload	transfer_id=c13afa79-4c6f-458c-a9c1-2626fadd1a30	0.321	ok
1776705500408	ws	list_tree	root_id=workspace-b	6.421	ok
1776705500433	ws	list_tree	root_id=workspace-b	7.006	ok
1776705500439	ws	list_tree	root_id=workspace-b	6.261	ok
1776705500440	ws	begin_upload	root_id=workspace-b path=facturici/.git/objects/ab/c445c981833d96c638b235d40252c15916f17b size=39061	0.331	ok
1776705500441	ws	upload_chunk	transfer_id=4f959569-85d3-4a51-9f95-58ffdcbf1389	0.060	ok
1776705500441	ws	end_upload	transfer_id=4f959569-85d3-4a51-9f95-58ffdcbf1389	0.237	ok
1776705500461	ws	list_tree	root_id=workspace-b	6.779	ok
1776705500469	ws	list_tree	root_id=workspace-b	7.742	ok
1776705500475	ws	list_tree	root_id=workspace-b	6.211	ok
1776705500482	ws	list_tree	root_id=workspace-b	6.662	ok
1776705500488	ws	list_tree	root_id=workspace-b	6.765	ok
1776705500495	ws	list_tree	root_id=workspace-b	6.462	ok
1776705500501	ws	list_tree	root_id=workspace-b	6.132	ok
1776705500502	ws	begin_upload	root_id=workspace-b path=facturici/.git/objects/ab/a6ed464aadcf0e1327b7096b65ebe19291bc55 size=198096	0.308	ok
1776705500508	ws	list_tree	root_id=workspace-b	6.657	ok
1776705500515	ws	list_tree	root_id=workspace-b	6.485	ok
1776705500522	ws	list_tree	root_id=workspace-b	6.797	ok
1776705500528	ws	list_tree	root_id=workspace-b	6.352	ok
1776705500536	ws	list_tree	root_id=workspace-b	7.352	ok
1776705500542	ws	list_tree	root_id=workspace-b	6.270	ok
1776705500549	ws	list_tree	root_id=workspace-b	6.731	ok
1776705500551	ws	upload_chunk	transfer_id=c7091464-5932-48c8-ad13-3135b8e5ffce	0.096	ok
1776705500551	ws	end_upload	transfer_id=c7091464-5932-48c8-ad13-3135b8e5ffce	0.291	ok
1776705500558	ws	list_tree	root_id=workspace-b	6.424	ok
1776705500581	ws	list_tree	root_id=workspace-b	7.154	ok
1776705500588	ws	list_tree	root_id=workspace-b	6.374	ok
1776705500588	ws	begin_upload	root_id=workspace-b path=facturici/.git/objects/e5/dfcaf6a3aa429faed8e953a6094534091a83e0 size=313	0.340	ok
1776705500589	ws	upload_chunk	transfer_id=8071fbba-7c3b-4c77-b42e-4281c521e583	0.059	ok
1776705500590	ws	end_upload	transfer_id=8071fbba-7c3b-4c77-b42e-4281c521e583	0.327	ok
1776705500611	ws	list_tree	root_id=workspace-b	6.955	ok
1776705500618	ws	list_tree	root_id=workspace-b	6.396	ok
1776705500624	ws	list_tree	root_id=workspace-b	6.161	ok
1776705500630	ws	list_tree	root_id=workspace-b	6.483	ok
1776705500637	ws	list_tree	root_id=workspace-b	6.696	ok
1776705500644	ws	list_tree	root_id=workspace-b	6.547	ok
1776705500650	ws	list_tree	root_id=workspace-b	6.167	ok
1776705500651	ws	begin_upload	root_id=workspace-b path=facturici/.git/objects/f4/37890532a826168f6b88f315711c1b30516f2f size=36619	0.301	ok
1776705500657	ws	list_tree	root_id=workspace-b	6.620	ok
1776705500663	ws	list_tree	root_id=workspace-b	6.165	ok
1776705500670	ws	list_tree	root_id=workspace-b	6.104	ok
1776705500676	ws	list_tree	root_id=workspace-b	5.985	ok
1776705500682	ws	list_tree	root_id=workspace-b	6.120	ok
1776705500688	ws	list_tree	root_id=workspace-b	6.020	ok
1776705500694	ws	list_tree	root_id=workspace-b	6.141	ok
1776705500694	ws	upload_chunk	transfer_id=3dd82f90-dd8c-41f7-9307-58cdd7937f69	0.073	ok
1776705500695	ws	end_upload	transfer_id=3dd82f90-dd8c-41f7-9307-58cdd7937f69	0.272	ok
1776705500728	ws	list_tree	root_id=workspace-b	6.756	ok
1776705500728	ws	begin_upload	root_id=workspace-b path=facturici/.git/objects/c9/8ca7bb0119b54986504b3acb6aa72d9fb572ef size=300191	0.366	ok
1776705500732	ws	upload_chunk	transfer_id=b36abe86-d334-48e6-b79f-ea8147d031e0	0.083	ok
1776705500733	ws	end_upload	transfer_id=b36abe86-d334-48e6-b79f-ea8147d031e0	0.291	ok
1776705500775	ws	list_tree	root_id=workspace-b	6.555	ok
1776705500782	ws	list_tree	root_id=workspace-b	6.569	ok
1776705500788	ws	list_tree	root_id=workspace-b	6.163	ok
1776705500796	ws	list_tree	root_id=workspace-b	7.726	ok
1776705500803	ws	list_tree	root_id=workspace-b	7.097	ok
1776705500810	ws	list_tree	root_id=workspace-b	6.504	ok
1776705500816	ws	list_tree	root_id=workspace-b	6.260	ok
1776705500822	ws	list_tree	root_id=workspace-b	6.293	ok
1776705500830	ws	list_tree	root_id=workspace-b	7.050	ok
1776705500830	ws	begin_upload	root_id=workspace-b path=facturici/.git/objects/f2/e367a186e3d495498c2ca6dabcf4219f26e9fa size=245	0.369	ok
1776705500837	ws	list_tree	root_id=workspace-b	7.139	ok
1776705500844	ws	list_tree	root_id=workspace-b	6.336	ok
1776705500850	ws	list_tree	root_id=workspace-b	6.454	ok
1776705500857	ws	list_tree	root_id=workspace-b	6.421	ok
1776705500864	ws	list_tree	root_id=workspace-b	6.809	ok
1776705500872	ws	list_tree	root_id=workspace-b	7.705	ok
1776705500878	ws	list_tree	root_id=workspace-b	6.218	ok
1776705500878	ws	upload_chunk	transfer_id=855ab03a-f662-4a66-a9c0-22c7e5fe1e1c	0.082	ok
1776705500878	ws	end_upload	transfer_id=855ab03a-f662-4a66-a9c0-22c7e5fe1e1c	0.285	ok
1776705500885	ws	list_tree	root_id=workspace-b	6.299	ok
1776705500897	ws	list_tree	root_id=workspace-b	7.100	ok
1776705500903	ws	list_tree	root_id=workspace-b	6.312	ok
1776705500904	ws	begin_upload	root_id=workspace-b path=facturici/.git/objects/f2/3db431cf659e0f52b0723fd3af1ea75d2c2e86 size=150	0.255	ok
1776705500905	ws	upload_chunk	transfer_id=7ad736af-eca5-4698-90ee-6a6ba2ab497e	0.059	ok
1776705500905	ws	end_upload	transfer_id=7ad736af-eca5-4698-90ee-6a6ba2ab497e	0.241	ok
1776705500924	ws	list_tree	root_id=workspace-b	6.943	ok
1776705500924	ws	begin_upload	root_id=workspace-b path=facturici/.git/objects/f2/d0ed125e3e6ab611304034982c25e18c3daa5e size=36629	0.301	ok
1776705500926	ws	upload_chunk	transfer_id=2896ba96-2797-4ede-92a3-f8f061535f6e	0.054	ok
1776705500926	ws	end_upload	transfer_id=2896ba96-2797-4ede-92a3-f8f061535f6e	0.209	ok
1776705500954	ws	list_tree	root_id=workspace-b	7.128	ok
1776705500960	ws	list_tree	root_id=workspace-b	6.344	ok
1776705500967	ws	list_tree	root_id=workspace-b	6.398	ok
1776705500973	ws	list_tree	root_id=workspace-b	6.309	ok
1776705500980	ws	list_tree	root_id=workspace-b	6.945	ok
1776705500987	ws	list_tree	root_id=workspace-b	6.753	ok
1776705500994	ws	list_tree	root_id=workspace-b	6.363	ok
1776705501001	ws	list_tree	root_id=workspace-b	7.484	ok
1776705501008	ws	list_tree	root_id=workspace-b	6.471	ok
1776705501015	ws	list_tree	root_id=workspace-b	6.533	ok
1776705501022	ws	list_tree	root_id=workspace-b	6.817	ok
1776705501028	ws	list_tree	root_id=workspace-b	6.285	ok
1776705501034	ws	list_tree	root_id=workspace-b	6.313	ok
1776705501035	ws	begin_upload	root_id=workspace-b path=facturici/.git/objects/f5/58d5e4ed95f9fbeed937749ede93a46dd048bf size=151	0.299	ok
1776705501042	ws	list_tree	root_id=workspace-b	7.209	ok
1776705501049	ws	list_tree	root_id=workspace-b	6.871	ok
1776705501056	ws	list_tree	root_id=workspace-b	6.417	ok
1776705501062	ws	list_tree	root_id=workspace-b	6.324	ok
1776705501069	ws	list_tree	root_id=workspace-b	6.412	ok
1776705501077	ws	list_tree	root_id=workspace-b	8.091	ok
1776705501084	ws	list_tree	root_id=workspace-b	6.752	ok
1776705501084	ws	upload_chunk	transfer_id=ca01443a-6db9-426e-a5ab-2b10f40dc3d9	0.060	ok
1776705501084	ws	end_upload	transfer_id=ca01443a-6db9-426e-a5ab-2b10f40dc3d9	0.271	ok
1776705501091	ws	list_tree	root_id=workspace-b	6.468	ok
1776705501110	ws	list_tree	root_id=workspace-b	6.810	ok
1776705501117	ws	list_tree	root_id=workspace-b	6.618	ok
1776705501117	ws	begin_upload	root_id=workspace-b path=facturici/.git/objects/cf/443c0ff12ddfd7edb2ad0b5fbd6a67226df0bf size=382942	0.288	ok
1776705501122	ws	upload_chunk	transfer_id=4b09ec55-af04-4a64-bec7-f7b57866fdef	0.098	ok
1776705501122	ws	end_upload	transfer_id=4b09ec55-af04-4a64-bec7-f7b57866fdef	0.321	ok
1776705501139	ws	list_tree	root_id=workspace-b	6.719	ok
1776705501147	ws	list_tree	root_id=workspace-b	7.043	ok
1776705501154	ws	list_tree	root_id=workspace-b	6.419	ok
1776705501160	ws	list_tree	root_id=workspace-b	6.533	ok
1776705501168	ws	list_tree	root_id=workspace-b	7.139	ok
1776705501174	ws	list_tree	root_id=workspace-b	6.437	ok
1776705501181	ws	list_tree	root_id=workspace-b	6.409	ok
1776705501181	ws	begin_upload	root_id=workspace-b path=facturici/.git/objects/ca/7619a9bc79918fe32b79274dcd78562d8dd421 size=113	0.290	ok
1776705501188	ws	list_tree	root_id=workspace-b	6.530	ok
1776705501194	ws	list_tree	root_id=workspace-b	6.553	ok
1776705501201	ws	list_tree	root_id=workspace-b	6.951	ok
1776705501210	ws	list_tree	root_id=workspace-b	8.857	ok
1776705501218	ws	list_tree	root_id=workspace-b	7.133	ok
1776705501224	ws	list_tree	root_id=workspace-b	6.573	ok
1776705501234	ws	list_tree	root_id=workspace-b	9.597	ok
1776705501234	ws	upload_chunk	transfer_id=981b1f94-3684-4662-a45e-2ceecf37b0db	0.087	ok
1776705501235	ws	end_upload	transfer_id=981b1f94-3684-4662-a45e-2ceecf37b0db	0.316	ok
1776705501242	ws	list_tree	root_id=workspace-b	7.355	ok
1776705501264	ws	list_tree	root_id=workspace-b	7.753	ok
1776705501271	ws	list_tree	root_id=workspace-b	6.428	ok
1776705501272	ws	begin_upload	root_id=workspace-b path=facturici/.git/objects/c8/3ba164bf67f839576781ff92aaaa0b8a1c89c3 size=295179	0.385	ok
1776705501276	ws	upload_chunk	transfer_id=f7fd8c12-a76f-45ab-9dfe-789a6a270744	0.098	ok
1776705501277	ws	end_upload	transfer_id=f7fd8c12-a76f-45ab-9dfe-789a6a270744	0.631	ok
1776705501296	ws	list_tree	root_id=workspace-b	8.228	ok
1776705501303	ws	list_tree	root_id=workspace-b	6.719	ok
1776705501310	ws	list_tree	root_id=workspace-b	6.670	ok
1776705501317	ws	list_tree	root_id=workspace-b	6.924	ok
1776705501325	ws	list_tree	root_id=workspace-b	7.708	ok
1776705501332	ws	list_tree	root_id=workspace-b	6.971	ok
1776705501339	ws	list_tree	root_id=workspace-b	6.718	ok
1776705501339	ws	begin_upload	root_id=workspace-b path=facturici/.git/objects/c8/30e138d5b10115b9848842a118ce972ad967ea size=809	0.342	ok
1776705501347	ws	list_tree	root_id=workspace-b	7.143	ok
1776705501353	ws	list_tree	root_id=workspace-b	6.713	ok
1776705501362	ws	list_tree	root_id=workspace-b	8.285	ok
1776705501369	ws	list_tree	root_id=workspace-b	6.450	ok
1776705501375	ws	list_tree	root_id=workspace-b	6.407	ok
1776705501382	ws	list_tree	root_id=workspace-b	6.779	ok
1776705501389	ws	list_tree	root_id=workspace-b	6.996	ok
1776705501389	ws	upload_chunk	transfer_id=b9dd9097-8e43-462c-8042-acb72df49ed2	0.070	ok
1776705501390	ws	end_upload	transfer_id=b9dd9097-8e43-462c-8042-acb72df49ed2	0.281	ok
1776705501396	ws	list_tree	root_id=workspace-b	6.736	ok
1776705501421	ws	list_tree	root_id=workspace-b	6.825	ok
1776705501429	ws	list_tree	root_id=workspace-b	8.008	ok
1776705501430	ws	begin_upload	root_id=workspace-b path=facturici/.git/objects/c8/76dad11c62032842e530f56fdc770618327f44 size=409	0.335	ok
1776705501431	ws	upload_chunk	transfer_id=457d8df5-3876-4f6b-ac00-3b6bd58b5499	0.057	ok
1776705501431	ws	end_upload	transfer_id=457d8df5-3876-4f6b-ac00-3b6bd58b5499	0.255	ok
1776705501452	ws	list_tree	root_id=workspace-b	6.741	ok
1776705501458	ws	list_tree	root_id=workspace-b	6.620	ok
1776705501465	ws	list_tree	root_id=workspace-b	6.633	ok
1776705501472	ws	list_tree	root_id=workspace-b	6.806	ok
1776705501479	ws	list_tree	root_id=workspace-b	7.270	ok
1776705501486	ws	list_tree	root_id=workspace-b	6.416	ok
1776705501494	ws	list_tree	root_id=workspace-b	7.668	ok
1776705501495	ws	begin_upload	root_id=workspace-b path=facturici/.git/objects/ed/2511f410693ef27fcfbd8980fbe6e8ec0c5317 size=39029	0.677	ok
1776705501502	ws	list_tree	root_id=workspace-b	7.198	ok
1776705501509	ws	list_tree	root_id=workspace-b	6.879	ok
1776705501516	ws	list_tree	root_id=workspace-b	6.996	ok
1776705501523	ws	list_tree	root_id=workspace-b	6.448	ok
1776705501530	ws	list_tree	root_id=workspace-b	6.515	ok
1776705501536	ws	list_tree	root_id=workspace-b	6.486	ok
1776705501543	ws	list_tree	root_id=workspace-b	6.834	ok
1776705501543	ws	upload_chunk	transfer_id=884f3e0c-dd5a-4c30-adf2-3055dfd62034	0.101	ok
1776705501544	ws	end_upload	transfer_id=884f3e0c-dd5a-4c30-adf2-3055dfd62034	0.283	ok
1776705501550	ws	list_tree	root_id=workspace-b	6.530	ok
1776705501575	ws	list_tree	root_id=workspace-b	6.782	ok
1776705501581	ws	list_tree	root_id=workspace-b	6.554	ok
1776705501582	ws	begin_upload	root_id=workspace-b path=facturici/.git/objects/c1/d4dcbdea8c496497436c45cb6a43aef5402c80 size=36609	0.314	ok
1776705501583	ws	upload_chunk	transfer_id=8eaebaa0-80a6-4381-b6de-8d22ee04904b	0.058	ok
1776705501584	ws	end_upload	transfer_id=8eaebaa0-80a6-4381-b6de-8d22ee04904b	0.233	ok
1776705501604	ws	list_tree	root_id=workspace-b	6.764	ok
1776705501611	ws	list_tree	root_id=workspace-b	6.314	ok
1776705501617	ws	list_tree	root_id=workspace-b	6.746	ok
1776705501624	ws	list_tree	root_id=workspace-b	6.563	ok
1776705501632	ws	list_tree	root_id=workspace-b	7.582	ok
1776705501640	ws	list_tree	root_id=workspace-b	8.181	ok
1776705501647	ws	list_tree	root_id=workspace-b	6.832	ok
1776705501648	ws	begin_upload	root_id=workspace-b path=facturici/.git/objects/ec/44c16d609632d81cb4d820dbecbdb490b8a3b8 size=250	0.310	ok
1776705501654	ws	list_tree	root_id=workspace-b	6.720	ok
1776705501661	ws	list_tree	root_id=workspace-b	7.017	ok
1776705501669	ws	list_tree	root_id=workspace-b	6.916	ok
1776705501675	ws	list_tree	root_id=workspace-b	6.276	ok
1776705501682	ws	list_tree	root_id=workspace-b	6.425	ok
1776705501688	ws	list_tree	root_id=workspace-b	6.197	ok
1776705501694	ws	list_tree	root_id=workspace-b	6.283	ok
1776705501694	ws	upload_chunk	transfer_id=a38a9ae1-f65d-4bf0-b6c0-53e33e54732c	0.069	ok
1776705501695	ws	end_upload	transfer_id=a38a9ae1-f65d-4bf0-b6c0-53e33e54732c	0.278	ok
1776705501743	ws	list_tree	root_id=workspace-b	6.710	ok
1776705501743	ws	begin_upload	root_id=workspace-b path=facturici/.git/objects/ec/47e8aa3942b2f6a4104b1bd7f8f715c3f03ee7 size=38863	0.317	ok
1776705501745	ws	upload_chunk	transfer_id=c49f38be-abeb-464e-b303-bb0d36e32333	0.058	ok
1776705501745	ws	end_upload	transfer_id=c49f38be-abeb-464e-b303-bb0d36e32333	0.232	ok
1776705501790	ws	list_tree	root_id=workspace-b	6.769	ok
1776705501797	ws	list_tree	root_id=workspace-b	6.483	ok
1776705501803	ws	list_tree	root_id=workspace-b	6.475	ok
1776705501810	ws	list_tree	root_id=workspace-b	6.537	ok
1776705501817	ws	list_tree	root_id=workspace-b	7.336	ok
1776705501825	ws	list_tree	root_id=workspace-b	7.567	ok
1776705501832	ws	list_tree	root_id=workspace-b	6.778	ok
1776705501838	ws	list_tree	root_id=workspace-b	6.497	ok
1776705501845	ws	list_tree	root_id=workspace-b	6.883	ok
1776705501846	ws	begin_upload	root_id=workspace-b path=facturici/.git/objects/ec/03b87ef4c3ae05fbd35b0a89a08c484db07e39 size=182	0.355	ok
1776705501853	ws	list_tree	root_id=workspace-b	7.134	ok
1776705501861	ws	list_tree	root_id=workspace-b	7.157	ok
1776705501867	ws	list_tree	root_id=workspace-b	6.481	ok
1776705501874	ws	list_tree	root_id=workspace-b	6.466	ok
1776705501881	ws	list_tree	root_id=workspace-b	6.899	ok
1776705501887	ws	list_tree	root_id=workspace-b	6.370	ok
1776705501895	ws	list_tree	root_id=workspace-b	7.703	ok
1776705501895	ws	upload_chunk	transfer_id=301e2c42-0e25-48fd-b56b-82532a0644d5	0.071	ok
1776705501896	ws	end_upload	transfer_id=301e2c42-0e25-48fd-b56b-82532a0644d5	0.272	ok
1776705501902	ws	list_tree	root_id=workspace-b	6.625	ok
1776705501913	ws	list_tree	root_id=workspace-b	7.048	ok
1776705501920	ws	list_tree	root_id=workspace-b	6.436	ok
1776705501920	ws	begin_upload	root_id=workspace-b path=facturici/.git/objects/20/bdebe2e733830c87dca1a967ec432b6d0aa433 size=846	0.284	ok
1776705501921	ws	upload_chunk	transfer_id=c338cdd9-4dca-4668-8778-92989c7aca1d	0.053	ok
1776705501921	ws	end_upload	transfer_id=c338cdd9-4dca-4668-8778-92989c7aca1d	0.203	ok
1776705501941	ws	list_tree	root_id=workspace-b	6.903	ok
1776705501942	ws	begin_upload	root_id=workspace-b path=facturici/.git/objects/18/db0b9319014a48b5617168c1ddd5fbba2237b1 size=178	0.317	ok
1776705501943	ws	upload_chunk	transfer_id=89928244-39c9-4e86-8c19-818689157d3f	0.054	ok
1776705501943	ws	end_upload	transfer_id=89928244-39c9-4e86-8c19-818689157d3f	0.203	ok
1776705501972	ws	list_tree	root_id=workspace-b	8.112	ok
1776705501979	ws	list_tree	root_id=workspace-b	6.474	ok
1776705501985	ws	list_tree	root_id=workspace-b	6.479	ok
1776705501992	ws	list_tree	root_id=workspace-b	6.499	ok
1776705501999	ws	list_tree	root_id=workspace-b	7.163	ok
1776705502006	ws	list_tree	root_id=workspace-b	6.656	ok
1776705502013	ws	list_tree	root_id=workspace-b	6.597	ok
1776705502019	ws	list_tree	root_id=workspace-b	6.450	ok
1776705502026	ws	list_tree	root_id=workspace-b	6.512	ok
1776705502033	ws	list_tree	root_id=workspace-b	7.086	ok
1776705502041	ws	list_tree	root_id=workspace-b	7.957	ok
1776705502048	ws	list_tree	root_id=workspace-b	6.741	ok
1776705502055	ws	list_tree	root_id=workspace-b	6.468	ok
1776705502055	ws	begin_upload	root_id=workspace-b path=facturici/.git/objects/27/6f4d25090cf39a5cd2fd01c47a2d49f0059ba2 size=39033	0.326	ok
1776705502062	ws	list_tree	root_id=workspace-b	7.029	ok
1776705502069	ws	list_tree	root_id=workspace-b	6.678	ok
1776705502076	ws	list_tree	root_id=workspace-b	6.421	ok
1776705502082	ws	list_tree	root_id=workspace-b	6.477	ok
1776705502089	ws	list_tree	root_id=workspace-b	6.597	ok
1776705502096	ws	list_tree	root_id=workspace-b	7.025	ok
1776705502103	ws	list_tree	root_id=workspace-b	6.482	ok
1776705502104	ws	upload_chunk	transfer_id=9902c4a0-41ae-4397-a94a-39c3d4c8da61	0.198	ok
1776705502104	ws	end_upload	transfer_id=9902c4a0-41ae-4397-a94a-39c3d4c8da61	0.355	ok
1776705502111	ws	list_tree	root_id=workspace-b	6.697	ok
1776705502127	ws	list_tree	root_id=workspace-b	6.773	ok
1776705502133	ws	list_tree	root_id=workspace-b	6.627	ok
1776705502134	ws	begin_upload	root_id=workspace-b path=facturici/.git/objects/pack/pack-e2e0a6833894e7c6eb58ce73412141af84376acd.pack size=872214	0.375	ok
1776705502144	ws	upload_chunk	transfer_id=c3a22ad5-ca47-49d6-a27c-91e954e6d32a	0.115	ok
1776705502144	ws	end_upload	transfer_id=c3a22ad5-ca47-49d6-a27c-91e954e6d32a	0.370	ok
1776705502157	ws	list_tree	root_id=workspace-b	6.943	ok
1776705502164	ws	list_tree	root_id=workspace-b	6.561	ok
1776705502171	ws	list_tree	root_id=workspace-b	7.666	ok
1776705502178	ws	list_tree	root_id=workspace-b	6.899	ok
1776705502186	ws	list_tree	root_id=workspace-b	7.334	ok
1776705502193	ws	list_tree	root_id=workspace-b	6.597	ok
1776705502199	ws	list_tree	root_id=workspace-b	6.496	ok
1776705502200	ws	begin_upload	root_id=workspace-b path=facturici/.git/objects/pack/pack-e2e0a6833894e7c6eb58ce73412141af84376acd.idx size=1324	0.486	ok
1776705502207	ws	list_tree	root_id=workspace-b	7.110	ok
1776705502214	ws	list_tree	root_id=workspace-b	7.019	ok
1776705502221	ws	list_tree	root_id=workspace-b	6.891	ok
1776705502228	ws	list_tree	root_id=workspace-b	6.577	ok
1776705502235	ws	list_tree	root_id=workspace-b	6.406	ok
1776705502241	ws	list_tree	root_id=workspace-b	6.572	ok
1776705502250	ws	list_tree	root_id=workspace-b	8.114	ok
1776705502250	ws	upload_chunk	transfer_id=76ac5ba2-192f-49b0-96df-99323e1e0e18	0.123	ok
1776705502250	ws	end_upload	transfer_id=76ac5ba2-192f-49b0-96df-99323e1e0e18	0.319	ok
1776705502257	ws	list_tree	root_id=workspace-b	6.688	ok
1776705502280	ws	list_tree	root_id=workspace-b	6.922	ok
1776705502287	ws	list_tree	root_id=workspace-b	6.511	ok
1776705502287	ws	begin_upload	root_id=workspace-b path=facturici/.git/objects/11/902277c2e2bb59c1cbe04dcf24234c05c6d8cb size=149	0.298	ok
1776705502289	ws	upload_chunk	transfer_id=5917e2b7-7bb6-4dcf-aacf-66bf44001931	0.055	ok
1776705502289	ws	end_upload	transfer_id=5917e2b7-7bb6-4dcf-aacf-66bf44001931	0.219	ok
1776705502309	ws	list_tree	root_id=workspace-b	7.092	ok
1776705502317	ws	list_tree	root_id=workspace-b	7.881	ok
1776705502324	ws	list_tree	root_id=workspace-b	6.812	ok
1776705502331	ws	list_tree	root_id=workspace-b	6.993	ok
1776705502338	ws	list_tree	root_id=workspace-b	7.231	ok
1776705502345	ws	list_tree	root_id=workspace-b	6.823	ok
1776705502352	ws	list_tree	root_id=workspace-b	6.458	ok
1776705502353	ws	begin_upload	root_id=workspace-b path=facturici/.git/objects/11/21655cd15a1c8b94ba1d2f76e2332a56af15c2 size=197	0.522	ok
1776705502359	ws	list_tree	root_id=workspace-b	6.733	ok
1776705502367	ws	list_tree	root_id=workspace-b	7.092	ok
1776705502374	ws	list_tree	root_id=workspace-b	7.026	ok
1776705502380	ws	list_tree	root_id=workspace-b	6.485	ok
1776705502388	ws	list_tree	root_id=workspace-b	7.541	ok
1776705502395	ws	list_tree	root_id=workspace-b	6.928	ok
1776705502402	ws	list_tree	root_id=workspace-b	6.990	ok
1776705502402	ws	upload_chunk	transfer_id=d773598d-a1d5-4536-b4c7-aea1a1f707fd	0.072	ok
1776705502403	ws	end_upload	transfer_id=d773598d-a1d5-4536-b4c7-aea1a1f707fd	0.270	ok
1776705502409	ws	list_tree	root_id=workspace-b	6.607	ok
1776705502430	ws	list_tree	root_id=workspace-b	6.893	ok
1776705502437	ws	list_tree	root_id=workspace-b	6.407	ok
1776705502437	ws	begin_upload	root_id=workspace-b path=facturici/.git/objects/11/d2c0cc688c90a27958032c78e4cb91eb1ffd93 size=144312	0.328	ok
1776705502440	ws	upload_chunk	transfer_id=1f501241-2522-4c0c-8b9e-c498123a78be	0.064	ok
1776705502440	ws	end_upload	transfer_id=1f501241-2522-4c0c-8b9e-c498123a78be	0.248	ok
1776705502461	ws	list_tree	root_id=workspace-b	8.109	ok
1776705502468	ws	list_tree	root_id=workspace-b	6.716	ok
1776705502474	ws	list_tree	root_id=workspace-b	6.443	ok
1776705502481	ws	list_tree	root_id=workspace-b	6.920	ok
1776705502488	ws	list_tree	root_id=workspace-b	7.113	ok
1776705502495	ws	list_tree	root_id=workspace-b	6.562	ok
1776705502502	ws	list_tree	root_id=workspace-b	6.360	ok
1776705502502	ws	begin_upload	root_id=workspace-b path=facturici/.git/objects/7c/87901621da2e8e574ccfe5d8a44f5a47990146 size=155	0.314	ok
1776705502509	ws	list_tree	root_id=workspace-b	6.802	ok
1776705502516	ws	list_tree	root_id=workspace-b	6.945	ok
1776705502523	ws	list_tree	root_id=workspace-b	6.721	ok
1776705502531	ws	list_tree	root_id=workspace-b	7.845	ok
1776705502538	ws	list_tree	root_id=workspace-b	6.583	ok
1776705502544	ws	list_tree	root_id=workspace-b	6.736	ok
1776705502551	ws	list_tree	root_id=workspace-b	6.982	ok
1776705502552	ws	upload_chunk	transfer_id=256f8e38-3692-4355-99be-3b836f00e6ff	0.078	ok
1776705502552	ws	end_upload	transfer_id=256f8e38-3692-4355-99be-3b836f00e6ff	0.296	ok
1776705502559	ws	list_tree	root_id=workspace-b	6.594	ok
1776705502580	ws	list_tree	root_id=workspace-b	6.913	ok
1776705502587	ws	list_tree	root_id=workspace-b	6.437	ok
1776705502587	ws	begin_upload	root_id=workspace-b path=facturici/.git/objects/7c/266726b66c109a684696be410180f7e21a3bbc size=127663	0.287	ok
1776705502590	ws	upload_chunk	transfer_id=7d67ac3f-6b08-4d7a-befd-b51d3227ea1f	0.109	ok
1776705502591	ws	end_upload	transfer_id=7d67ac3f-6b08-4d7a-befd-b51d3227ea1f	0.709	ok
1776705502612	ws	list_tree	root_id=workspace-b	7.523	ok
1776705502618	ws	list_tree	root_id=workspace-b	6.606	ok
1776705502625	ws	list_tree	root_id=workspace-b	6.890	ok
1776705502632	ws	list_tree	root_id=workspace-b	6.986	ok
1776705502640	ws	list_tree	root_id=workspace-b	7.004	ok
1776705502646	ws	list_tree	root_id=workspace-b	6.649	ok
1776705502653	ws	list_tree	root_id=workspace-b	6.506	ok
1776705502653	ws	begin_upload	root_id=workspace-b path=facturici/.git/objects/7c/b95542bfb5764121b23efc346e471bd4536243 size=676	0.321	ok
1776705502660	ws	list_tree	root_id=workspace-b	6.929	ok
1776705502669	ws	list_tree	root_id=workspace-b	8.159	ok
1776705502676	ws	list_tree	root_id=workspace-b	6.998	ok
1776705502683	ws	list_tree	root_id=workspace-b	6.552	ok
1776705502689	ws	list_tree	root_id=workspace-b	6.637	ok
1776705502696	ws	list_tree	root_id=workspace-b	6.410	ok
1776705502702	ws	list_tree	root_id=workspace-b	6.294	ok
1776705502703	ws	upload_chunk	transfer_id=baf420fe-2655-4837-bf0b-14e735fd5488	0.064	ok
1776705502703	ws	end_upload	transfer_id=baf420fe-2655-4837-bf0b-14e735fd5488	0.276	ok
1776705502748	ws	list_tree	root_id=workspace-b	6.956	ok
1776705502748	ws	begin_upload	root_id=workspace-b path=facturici/.git/objects/42/b0c7d6d81f2027353b4da131035d2f0acdc33e size=296668	0.308	ok
1776705502753	ws	upload_chunk	transfer_id=6c230d58-998e-4b7d-8f3f-88e589536a7c	0.082	ok
1776705502753	ws	end_upload	transfer_id=6c230d58-998e-4b7d-8f3f-88e589536a7c	0.268	ok
1776705502797	ws	list_tree	root_id=workspace-b	7.083	ok
1776705502803	ws	list_tree	root_id=workspace-b	6.490	ok
1776705502810	ws	list_tree	root_id=workspace-b	6.534	ok
1776705502817	ws	list_tree	root_id=workspace-b	6.861	ok
1776705502824	ws	list_tree	root_id=workspace-b	7.307	ok
1776705502831	ws	list_tree	root_id=workspace-b	6.695	ok
1776705502838	ws	list_tree	root_id=workspace-b	6.400	ok
1776705502844	ws	list_tree	root_id=workspace-b	6.693	ok
1776705502851	ws	list_tree	root_id=workspace-b	6.905	ok
1776705502852	ws	begin_upload	root_id=workspace-b path=facturici/.git/objects/73/9d957ab0b3dee61134c7ea9a129b04157b4fe0 size=251	0.388	ok
1776705502860	ws	list_tree	root_id=workspace-b	8.321	ok
1776705502867	ws	list_tree	root_id=workspace-b	6.810	ok
1776705502874	ws	list_tree	root_id=workspace-b	6.543	ok
1776705502881	ws	list_tree	root_id=workspace-b	6.949	ok
1776705502888	ws	list_tree	root_id=workspace-b	6.700	ok
1776705502894	ws	list_tree	root_id=workspace-b	6.477	ok
1776705502901	ws	list_tree	root_id=workspace-b	6.451	ok
1776705502901	ws	upload_chunk	transfer_id=a76a0556-c8b1-4a7e-8664-eb9914cd1be9	0.130	ok
1776705502902	ws	end_upload	transfer_id=a76a0556-c8b1-4a7e-8664-eb9914cd1be9	0.274	ok
1776705502909	ws	list_tree	root_id=workspace-b	7.012	ok
1776705502916	ws	list_tree	root_id=workspace-b	7.087	ok
1776705502924	ws	list_tree	root_id=workspace-b	7.895	ok
1776705502924	ws	begin_upload	root_id=workspace-b path=facturici/.git/objects/80/098ba846f96181799572f9ce2c91722f494be9 size=301833	0.336	ok
1776705502928	ws	upload_chunk	transfer_id=e729ab69-8307-41d1-96fa-d5c58b51602e	0.091	ok
1776705502929	ws	end_upload	transfer_id=e729ab69-8307-41d1-96fa-d5c58b51602e	0.290	ok
1776705502946	ws	list_tree	root_id=workspace-b	7.131	ok
1776705502946	ws	begin_upload	root_id=workspace-b path=facturici/.git/objects/80/4012dad2a284f91c7afe9b4d23b1b7801ffe64 size=383189	0.312	ok
1776705502951	ws	upload_chunk	transfer_id=e211ce71-0c14-4f9d-818a-b7d1818bbbb1	0.093	ok
1776705502951	ws	end_upload	transfer_id=e211ce71-0c14-4f9d-818a-b7d1818bbbb1	0.280	ok
1776705502974	ws	list_tree	root_id=workspace-b	7.349	ok
1776705502981	ws	list_tree	root_id=workspace-b	6.623	ok
1776705502988	ws	list_tree	root_id=workspace-b	6.496	ok
1776705502996	ws	list_tree	root_id=workspace-b	7.888	ok
1776705503003	ws	list_tree	root_id=workspace-b	7.161	ok
1776705503010	ws	list_tree	root_id=workspace-b	6.599	ok
1776705503017	ws	list_tree	root_id=workspace-b	6.645	ok
1776705503023	ws	list_tree	root_id=workspace-b	6.572	ok
1776705503030	ws	list_tree	root_id=workspace-b	6.739	ok
1776705503037	ws	list_tree	root_id=workspace-b	6.951	ok
1776705503045	ws	list_tree	root_id=workspace-b	7.492	ok
1776705503052	ws	list_tree	root_id=workspace-b	6.555	ok
1776705503058	ws	list_tree	root_id=workspace-b	6.617	ok
1776705503059	ws	begin_upload	root_id=workspace-b path=facturici/.git/objects/74/99928c6b47abc047038afaaedf6501bdf5412b size=347915	0.397	ok
1776705503068	ws	list_tree	root_id=workspace-b	8.862	ok
1776705503075	ws	list_tree	root_id=workspace-b	6.860	ok
1776705503082	ws	list_tree	root_id=workspace-b	6.683	ok
1776705503089	ws	list_tree	root_id=workspace-b	6.895	ok
1776705503096	ws	list_tree	root_id=workspace-b	6.999	ok
1776705503102	ws	list_tree	root_id=workspace-b	6.510	ok
1776705503109	ws	list_tree	root_id=workspace-b	6.490	ok
1776705503112	ws	upload_chunk	transfer_id=4d05b61a-8161-46d0-a6a3-25a705a2a95b	0.107	ok
1776705503112	ws	end_upload	transfer_id=4d05b61a-8161-46d0-a6a3-25a705a2a95b	0.307	ok
1776705503120	ws	list_tree	root_id=workspace-b	7.182	ok
1776705503127	ws	list_tree	root_id=workspace-b	6.856	ok
1776705503135	ws	list_tree	root_id=workspace-b	7.976	ok
1776705503135	ws	begin_upload	root_id=workspace-b path=facturici/.git/objects/1a/e84df12f875bea0890c6f20fdf5b2b6d9e65a9 size=240105	0.359	ok
1776705503142	ws	upload_chunk	transfer_id=33f9f254-a87b-473c-a57c-45ac0fdeb2d6	0.133	ok
1776705503142	ws	end_upload	transfer_id=33f9f254-a87b-473c-a57c-45ac0fdeb2d6	0.316	ok
1776705503154	ws	list_tree	root_id=workspace-b	6.966	ok
1776705503154	ws	begin_upload	root_id=workspace-b path=facturici/.git/objects/1a/22077bcb9f059bdddcb5eab8c5959b49975d14 size=153346	0.329	ok
1776705503157	ws	upload_chunk	transfer_id=5407402b-3da4-4ae0-ac30-d84ad1cfbcc0	0.082	ok
1776705503157	ws	end_upload	transfer_id=5407402b-3da4-4ae0-ac30-d84ad1cfbcc0	0.283	ok
1776705503182	ws	list_tree	root_id=workspace-b	7.046	ok
1776705503189	ws	list_tree	root_id=workspace-b	6.599	ok
1776705503196	ws	list_tree	root_id=workspace-b	6.627	ok
1776705503204	ws	list_tree	root_id=workspace-b	7.956	ok
1776705503211	ws	list_tree	root_id=workspace-b	7.518	ok
1776705503218	ws	list_tree	root_id=workspace-b	6.684	ok
1776705503225	ws	list_tree	root_id=workspace-b	6.674	ok
1776705503226	ws	begin_upload	root_id=workspace-b path=facturici/.git/objects/28/d70c40d5f0655beaedbaf9f9e9e97cc362c90d size=252	0.343	ok
1776705503233	ws	list_tree	root_id=workspace-b	6.993	ok
1776705503239	ws	list_tree	root_id=workspace-b	6.789	ok
1776705503247	ws	list_tree	root_id=workspace-b	7.403	ok
1776705503254	ws	list_tree	root_id=workspace-b	7.096	ok
1776705503261	ws	list_tree	root_id=workspace-b	6.940	ok
1776705503268	ws	list_tree	root_id=workspace-b	6.671	ok
1776705503275	ws	list_tree	root_id=workspace-b	7.257	ok
1776705503284	ws	list_tree	root_id=workspace-b	8.264	ok
1776705503291	ws	list_tree	root_id=workspace-b	6.658	ok
1776705503298	ws	list_tree	root_id=workspace-b	6.857	ok
1776705503305	ws	list_tree	root_id=workspace-b	7.256	ok
1776705503312	ws	list_tree	root_id=workspace-b	6.671	ok
1776705503318	ws	list_tree	root_id=workspace-b	6.418	ok
1776705503319	ws	upload_chunk	transfer_id=13dbbd6b-76f0-42ab-9325-c4e7454bb46a	0.126	ok
1776705503319	ws	end_upload	transfer_id=13dbbd6b-76f0-42ab-9325-c4e7454bb46a	0.379	ok
1776705503326	ws	list_tree	root_id=workspace-b	6.809	ok
1776705503333	ws	list_tree	root_id=workspace-b	7.392	ok
1776705503340	ws	list_tree	root_id=workspace-b	6.880	ok
1776705503341	ws	begin_upload	root_id=workspace-b path=facturici/.git/objects/17/5bd8e935dd6355b48d05c80b454d1037d03242 size=304700	0.343	ok
1776705503346	ws	upload_chunk	transfer_id=0e365ec9-f420-4ab9-9f79-51cd883c607a	0.100	ok
1776705503346	ws	end_upload	transfer_id=0e365ec9-f420-4ab9-9f79-51cd883c607a	0.287	ok
1776705503368	ws	list_tree	root_id=workspace-b	7.037	ok
1776705503368	ws	begin_upload	root_id=workspace-b path=facturici/.git/objects/10/c81030248197c4e5945cdb5d243ff959c55bae size=27	0.355	ok
1776705503369	ws	upload_chunk	transfer_id=f7a32482-dcd7-482c-98c4-d93f07c0580d	0.069	ok
1776705503369	ws	end_upload	transfer_id=f7a32482-dcd7-482c-98c4-d93f07c0580d	0.245	ok
1776705503396	ws	list_tree	root_id=workspace-b	7.155	ok
1776705503403	ws	list_tree	root_id=workspace-b	6.633	ok
1776705503411	ws	list_tree	root_id=workspace-b	7.737	ok
1776705503418	ws	list_tree	root_id=workspace-b	6.816	ok
1776705503425	ws	list_tree	root_id=workspace-b	7.340	ok
1776705503432	ws	list_tree	root_id=workspace-b	6.884	ok
1776705503439	ws	list_tree	root_id=workspace-b	6.591	ok
1776705503446	ws	list_tree	root_id=workspace-b	6.845	ok
1776705503453	ws	list_tree	root_id=workspace-b	6.715	ok
1776705503460	ws	list_tree	root_id=workspace-b	7.357	ok
1776705503467	ws	list_tree	root_id=workspace-b	6.878	ok
1776705503474	ws	list_tree	root_id=workspace-b	6.710	ok
1776705503481	ws	list_tree	root_id=workspace-b	6.889	ok
1776705503481	ws	begin_upload	root_id=workspace-b path=facturici/.git/objects/10/cd29ab009fded0a68e93d8196183d149914200 size=405	0.405	ok
1776705503489	ws	list_tree	root_id=workspace-b	7.440	ok
1776705503497	ws	list_tree	root_id=workspace-b	8.223	ok
1776705503504	ws	list_tree	root_id=workspace-b	6.609	ok
1776705503511	ws	list_tree	root_id=workspace-b	6.744	ok
1776705503518	ws	list_tree	root_id=workspace-b	7.078	ok
1776705503525	ws	list_tree	root_id=workspace-b	6.613	ok
1776705503532	ws	list_tree	root_id=workspace-b	6.584	ok
1776705503532	ws	upload_chunk	transfer_id=6f2a20be-74d8-400b-9711-2b0952bc3561	0.089	ok
1776705503532	ws	end_upload	transfer_id=6f2a20be-74d8-400b-9711-2b0952bc3561	0.293	ok
1776705503539	ws	list_tree	root_id=workspace-b	6.683	ok
1776705503548	ws	list_tree	root_id=workspace-b	7.310	ok
1776705503556	ws	list_tree	root_id=workspace-b	7.791	ok
1776705503556	ws	begin_upload	root_id=workspace-b path=facturici/.git/objects/10/bc68f742b45764392c9be642eaa0079ff9238a size=231	0.434	ok
1776705503557	ws	upload_chunk	transfer_id=8283a293-ea68-4b49-9be9-3b86e223d97a	0.056	ok
1776705503558	ws	end_upload	transfer_id=8283a293-ea68-4b49-9be9-3b86e223d97a	0.222	ok
1776705503578	ws	list_tree	root_id=workspace-b	7.094	ok
1776705503579	ws	begin_upload	root_id=workspace-b path=facturici/.git/objects/19/f5af5720108b091437ca0f95a74045e77ae134 size=152	0.351	ok
1776705503580	ws	upload_chunk	transfer_id=911643fe-5f39-4f45-a2e5-42bb75af68b4	0.057	ok
1776705503580	ws	end_upload	transfer_id=911643fe-5f39-4f45-a2e5-42bb75af68b4	0.194	ok
1776705503606	ws	list_tree	root_id=workspace-b	7.077	ok
1776705503613	ws	list_tree	root_id=workspace-b	6.610	ok
1776705503619	ws	list_tree	root_id=workspace-b	6.559	ok
1776705503628	ws	list_tree	root_id=workspace-b	7.996	ok
1776705503635	ws	list_tree	root_id=workspace-b	7.283	ok
1776705503642	ws	list_tree	root_id=workspace-b	6.964	ok
1776705503649	ws	list_tree	root_id=workspace-b	6.823	ok
1776705503656	ws	list_tree	root_id=workspace-b	6.639	ok
1776705503663	ws	list_tree	root_id=workspace-b	6.930	ok
1776705503670	ws	list_tree	root_id=workspace-b	7.222	ok
1776705503677	ws	list_tree	root_id=workspace-b	6.576	ok
1776705503684	ws	list_tree	root_id=workspace-b	6.796	ok
1776705503690	ws	list_tree	root_id=workspace-b	6.690	ok
1776705503691	ws	begin_upload	root_id=workspace-b path=facturici/.git/objects/4c/f6b753bda257acb59b1067dc70f0a5e268fab1 size=521	0.384	ok
1776705503698	ws	list_tree	root_id=workspace-b	6.779	ok
1776705503704	ws	list_tree	root_id=workspace-b	6.441	ok
1776705503711	ws	list_tree	root_id=workspace-b	6.582	ok
1776705503718	ws	list_tree	root_id=workspace-b	6.484	ok
1776705503724	ws	list_tree	root_id=workspace-b	6.516	ok
1776705503731	ws	list_tree	root_id=workspace-b	6.575	ok
1776705503738	ws	list_tree	root_id=workspace-b	6.804	ok
1776705503738	ws	upload_chunk	transfer_id=64b5b8a3-356b-4cd4-bada-9815bbd5fc7b	0.088	ok
1776705503738	ws	end_upload	transfer_id=64b5b8a3-356b-4cd4-bada-9815bbd5fc7b	0.296	ok
1776705503751	ws	list_tree	root_id=workspace-b	7.201	ok
1776705503790	ws	begin_upload	root_id=workspace-b path=facturici/.git/objects/21/b23fb74394c25db1ccc3bb455b6d7804ed45ad size=449602	0.407	ok
1776705503799	ws	list_tree	root_id=workspace-b	8.290	ok
1776705503806	ws	list_tree	root_id=workspace-b	7.096	ok
1776705503813	ws	list_tree	root_id=workspace-b	7.151	ok
1776705503816	ws	upload_chunk	transfer_id=99e9c70f-0c92-4c7b-8f99-41d83760f25a	0.111	ok
1776705503817	ws	end_upload	transfer_id=99e9c70f-0c92-4c7b-8f99-41d83760f25a	0.283	ok
1776705503828	ws	list_tree	root_id=workspace-b	8.343	ok
1776705503835	ws	list_tree	root_id=workspace-b	6.772	ok
1776705503842	ws	list_tree	root_id=workspace-b	6.813	ok
1776705503849	ws	list_tree	root_id=workspace-b	7.055	ok
1776705503857	ws	list_tree	root_id=workspace-b	7.711	ok
1776705503865	ws	list_tree	root_id=workspace-b	7.262	ok
1776705503865	ws	begin_upload	root_id=workspace-b path=facturici/.git/objects/21/002a762fe541813011c52f32c4bc32e84ff399 size=894	0.348	ok
1776705503872	ws	list_tree	root_id=workspace-b	7.003	ok
1776705503879	ws	list_tree	root_id=workspace-b	7.027	ok
1776705503887	ws	list_tree	root_id=workspace-b	7.359	ok
1776705503894	ws	list_tree	root_id=workspace-b	6.753	ok
1776705503902	ws	list_tree	root_id=workspace-b	8.033	ok
1776705503910	ws	list_tree	root_id=workspace-b	6.967	ok
1776705503917	ws	list_tree	root_id=workspace-b	7.321	ok
1776705503924	ws	list_tree	root_id=workspace-b	6.940	ok
1776705503931	ws	list_tree	root_id=workspace-b	6.769	ok
1776705503938	ws	list_tree	root_id=workspace-b	6.753	ok
1776705503938	ws	upload_chunk	transfer_id=1f20cee1-8260-4a34-99f1-977d753b8c81	0.073	ok
1776705503938	ws	end_upload	transfer_id=1f20cee1-8260-4a34-99f1-977d753b8c81	0.323	ok
1776705503946	ws	list_tree	root_id=workspace-b	7.454	ok
1776705503953	ws	list_tree	root_id=workspace-b	6.916	ok
1776705503961	ws	list_tree	root_id=workspace-b	8.061	ok
1776705503962	ws	begin_upload	root_id=workspace-b path=facturici/.git/objects/4d/2c707cdaa09ea42e95c0ac792566b37c695818 size=197503	0.443	ok
1776705503965	ws	upload_chunk	transfer_id=37868b30-9eb3-4559-be4d-5fbe47ec7889	0.080	ok
1776705503965	ws	end_upload	transfer_id=37868b30-9eb3-4559-be4d-5fbe47ec7889	0.269	ok
1776705503980	ws	list_tree	root_id=workspace-b	7.408	ok
1776705503981	ws	begin_upload	root_id=workspace-b path=facturici/.git/objects/75/66096d392919c70a2551587ccea4bab5cb854e size=290	0.357	ok
1776705503982	ws	upload_chunk	transfer_id=495ca399-1160-47f6-86f2-bee8499252e7	0.046	ok
1776705503982	ws	end_upload	transfer_id=495ca399-1160-47f6-86f2-bee8499252e7	0.198	ok
1776705504009	ws	list_tree	root_id=workspace-b	7.080	ok
1776705504016	ws	list_tree	root_id=workspace-b	6.694	ok
1776705504023	ws	list_tree	root_id=workspace-b	7.271	ok
1776705504030	ws	list_tree	root_id=workspace-b	6.878	ok
1776705504038	ws	list_tree	root_id=workspace-b	7.607	ok
1776705504047	ws	list_tree	root_id=workspace-b	8.480	ok
1776705504054	ws	list_tree	root_id=workspace-b	7.040	ok
1776705504054	ws	begin_upload	root_id=workspace-b path=facturici/.git/objects/75/36dc7762e3cfe2f4cc8d08307766f19b8a9bf1 size=143723	0.311	ok
1776705504062	ws	list_tree	root_id=workspace-b	7.318	ok
1776705504069	ws	list_tree	root_id=workspace-b	7.335	ok
1776705504077	ws	list_tree	root_id=workspace-b	7.468	ok
1776705504084	ws	list_tree	root_id=workspace-b	7.163	ok
1776705504091	ws	list_tree	root_id=workspace-b	6.725	ok
1776705504098	ws	list_tree	root_id=workspace-b	6.978	ok
1776705504105	ws	list_tree	root_id=workspace-b	7.350	ok
1776705504112	ws	list_tree	root_id=workspace-b	6.986	ok
1776705504121	ws	list_tree	root_id=workspace-b	8.140	ok
1776705504128	ws	list_tree	root_id=workspace-b	6.914	ok
1776705504135	ws	list_tree	root_id=workspace-b	7.197	ok
1776705504142	ws	list_tree	root_id=workspace-b	7.048	ok
1776705504149	ws	list_tree	root_id=workspace-b	6.845	ok
1776705504151	ws	upload_chunk	transfer_id=36cdcf79-3315-4ac0-93a1-d4d680b795a7	0.073	ok
1776705504151	ws	end_upload	transfer_id=36cdcf79-3315-4ac0-93a1-d4d680b795a7	0.300	ok
1776705504158	ws	list_tree	root_id=workspace-b	6.947	ok
1776705504166	ws	list_tree	root_id=workspace-b	7.967	ok
1776705504173	ws	list_tree	root_id=workspace-b	6.878	ok
1776705504174	ws	begin_upload	root_id=workspace-b path=facturici/.git/objects/81/8deee0c3be8357afb4b7ab551fe05d585f8a25 size=149	0.388	ok
1776705504175	ws	upload_chunk	transfer_id=ce658262-550c-41a2-b15d-bdfc475a228e	0.056	ok
1776705504175	ws	end_upload	transfer_id=ce658262-550c-41a2-b15d-bdfc475a228e	0.252	ok
1776705504200	ws	list_tree	root_id=workspace-b	7.395	ok
1776705504200	ws	begin_upload	root_id=workspace-b path=facturici/.git/objects/81/75d5138e4b17f70dc7a312baf067faed11d8df size=152	0.305	ok
1776705504201	ws	upload_chunk	transfer_id=762d28fe-e549-4661-952d-92fdacd42a47	0.057	ok
1776705504202	ws	end_upload	transfer_id=762d28fe-e549-4661-952d-92fdacd42a47	0.211	ok
1776705504229	ws	list_tree	root_id=workspace-b	7.870	ok
1776705504236	ws	list_tree	root_id=workspace-b	7.278	ok
1776705504243	ws	list_tree	root_id=workspace-b	6.745	ok
1776705504251	ws	list_tree	root_id=workspace-b	7.089	ok
1776705504258	ws	list_tree	root_id=workspace-b	7.493	ok
1776705504267	ws	list_tree	root_id=workspace-b	8.688	ok
1776705504274	ws	list_tree	root_id=workspace-b	6.770	ok
1776705504281	ws	list_tree	root_id=workspace-b	7.051	ok
1776705504288	ws	list_tree	root_id=workspace-b	6.868	ok
1776705504296	ws	list_tree	root_id=workspace-b	7.578	ok
1776705504303	ws	list_tree	root_id=workspace-b	6.803	ok
1776705504310	ws	list_tree	root_id=workspace-b	6.816	ok
1776705504317	ws	list_tree	root_id=workspace-b	7.000	ok
1776705504317	ws	begin_upload	root_id=workspace-b path=facturici/.git/objects/81/d0933dce4bb8404d8ca065404f7d82f8032de3 size=144	0.349	ok
1776705504325	ws	list_tree	root_id=workspace-b	7.447	ok
1776705504333	ws	list_tree	root_id=workspace-b	8.153	ok
1776705504340	ws	list_tree	root_id=workspace-b	6.911	ok
1776705504347	ws	list_tree	root_id=workspace-b	7.022	ok
1776705504355	ws	list_tree	root_id=workspace-b	7.462	ok
1776705504362	ws	list_tree	root_id=workspace-b	6.895	ok
1776705504369	ws	list_tree	root_id=workspace-b	6.950	ok
1776705504369	ws	upload_chunk	transfer_id=bf6a0713-b5eb-453c-8190-0f99710e25c9	0.096	ok
1776705504370	ws	end_upload	transfer_id=bf6a0713-b5eb-453c-8190-0f99710e25c9	0.275	ok
1776705504377	ws	list_tree	root_id=workspace-b	6.820	ok
1776705504386	ws	list_tree	root_id=workspace-b	7.406	ok
1776705504393	ws	list_tree	root_id=workspace-b	7.042	ok
1776705504394	ws	begin_upload	root_id=workspace-b path=facturici/.git/objects/72/5fc4ba5f39c3597ff0793beee91ec580d437bf size=811	0.311	ok
1776705504395	ws	upload_chunk	transfer_id=851aa16f-c314-4912-b853-14eaf0cffd0b	0.075	ok
1776705504395	ws	end_upload	transfer_id=851aa16f-c314-4912-b853-14eaf0cffd0b	0.291	ok
1776705504417	ws	list_tree	root_id=workspace-b	7.712	ok
1776705504418	ws	begin_upload	root_id=workspace-b path=facturici/.git/objects/72/4ca0652f8199f3f342a670e1b5d85c34e281b2 size=288	0.374	ok
1776705504419	ws	upload_chunk	transfer_id=d24e179c-6d34-40cc-9619-3f38ea4d3fb6	0.068	ok
1776705504419	ws	end_upload	transfer_id=d24e179c-6d34-40cc-9619-3f38ea4d3fb6	0.259	ok
1776705504447	ws	list_tree	root_id=workspace-b	7.458	ok
1776705504454	ws	list_tree	root_id=workspace-b	6.930	ok
1776705504461	ws	list_tree	root_id=workspace-b	7.105	ok
1776705504468	ws	list_tree	root_id=workspace-b	6.951	ok
1776705504477	ws	list_tree	root_id=workspace-b	8.219	ok
1776705504485	ws	list_tree	root_id=workspace-b	8.358	ok
1776705504492	ws	list_tree	root_id=workspace-b	6.931	ok
1776705504499	ws	list_tree	root_id=workspace-b	6.985	ok
1776705504506	ws	list_tree	root_id=workspace-b	6.872	ok
1776705504514	ws	list_tree	root_id=workspace-b	7.822	ok
1776705504521	ws	list_tree	root_id=workspace-b	6.880	ok
1776705504528	ws	list_tree	root_id=workspace-b	6.989	ok
1776705504535	ws	list_tree	root_id=workspace-b	6.814	ok
1776705504536	ws	begin_upload	root_id=workspace-b path=facturici/.git/objects/44/72b10fc849faf2eccc03b8467963ae57ac1c3d size=154	0.488	ok
1776705504543	ws	list_tree	root_id=workspace-b	7.284	ok
1776705504552	ws	list_tree	root_id=workspace-b	8.152	ok
1776705504559	ws	list_tree	root_id=workspace-b	6.891	ok
1776705504566	ws	list_tree	root_id=workspace-b	7.129	ok
1776705504573	ws	list_tree	root_id=workspace-b	7.447	ok
1776705504581	ws	list_tree	root_id=workspace-b	7.138	ok
1776705504588	ws	list_tree	root_id=workspace-b	6.759	ok
1776705504588	ws	upload_chunk	transfer_id=d5bbf213-ac56-4a3f-85f0-04fd67aed7d1	0.070	ok
1776705504588	ws	end_upload	transfer_id=d5bbf213-ac56-4a3f-85f0-04fd67aed7d1	0.296	ok
1776705504595	ws	list_tree	root_id=workspace-b	7.065	ok
1776705504606	ws	list_tree	root_id=workspace-b	7.575	ok
1776705504613	ws	list_tree	root_id=workspace-b	7.434	ok
1776705504614	ws	begin_upload	root_id=workspace-b path=facturici/.git/objects/2a/12bbff105c3382b783b21881bf5042ce086375 size=23019	0.338	ok
1776705504615	ws	upload_chunk	transfer_id=30f2b609-d6c8-40d1-9913-baadffef2757	0.077	ok
1776705504617	ws	end_upload	transfer_id=30f2b609-d6c8-40d1-9913-baadffef2757	1.411	ok
1776705504637	ws	list_tree	root_id=workspace-b	7.129	ok
1776705504638	ws	begin_upload	root_id=workspace-b path=facturici/.git/objects/2a/70f55f607616a90e02ee829957d95a5b84059a size=307839	0.344	ok
1776705504642	ws	upload_chunk	transfer_id=58f201fc-74a5-45e9-a14f-34f00ebb614d	0.081	ok
1776705504642	ws	end_upload	transfer_id=58f201fc-74a5-45e9-a14f-34f00ebb614d	0.289	ok
1776705504667	ws	list_tree	root_id=workspace-b	7.601	ok
1776705504674	ws	list_tree	root_id=workspace-b	6.888	ok
1776705504681	ws	list_tree	root_id=workspace-b	6.997	ok
1776705504688	ws	list_tree	root_id=workspace-b	6.855	ok
1776705504696	ws	list_tree	root_id=workspace-b	7.789	ok
1776705504704	ws	list_tree	root_id=workspace-b	8.386	ok
1776705504711	ws	list_tree	root_id=workspace-b	6.945	ok
1776705504718	ws	list_tree	root_id=workspace-b	6.570	ok
1776705504725	ws	list_tree	root_id=workspace-b	6.608	ok
1776705504732	ws	list_tree	root_id=workspace-b	6.795	ok
1776705504738	ws	list_tree	root_id=workspace-b	6.663	ok
1776705504745	ws	list_tree	root_id=workspace-b	6.736	ok
1776705504752	ws	list_tree	root_id=workspace-b	6.474	ok
1776705504752	ws	begin_upload	root_id=workspace-b path=facturici/.git/objects/43/0bb321b96cdaacab1badeaedeca400d07dfb19 size=315	0.365	ok
1776705504759	ws	list_tree	root_id=workspace-b	7.079	ok
1776705504766	ws	list_tree	root_id=workspace-b	7.058	ok
1776705504774	ws	list_tree	root_id=workspace-b	7.005	ok
1776705504782	ws	list_tree	root_id=workspace-b	7.806	ok
1776705504788	ws	list_tree	root_id=workspace-b	6.798	ok
1776705504795	ws	list_tree	root_id=workspace-b	6.748	ok
1776705504802	ws	list_tree	root_id=workspace-b	6.469	ok
1776705504802	ws	upload_chunk	transfer_id=1670e0cb-3368-4a6a-89b7-a72286492e52	0.053	ok
1776705504802	ws	end_upload	transfer_id=1670e0cb-3368-4a6a-89b7-a72286492e52	0.338	ok
1776705504809	ws	list_tree	root_id=workspace-b	6.783	ok
1776705504833	ws	list_tree	root_id=workspace-b	7.489	ok
1776705504840	ws	list_tree	root_id=workspace-b	6.796	ok
1776705504840	ws	begin_upload	root_id=workspace-b path=facturici/.git/objects/43/cfb0e051bc1a827852910b4a01c1b41364f272 size=1653459	0.306	ok
1776705504853	ws	upload_chunk	transfer_id=4f30de95-3c39-44fd-9505-2fa367401b83	0.310	ok
1776705504859	ws	upload_chunk	transfer_id=4f30de95-3c39-44fd-9505-2fa367401b83	0.102	ok
1776705504860	ws	end_upload	transfer_id=4f30de95-3c39-44fd-9505-2fa367401b83	0.416	ok
1776705504867	ws	list_tree	root_id=workspace-b	7.264	ok
1776705504874	ws	list_tree	root_id=workspace-b	7.082	ok
1776705504882	ws	list_tree	root_id=workspace-b	7.345	ok
1776705504890	ws	list_tree	root_id=workspace-b	7.780	ok
1776705504899	ws	list_tree	root_id=workspace-b	7.540	ok
1776705504906	ws	list_tree	root_id=workspace-b	6.768	ok
1776705504913	ws	list_tree	root_id=workspace-b	7.054	ok
1776705504921	ws	list_tree	root_id=workspace-b	7.540	ok
1776705504928	ws	list_tree	root_id=workspace-b	7.253	ok
1776705504936	ws	list_tree	root_id=workspace-b	7.050	ok
1776705504936	ws	begin_upload	root_id=workspace-b path=facturici/.git/objects/43/70980c918fdb7c06874e98466b901782836849 size=23014	0.375	ok
1776705504943	ws	list_tree	root_id=workspace-b	7.055	ok
1776705504951	ws	list_tree	root_id=workspace-b	7.563	ok
1776705504959	ws	list_tree	root_id=workspace-b	8.088	ok
1776705504967	ws	list_tree	root_id=workspace-b	7.447	ok
1776705504974	ws	list_tree	root_id=workspace-b	6.875	ok
1776705504981	ws	list_tree	root_id=workspace-b	7.405	ok
1776705504988	ws	list_tree	root_id=workspace-b	7.049	ok
1776705504989	ws	upload_chunk	transfer_id=c228c7f0-48af-428c-a152-a8b7888afb6e	0.090	ok
1776705504989	ws	end_upload	transfer_id=c228c7f0-48af-428c-a152-a8b7888afb6e	0.284	ok
1776705504996	ws	list_tree	root_id=workspace-b	7.151	ok
1776705505015	ws	list_tree	root_id=workspace-b	7.475	ok
1776705505022	ws	list_tree	root_id=workspace-b	7.003	ok
1776705505023	ws	begin_upload	root_id=workspace-b path=facturici/.git/objects/88/2cbfbf385c7008e4d1b4b39f6c6420eabb2bd4 size=287483	1.250	ok
1776705505027	ws	upload_chunk	transfer_id=163db5d3-d76e-44e1-972a-8c948b4f5e6a	0.093	ok
1776705505028	ws	end_upload	transfer_id=163db5d3-d76e-44e1-972a-8c948b4f5e6a	0.374	ok
1776705505047	ws	list_tree	root_id=workspace-b	7.939	ok
1776705505054	ws	list_tree	root_id=workspace-b	6.918	ok
1776705505061	ws	list_tree	root_id=workspace-b	6.848	ok
1776705505068	ws	list_tree	root_id=workspace-b	7.485	ok
1776705505076	ws	list_tree	root_id=workspace-b	7.466	ok
1776705505083	ws	list_tree	root_id=workspace-b	7.336	ok
1776705505090	ws	list_tree	root_id=workspace-b	6.837	ok
1776705505091	ws	begin_upload	root_id=workspace-b path=facturici/.git/objects/88/f60f8038433a0a06cee02b7058d8e71f97de6d size=699	0.311	ok
1776705505099	ws	list_tree	root_id=workspace-b	8.558	ok
1776705505107	ws	list_tree	root_id=workspace-b	7.315	ok
1776705505114	ws	list_tree	root_id=workspace-b	7.105	ok
1776705505121	ws	list_tree	root_id=workspace-b	6.767	ok
1776705505128	ws	list_tree	root_id=workspace-b	6.999	ok
1776705505136	ws	list_tree	root_id=workspace-b	7.318	ok
1776705505143	ws	list_tree	root_id=workspace-b	6.852	ok
1776705505143	ws	upload_chunk	transfer_id=186e4d46-580b-4776-b1c6-3cc7b18e046a	0.101	ok
1776705505143	ws	end_upload	transfer_id=186e4d46-580b-4776-b1c6-3cc7b18e046a	0.369	ok
1776705505151	ws	list_tree	root_id=workspace-b	7.349	ok
1776705505170	ws	list_tree	root_id=workspace-b	7.620	ok
1776705505179	ws	list_tree	root_id=workspace-b	7.685	ok
1776705505179	ws	begin_upload	root_id=workspace-b path=facturici/.git/objects/88/645053ce5e84670a0bb745cbc6a5e910a96ed6 size=919299	0.359	ok
1776705505189	ws	upload_chunk	transfer_id=b602f9a9-3577-4be1-b31b-69f66cd07c47	0.134	ok
1776705505190	ws	end_upload	transfer_id=b602f9a9-3577-4be1-b31b-69f66cd07c47	0.692	ok
1776705505202	ws	list_tree	root_id=workspace-b	7.371	ok
1776705505209	ws	list_tree	root_id=workspace-b	6.783	ok
1776705505216	ws	list_tree	root_id=workspace-b	7.421	ok
1776705505224	ws	list_tree	root_id=workspace-b	7.027	ok
1776705505232	ws	list_tree	root_id=workspace-b	7.823	ok
1776705505240	ws	list_tree	root_id=workspace-b	8.291	ok
1776705505247	ws	list_tree	root_id=workspace-b	7.036	ok
1776705505248	ws	begin_upload	root_id=workspace-b path=facturici/.git/objects/6b/0d1ee1305bcce3287fdf61d1dfede0ea3dc9b1 size=229	0.348	ok
1776705505255	ws	list_tree	root_id=workspace-b	7.012	ok
1776705505262	ws	list_tree	root_id=workspace-b	7.542	ok
1776705505270	ws	list_tree	root_id=workspace-b	7.025	ok
1776705505276	ws	list_tree	root_id=workspace-b	6.806	ok
1776705505284	ws	list_tree	root_id=workspace-b	7.416	ok
1776705505291	ws	list_tree	root_id=workspace-b	7.171	ok
1776705505298	ws	list_tree	root_id=workspace-b	6.856	ok
1776705505298	ws	upload_chunk	transfer_id=c55073ac-b414-4123-a30a-c39dccebf7fb	0.084	ok
1776705505299	ws	end_upload	transfer_id=c55073ac-b414-4123-a30a-c39dccebf7fb	0.297	ok
1776705505307	ws	list_tree	root_id=workspace-b	7.835	ok
1776705505323	ws	list_tree	root_id=workspace-b	7.360	ok
1776705505330	ws	list_tree	root_id=workspace-b	7.249	ok
1776705505331	ws	begin_upload	root_id=workspace-b path=facturici/.git/objects/6b/bc5cbfc2fc96260a43f38155bd925ad1ebb203 size=450934	0.353	ok
1776705505336	ws	upload_chunk	transfer_id=4315a0ff-702d-4474-926b-f3c034fe0dd0	0.098	ok
1776705505337	ws	end_upload	transfer_id=4315a0ff-702d-4474-926b-f3c034fe0dd0	0.589	ok
1776705505354	ws	list_tree	root_id=workspace-b	7.132	ok
1776705505361	ws	list_tree	root_id=workspace-b	6.897	ok
1776705505368	ws	list_tree	root_id=workspace-b	6.960	ok
1776705505376	ws	list_tree	root_id=workspace-b	6.943	ok
1776705505385	ws	list_tree	root_id=workspace-b	8.976	ok
1776705505392	ws	list_tree	root_id=workspace-b	7.093	ok
1776705505399	ws	list_tree	root_id=workspace-b	6.805	ok
1776705505399	ws	begin_upload	root_id=workspace-b path=facturici/.git/objects/07/25931378a8462f11bb6bd7b9ca0a99a9f63286 size=295374	0.315	ok
1776705505407	ws	list_tree	root_id=workspace-b	7.542	ok
1776705505414	ws	list_tree	root_id=workspace-b	7.478	ok
1776705505422	ws	list_tree	root_id=workspace-b	6.933	ok
1776705505429	ws	list_tree	root_id=workspace-b	6.944	ok
1776705505436	ws	list_tree	root_id=workspace-b	6.862	ok
1776705505443	ws	list_tree	root_id=workspace-b	7.222	ok
1776705505452	ws	list_tree	root_id=workspace-b	8.493	ok
1776705505454	ws	upload_chunk	transfer_id=98b74f23-4c8d-451e-aa17-8fb1187807b4	0.076	ok
1776705505454	ws	end_upload	transfer_id=98b74f23-4c8d-451e-aa17-8fb1187807b4	0.298	ok
1776705505461	ws	list_tree	root_id=workspace-b	7.023	ok
1776705505473	ws	list_tree	root_id=workspace-b	7.104	ok
1776705505480	ws	list_tree	root_id=workspace-b	7.221	ok
1776705505481	ws	begin_upload	root_id=workspace-b path=facturici/.git/objects/00/594ff993dfb039abad65f7ea05a552123e3950 size=118	0.307	ok
1776705505482	ws	upload_chunk	transfer_id=1813d617-96b4-4e2b-b284-feca6eb65de4	0.050	ok
1776705505482	ws	end_upload	transfer_id=1813d617-96b4-4e2b-b284-feca6eb65de4	0.217	ok
1776705505502	ws	list_tree	root_id=workspace-b	7.281	ok
1776705505503	ws	begin_upload	root_id=workspace-b path=facturici/.git/objects/00/44ed89c6ed4a7e0ee6af0f6aa5e595f5c2be23 size=145718	0.261	ok
1776705505506	ws	upload_chunk	transfer_id=501dc49c-6a27-43bf-aff8-5f5204dc621b	0.062	ok
1776705505506	ws	end_upload	transfer_id=501dc49c-6a27-43bf-aff8-5f5204dc621b	0.220	ok
1776705505533	ws	list_tree	root_id=workspace-b	7.475	ok
1776705505540	ws	list_tree	root_id=workspace-b	7.016	ok
1776705505548	ws	list_tree	root_id=workspace-b	7.126	ok
1776705505555	ws	list_tree	root_id=workspace-b	7.034	ok
1776705505562	ws	list_tree	root_id=workspace-b	7.553	ok
1776705505569	ws	list_tree	root_id=workspace-b	6.938	ok
1776705505576	ws	list_tree	root_id=workspace-b	6.883	ok
1776705505585	ws	list_tree	root_id=workspace-b	8.378	ok
1776705505592	ws	list_tree	root_id=workspace-b	7.270	ok
1776705505600	ws	list_tree	root_id=workspace-b	7.267	ok
1776705505607	ws	list_tree	root_id=workspace-b	6.885	ok
1776705505614	ws	list_tree	root_id=workspace-b	7.119	ok
1776705505621	ws	list_tree	root_id=workspace-b	7.079	ok
1776705505622	ws	begin_upload	root_id=workspace-b path=facturici/.git/objects/6e/6cf93ff227ac4d2a22c4cf8f4f745b93f00b38 size=150712	0.327	ok
1776705505629	ws	list_tree	root_id=workspace-b	7.530	ok
1776705505636	ws	list_tree	root_id=workspace-b	7.079	ok
1776705505644	ws	list_tree	root_id=workspace-b	7.011	ok
1776705505651	ws	list_tree	root_id=workspace-b	7.181	ok
1776705505660	ws	list_tree	root_id=workspace-b	7.573	ok
1776705505667	ws	list_tree	root_id=workspace-b	7.213	ok
1776705505674	ws	list_tree	root_id=workspace-b	6.889	ok
1776705505675	ws	upload_chunk	transfer_id=3f7c1ab4-64ee-4d1c-833e-1d058f0c1652	0.089	ok
1776705505676	ws	end_upload	transfer_id=3f7c1ab4-64ee-4d1c-833e-1d058f0c1652	0.897	ok
1776705505684	ws	list_tree	root_id=workspace-b	7.376	ok
1776705505692	ws	list_tree	root_id=workspace-b	7.697	ok
1776705505699	ws	list_tree	root_id=workspace-b	7.022	ok
1776705505706	ws	begin_upload	root_id=workspace-b path=facturici/.git/objects/6e/1d2ddf7b038f8aaf186e71ab85d98038c00d4d size=157	0.385	ok
1776705505707	ws	upload_chunk	transfer_id=0edc7982-67ab-419b-af88-0be606d0ced9	0.053	ok
1776705505707	ws	end_upload	transfer_id=0edc7982-67ab-419b-af88-0be606d0ced9	0.200	ok
1776705505787	ws	list_tree	root_id=workspace-b	7.285	ok
1776705505794	ws	list_tree	root_id=workspace-b	6.911	ok
1776705505801	ws	list_tree	root_id=workspace-b	6.747	ok
1776705505808	ws	list_tree	root_id=workspace-b	6.680	ok
1776705505815	ws	list_tree	root_id=workspace-b	6.960	ok
1776705505822	ws	list_tree	root_id=workspace-b	6.940	ok
1776705505830	ws	list_tree	root_id=workspace-b	7.902	ok
1776705505831	ws	begin_upload	root_id=workspace-b path=facturici/.git/objects/36/cea421be6dc9708284c56f47823187a21d2402 size=449847	0.364	ok
1776705505840	ws	list_tree	root_id=workspace-b	9.090	ok
1776705505847	ws	list_tree	root_id=workspace-b	7.031	ok
1776705505854	ws	list_tree	root_id=workspace-b	6.911	ok
1776705505861	ws	list_tree	root_id=workspace-b	7.283	ok
1776705505869	ws	list_tree	root_id=workspace-b	7.299	ok
1776705505876	ws	list_tree	root_id=workspace-b	6.811	ok
1776705505883	ws	list_tree	root_id=workspace-b	7.062	ok
1776705505886	ws	upload_chunk	transfer_id=8258996e-1200-46f7-b2a9-630cca193ec3	0.111	ok
1776705505888	ws	end_upload	transfer_id=8258996e-1200-46f7-b2a9-630cca193ec3	1.586	ok
1776705505896	ws	list_tree	root_id=workspace-b	7.422	ok
1776705505904	ws	list_tree	root_id=workspace-b	8.297	ok
1776705505912	ws	list_tree	root_id=workspace-b	7.254	ok
1776705505917	ws	begin_upload	root_id=workspace-b path=facturici/.git/objects/36/b814dc0a0fa2ed6cd23f99a909d0c732ed2cc1 size=147	0.388	ok
1776705505918	ws	upload_chunk	transfer_id=b3339fcf-b357-41ca-9171-32e230f1437d	0.068	ok
1776705505918	ws	end_upload	transfer_id=b3339fcf-b357-41ca-9171-32e230f1437d	0.254	ok
1776705505926	ws	list_tree	root_id=workspace-b	7.210	ok
1776705505946	ws	begin_upload	root_id=workspace-b path=facturici/.git/objects/36/b3db66c479133bee0d636cbefadcd04c14a3ff size=174	0.405	ok
1776705505947	ws	upload_chunk	transfer_id=81deda06-42dc-4091-ada1-bd87d85dc143	0.098	ok
1776705505948	ws	end_upload	transfer_id=81deda06-42dc-4091-ada1-bd87d85dc143	0.290	ok
1776705505955	ws	list_tree	root_id=workspace-b	7.289	ok
1776705505962	ws	list_tree	root_id=workspace-b	7.093	ok
1776705505969	ws	list_tree	root_id=workspace-b	6.889	ok
1776705505978	ws	list_tree	root_id=workspace-b	8.252	ok
1776705505985	ws	list_tree	root_id=workspace-b	7.559	ok
1776705505993	ws	list_tree	root_id=workspace-b	7.084	ok
1776705505999	ws	list_tree	root_id=workspace-b	6.854	ok
1776705506021	ws	list_tree	root_id=workspace-b	21.579	ok
1776705506032	ws	list_tree	root_id=workspace-b	10.599	ok
1776705506042	ws	list_tree	root_id=workspace-b	9.831	ok
1776705506051	ws	list_tree	root_id=workspace-b	8.453	ok
1776705506058	ws	list_tree	root_id=workspace-b	7.122	ok
1776705506065	ws	list_tree	root_id=workspace-b	7.044	ok
1776705506066	ws	begin_upload	root_id=workspace-b path=facturici/.git/objects/5c/d20164525b930379ed5c1471ee6d78af392b6a size=215	0.550	ok
1776705506074	ws	list_tree	root_id=workspace-b	7.519	ok
1776705506081	ws	list_tree	root_id=workspace-b	7.027	ok
1776705506088	ws	list_tree	root_id=workspace-b	6.900	ok
1776705506095	ws	list_tree	root_id=workspace-b	7.410	ok
1776705506102	ws	list_tree	root_id=workspace-b	7.075	ok
1776705506110	ws	list_tree	root_id=workspace-b	7.326	ok
1776705506117	ws	list_tree	root_id=workspace-b	7.055	ok
1776705506117	ws	upload_chunk	transfer_id=dcb3c07d-2e97-40f2-ab7d-66a95294006d	0.067	ok
1776705506118	ws	end_upload	transfer_id=dcb3c07d-2e97-40f2-ab7d-66a95294006d	0.284	ok
1776705506125	ws	list_tree	root_id=workspace-b	7.364	ok
1776705506132	ws	list_tree	root_id=workspace-b	7.153	ok
1776705506139	ws	list_tree	root_id=workspace-b	6.841	ok
1776705506140	ws	begin_upload	root_id=workspace-b path=facturici/.git/objects/5c/43922d74c8aac341897386e56c32f949d706bb size=267	0.447	ok
1776705506141	ws	upload_chunk	transfer_id=15e264dc-2987-4161-9bf3-3a6d4c684f0c	0.058	ok
1776705506141	ws	end_upload	transfer_id=15e264dc-2987-4161-9bf3-3a6d4c684f0c	0.250	ok
1776705506157	ws	list_tree	root_id=workspace-b	7.361	ok
1776705506157	ws	begin_upload	root_id=workspace-b path=facturici/.git/objects/31/1c9e90baad924d9be393dc7de5a25c3e80e911 size=449195	0.397	ok
1776705506163	ws	upload_chunk	transfer_id=665028de-5c81-41c7-a6f3-b9b7eb245998	0.116	ok
1776705506163	ws	end_upload	transfer_id=665028de-5c81-41c7-a6f3-b9b7eb245998	0.304	ok
1776705506192	ws	list_tree	root_id=workspace-b	8.017	ok
1776705506199	ws	list_tree	root_id=workspace-b	6.951	ok
1776705506206	ws	list_tree	root_id=workspace-b	6.829	ok
1776705506213	ws	list_tree	root_id=workspace-b	7.020	ok
1776705506220	ws	list_tree	root_id=workspace-b	7.189	ok
1776705506228	ws	list_tree	root_id=workspace-b	7.779	ok
1776705506236	ws	list_tree	root_id=workspace-b	7.179	ok
1776705506236	ws	begin_upload	root_id=workspace-b path=facturici/.git/objects/31/7d9eb979876152748cccbf1a46e0880567e3da size=632	0.281	ok
1776705506243	ws	list_tree	root_id=workspace-b	7.197	ok
1776705506251	ws	list_tree	root_id=workspace-b	7.331	ok
1776705506258	ws	list_tree	root_id=workspace-b	7.267	ok
1776705506266	ws	list_tree	root_id=workspace-b	7.347	ok
1776705506274	ws	list_tree	root_id=workspace-b	8.083	ok
1776705506281	ws	list_tree	root_id=workspace-b	7.012	ok
1776705506289	ws	list_tree	root_id=workspace-b	7.087	ok
1776705506297	ws	list_tree	root_id=workspace-b	7.886	ok
1776705506304	ws	list_tree	root_id=workspace-b	6.896	ok
1776705506311	ws	list_tree	root_id=workspace-b	6.844	ok
1776705506318	ws	list_tree	root_id=workspace-b	7.117	ok
1776705506325	ws	list_tree	root_id=workspace-b	7.384	ok
1776705506332	ws	list_tree	root_id=workspace-b	6.966	ok
1776705506333	ws	upload_chunk	transfer_id=b86528d8-d8a0-4b3d-960c-3fcd1ad27bb0	0.086	ok
1776705506333	ws	end_upload	transfer_id=b86528d8-d8a0-4b3d-960c-3fcd1ad27bb0	0.304	ok
1776705506341	ws	list_tree	root_id=workspace-b	8.149	ok
1776705506349	ws	list_tree	root_id=workspace-b	7.341	ok
1776705506356	ws	list_tree	root_id=workspace-b	7.508	ok
1776705506357	ws	begin_upload	root_id=workspace-b path=facturici/.git/objects/65/9ecab8468517424e6b3d37e20a9bf072cf7199 size=72	0.340	ok
1776705506358	ws	upload_chunk	transfer_id=7a098533-337e-478d-89ba-42fc14af58df	0.059	ok
1776705506358	ws	end_upload	transfer_id=7a098533-337e-478d-89ba-42fc14af58df	0.211	ok
1776705506384	ws	list_tree	root_id=workspace-b	7.281	ok
1776705506391	ws	list_tree	root_id=workspace-b	6.803	ok
1776705506399	ws	list_tree	root_id=workspace-b	7.372	ok
1776705506406	ws	list_tree	root_id=workspace-b	7.650	ok
1776705506415	ws	list_tree	root_id=workspace-b	8.362	ok
1776705506422	ws	list_tree	root_id=workspace-b	6.840	ok
1776705506429	ws	list_tree	root_id=workspace-b	7.070	ok
1776705506429	ws	begin_upload	root_id=workspace-b path=facturici/.git/objects/65/0d1d4b6cc0ae47046f7f7d3fd9a731ea394b86 size=912	0.312	ok
1776705506437	ws	list_tree	root_id=workspace-b	7.347	ok
1776705506444	ws	list_tree	root_id=workspace-b	7.321	ok
1776705506452	ws	list_tree	root_id=workspace-b	6.962	ok
1776705506459	ws	list_tree	root_id=workspace-b	6.855	ok
1776705506466	ws	list_tree	root_id=workspace-b	7.432	ok
1776705506473	ws	list_tree	root_id=workspace-b	7.022	ok
1776705506482	ws	list_tree	root_id=workspace-b	8.165	ok
1776705506482	ws	upload_chunk	transfer_id=34bbbe0a-06bb-4386-8fd6-38d9c6ef84f6	0.069	ok
1776705506482	ws	end_upload	transfer_id=34bbbe0a-06bb-4386-8fd6-38d9c6ef84f6	0.328	ok
1776705506489	ws	list_tree	root_id=workspace-b	7.218	ok
1776705506501	ws	list_tree	root_id=workspace-b	8.333	ok
1776705506508	ws	list_tree	root_id=workspace-b	7.135	ok
1776705506509	ws	begin_upload	root_id=workspace-b path=facturici/.git/objects/62/3c215e5b524428d2abc07f466f8a59b4d4274e size=154	0.336	ok
1776705506510	ws	upload_chunk	transfer_id=50c51932-b596-4c86-a5b6-a54d54042dcb	0.057	ok
1776705506511	ws	end_upload	transfer_id=50c51932-b596-4c86-a5b6-a54d54042dcb	0.365	ok
1776705506528	ws	list_tree	root_id=workspace-b	7.366	ok
1776705506528	ws	begin_upload	root_id=workspace-b path=facturici/.git/objects/96/36f28bd7be32cdeb74f58ff7478b864ad2372d size=144376	0.336	ok
1776705506531	ws	upload_chunk	transfer_id=14c55c21-e270-40df-93dc-555b1bf9a789	0.074	ok
1776705506531	ws	end_upload	transfer_id=14c55c21-e270-40df-93dc-555b1bf9a789	0.247	ok
1776705506554	ws	list_tree	root_id=workspace-b	7.535	ok
1776705506562	ws	list_tree	root_id=workspace-b	7.068	ok
1776705506569	ws	list_tree	root_id=workspace-b	7.099	ok
1776705506576	ws	list_tree	root_id=workspace-b	7.008	ok
1776705506584	ws	list_tree	root_id=workspace-b	7.621	ok
1776705506591	ws	list_tree	root_id=workspace-b	7.051	ok
1776705506598	ws	list_tree	root_id=workspace-b	7.261	ok
1776705506599	ws	begin_upload	root_id=workspace-b path=facturici/.git/objects/3a/a758b529adfa618819245fe44e37e6b48eb081 size=889	0.398	ok
1776705506606	ws	list_tree	root_id=workspace-b	7.337	ok
1776705506614	ws	list_tree	root_id=workspace-b	7.413	ok
1776705506622	ws	list_tree	root_id=workspace-b	8.119	ok
1776705506629	ws	list_tree	root_id=workspace-b	7.292	ok
1776705506636	ws	list_tree	root_id=workspace-b	6.918	ok
1776705506644	ws	list_tree	root_id=workspace-b	7.463	ok
1776705506651	ws	list_tree	root_id=workspace-b	7.153	ok
1776705506658	ws	list_tree	root_id=workspace-b	6.852	ok
1776705506666	ws	list_tree	root_id=workspace-b	7.150	ok
1776705506673	ws	list_tree	root_id=workspace-b	7.370	ok
1776705506680	ws	list_tree	root_id=workspace-b	7.008	ok
1776705506688	ws	list_tree	root_id=workspace-b	7.987	ok
1776705506696	ws	list_tree	root_id=workspace-b	7.194	ok
1776705506696	ws	upload_chunk	transfer_id=cbc3a661-26bc-4277-a7cf-91c61c86e99e	0.089	ok
1776705506696	ws	end_upload	transfer_id=cbc3a661-26bc-4277-a7cf-91c61c86e99e	0.331	ok
1776705506704	ws	list_tree	root_id=workspace-b	7.384	ok
1776705506711	ws	list_tree	root_id=workspace-b	7.169	ok
1776705506718	ws	list_tree	root_id=workspace-b	7.130	ok
1776705506724	ws	begin_upload	root_id=workspace-b path=facturici/.git/objects/3a/18c87c3d08cceda69dfe4ce772e69e47f039c1 size=38992	0.381	ok
1776705506725	ws	upload_chunk	transfer_id=cc6aeb5a-63d1-462c-a463-18bb4b5f7de3	0.065	ok
1776705506725	ws	end_upload	transfer_id=cc6aeb5a-63d1-462c-a463-18bb4b5f7de3	0.224	ok
1776705506803	ws	list_tree	root_id=workspace-b	7.563	ok
1776705506810	ws	list_tree	root_id=workspace-b	6.849	ok
1776705506817	ws	list_tree	root_id=workspace-b	6.968	ok
1776705506824	ws	list_tree	root_id=workspace-b	6.600	ok
1776705506831	ws	list_tree	root_id=workspace-b	6.998	ok
1776705506838	ws	list_tree	root_id=workspace-b	6.933	ok
1776705506845	ws	list_tree	root_id=workspace-b	7.586	ok
1776705506846	ws	begin_upload	root_id=workspace-b path=facturici/.git/objects/3f/c2069c89e853abd8caa7f5357000fbb635b7cb size=143531	0.348	ok
1776705506854	ws	list_tree	root_id=workspace-b	7.668	ok
1776705506861	ws	list_tree	root_id=workspace-b	7.445	ok
1776705506869	ws	list_tree	root_id=workspace-b	7.161	ok
1776705506876	ws	list_tree	root_id=workspace-b	7.238	ok
1776705506884	ws	list_tree	root_id=workspace-b	8.374	ok
1776705506891	ws	list_tree	root_id=workspace-b	6.953	ok
1776705506898	ws	list_tree	root_id=workspace-b	6.955	ok
1776705506900	ws	upload_chunk	transfer_id=1c9efd51-3b57-488b-a9d4-ac5e33439bec	0.085	ok
1776705506900	ws	end_upload	transfer_id=1c9efd51-3b57-488b-a9d4-ac5e33439bec	0.316	ok
1776705506908	ws	list_tree	root_id=workspace-b	7.457	ok
1776705506915	ws	list_tree	root_id=workspace-b	7.168	ok
1776705506922	ws	list_tree	root_id=workspace-b	6.905	ok
1776705506929	ws	begin_upload	root_id=workspace-b path=facturici/.git/objects/30/8dc000c1816d222b7535a54c5099b3b11a9fe0 size=298937	0.396	ok
1776705506937	ws	list_tree	root_id=workspace-b	8.013	ok
1776705506939	ws	upload_chunk	transfer_id=4fbb5a2f-0015-4060-bdbd-932797fe887a	0.073	ok
1776705506940	ws	end_upload	transfer_id=4fbb5a2f-0015-4060-bdbd-932797fe887a	0.298	ok
1776705506966	ws	list_tree	root_id=workspace-b	7.448	ok
1776705506973	ws	list_tree	root_id=workspace-b	7.042	ok
1776705506981	ws	list_tree	root_id=workspace-b	7.034	ok
1776705506988	ws	list_tree	root_id=workspace-b	7.492	ok
1776705506995	ws	list_tree	root_id=workspace-b	7.203	ok
1776705507003	ws	list_tree	root_id=workspace-b	6.978	ok
1776705507003	ws	begin_upload	root_id=workspace-b path=facturici/.git/objects/30/28f6c3aff5f62481c15e3f146375a5a7082429 size=236	0.291	ok
1776705507010	ws	list_tree	root_id=workspace-b	7.268	ok
1776705507019	ws	list_tree	root_id=workspace-b	8.524	ok
1776705507026	ws	list_tree	root_id=workspace-b	7.260	ok
1776705507033	ws	list_tree	root_id=workspace-b	6.912	ok
1776705507040	ws	list_tree	root_id=workspace-b	7.000	ok
1776705507049	ws	list_tree	root_id=workspace-b	8.321	ok
1776705507056	ws	list_tree	root_id=workspace-b	7.000	ok
1776705507063	ws	list_tree	root_id=workspace-b	6.926	ok
1776705507070	ws	list_tree	root_id=workspace-b	7.206	ok
1776705507078	ws	list_tree	root_id=workspace-b	7.659	ok
1776705507079	ws	upload_chunk	transfer_id=8ee131f4-6586-4eff-9d39-26a1e4f14dfc	0.071	ok
1776705507079	ws	end_upload	transfer_id=8ee131f4-6586-4eff-9d39-26a1e4f14dfc	0.318	ok
1776705507087	ws	list_tree	root_id=workspace-b	8.235	ok
1776705507095	ws	list_tree	root_id=workspace-b	7.325	ok
1776705507102	ws	list_tree	root_id=workspace-b	7.573	ok
1776705507103	ws	begin_upload	root_id=workspace-b path=facturici/.git/objects/5e/177eb804deff487588916cf475db4644d996b0 size=143588	0.332	ok
1776705507106	ws	upload_chunk	transfer_id=caa96c3a-f303-4abb-9ea5-b91c430d4978	0.070	ok
1776705507106	ws	end_upload	transfer_id=caa96c3a-f303-4abb-9ea5-b91c430d4978	0.250	ok
1776705507134	ws	list_tree	root_id=workspace-b	7.446	ok
1776705507141	ws	list_tree	root_id=workspace-b	6.898	ok
1776705507149	ws	list_tree	root_id=workspace-b	8.256	ok
1776705507157	ws	list_tree	root_id=workspace-b	7.479	ok
1776705507164	ws	list_tree	root_id=workspace-b	7.265	ok
1776705507171	ws	list_tree	root_id=workspace-b	6.786	ok
1776705507178	ws	list_tree	root_id=workspace-b	7.082	ok
1776705507179	ws	begin_upload	root_id=workspace-b path=facturici/.git/objects/5b/7762061bffd85cc998d32eeb095a8960813670 size=236	0.316	ok
1776705507186	ws	list_tree	root_id=workspace-b	7.457	ok
1776705507194	ws	list_tree	root_id=workspace-b	7.377	ok
1776705507201	ws	list_tree	root_id=workspace-b	7.311	ok
1776705507209	ws	list_tree	root_id=workspace-b	7.363	ok
1776705507217	ws	list_tree	root_id=workspace-b	7.769	ok
1776705507225	ws	list_tree	root_id=workspace-b	8.458	ok
1776705507232	ws	list_tree	root_id=workspace-b	7.108	ok
1776705507233	ws	upload_chunk	transfer_id=0f2b1f71-1c4b-4dad-9ec1-e03f087f7709	0.080	ok
1776705507233	ws	end_upload	transfer_id=0f2b1f71-1c4b-4dad-9ec1-e03f087f7709	0.284	ok
1776705507240	ws	list_tree	root_id=workspace-b	7.089	ok
1776705507249	ws	list_tree	root_id=workspace-b	7.564	ok
1776705507256	ws	list_tree	root_id=workspace-b	6.954	ok
1776705507256	ws	begin_upload	root_id=workspace-b path=facturici/.git/objects/37/b1e7f6fbd453a9c3d85a1884a0ff65621d729c size=452805	0.318	ok
1776705507262	ws	upload_chunk	transfer_id=4963a677-f010-4054-b0e9-9fdfca708713	0.131	ok
1776705507263	ws	end_upload	transfer_id=4963a677-f010-4054-b0e9-9fdfca708713	0.616	ok
1776705507276	ws	list_tree	root_id=workspace-b	7.487	ok
1776705507277	ws	begin_upload	root_id=workspace-b path=facturici/.git/objects/6d/2e326478a55032572e8dda3733e694a68baa59 size=308993	0.466	ok
1776705507282	ws	upload_chunk	transfer_id=91adbf1f-9f95-4d3d-90b9-34b77aac5541	0.114	ok
1776705507282	ws	end_upload	transfer_id=91adbf1f-9f95-4d3d-90b9-34b77aac5541	0.292	ok
1776705507306	ws	list_tree	root_id=workspace-b	7.361	ok
1776705507313	ws	list_tree	root_id=workspace-b	7.724	ok
1776705507321	ws	list_tree	root_id=workspace-b	7.111	ok
1776705507328	ws	list_tree	root_id=workspace-b	7.275	ok
1776705507336	ws	list_tree	root_id=workspace-b	7.800	ok
1776705507343	ws	list_tree	root_id=workspace-b	6.971	ok
1776705507350	ws	list_tree	root_id=workspace-b	7.052	ok
1776705507357	ws	list_tree	root_id=workspace-b	7.147	ok
1776705507366	ws	list_tree	root_id=workspace-b	8.521	ok
1776705507373	ws	list_tree	root_id=workspace-b	7.146	ok
1776705507381	ws	list_tree	root_id=workspace-b	7.226	ok
1776705507388	ws	list_tree	root_id=workspace-b	7.184	ok
1776705507396	ws	list_tree	root_id=workspace-b	7.443	ok
1776705507396	ws	begin_upload	root_id=workspace-b path=facturici/.git/objects/6d/9d877bff4e16e19afbb320bf7a71e5f04586db size=310949	0.283	ok
1776705507404	ws	list_tree	root_id=workspace-b	7.486	ok
1776705507411	ws	list_tree	root_id=workspace-b	7.269	ok
1776705507419	ws	list_tree	root_id=workspace-b	7.498	ok
1776705507427	ws	list_tree	root_id=workspace-b	8.148	ok
1776705507434	ws	list_tree	root_id=workspace-b	7.363	ok
1776705507442	ws	list_tree	root_id=workspace-b	7.325	ok
1776705507450	ws	list_tree	root_id=workspace-b	7.883	ok
1776705507452	ws	upload_chunk	transfer_id=e2e3e562-91f6-464f-a469-d8ccaad624dc	0.086	ok
1776705507453	ws	end_upload	transfer_id=e2e3e562-91f6-464f-a469-d8ccaad624dc	0.257	ok
1776705507460	ws	list_tree	root_id=workspace-b	7.327	ok
1776705507468	ws	list_tree	root_id=workspace-b	7.491	ok
1776705507476	ws	list_tree	root_id=workspace-b	7.759	ok
1776705507476	ws	begin_upload	root_id=workspace-b path=facturici/.git/objects/6c/8ebf2a0f7cf14fca9a2d43af9faf380fcfe8f9 size=126	0.368	ok
1776705507478	ws	upload_chunk	transfer_id=eb29ea9f-90fd-4692-8b8b-80c4b9f7983e	0.056	ok
1776705507478	ws	end_upload	transfer_id=eb29ea9f-90fd-4692-8b8b-80c4b9f7983e	0.227	ok
1776705507506	ws	list_tree	root_id=workspace-b	7.369	ok
1776705507514	ws	list_tree	root_id=workspace-b	7.381	ok
1776705507521	ws	list_tree	root_id=workspace-b	7.389	ok
1776705507529	ws	list_tree	root_id=workspace-b	7.696	ok
1776705507536	ws	list_tree	root_id=workspace-b	7.256	ok
1776705507544	ws	list_tree	root_id=workspace-b	7.192	ok
1776705507551	ws	list_tree	root_id=workspace-b	7.075	ok
1776705507551	ws	begin_upload	root_id=workspace-b path=facturici/.git/objects/6c/222f4357898ce03863bf6c24259597fd590d34 size=142236	0.284	ok
1776705507559	ws	list_tree	root_id=workspace-b	7.816	ok
1776705507568	ws	list_tree	root_id=workspace-b	8.446	ok
1776705507575	ws	list_tree	root_id=workspace-b	7.375	ok
1776705507583	ws	list_tree	root_id=workspace-b	7.359	ok
1776705507591	ws	list_tree	root_id=workspace-b	7.674	ok
1776705507598	ws	list_tree	root_id=workspace-b	7.268	ok
1776705507605	ws	list_tree	root_id=workspace-b	7.194	ok
1776705507607	ws	upload_chunk	transfer_id=140de420-a09d-40dd-8dff-976cdf2f19cb	0.071	ok
1776705507607	ws	end_upload	transfer_id=140de420-a09d-40dd-8dff-976cdf2f19cb	0.270	ok
1776705507615	ws	list_tree	root_id=workspace-b	7.834	ok
1776705507622	ws	list_tree	root_id=workspace-b	7.327	ok
1776705507630	ws	list_tree	root_id=workspace-b	7.085	ok
1776705507630	ws	begin_upload	root_id=workspace-b path=facturici/.git/objects/39/84737e8e1520885d0732129c8e748e9e902aa7 size=217694	0.381	ok
1776705507635	ws	upload_chunk	transfer_id=82913de8-5074-43ba-b2d9-81debfa9ffee	0.101	ok
1776705507635	ws	end_upload	transfer_id=82913de8-5074-43ba-b2d9-81debfa9ffee	0.275	ok
1776705507649	ws	list_tree	root_id=workspace-b	7.420	ok
1776705507650	ws	begin_upload	root_id=workspace-b path=facturici/.git/objects/99/fc44569ff013c51fa290b34569e6c7afc555eb size=363	0.321	ok
1776705507651	ws	upload_chunk	transfer_id=bc6b81b7-f6de-404d-916e-d0d14c77cf2c	0.055	ok
1776705507651	ws	end_upload	transfer_id=bc6b81b7-f6de-404d-916e-d0d14c77cf2c	0.235	ok
1776705507676	ws	list_tree	root_id=workspace-b	7.457	ok
1776705507684	ws	list_tree	root_id=workspace-b	7.264	ok
1776705507691	ws	list_tree	root_id=workspace-b	7.181	ok
1776705507698	ws	list_tree	root_id=workspace-b	7.311	ok
1776705507707	ws	list_tree	root_id=workspace-b	8.661	ok
1776705507715	ws	list_tree	root_id=workspace-b	7.381	ok
1776705507722	ws	list_tree	root_id=workspace-b	6.971	ok
1776705507722	ws	begin_upload	root_id=workspace-b path=facturici/.git/objects/97/65d0931b41d70e7c1ecc2fdd3c1e5fc3f560b5 size=143359	0.312	ok
1776705507730	ws	list_tree	root_id=workspace-b	7.644	ok
1776705507738	ws	list_tree	root_id=workspace-b	7.614	ok
1776705507745	ws	list_tree	root_id=workspace-b	7.218	ok
1776705507752	ws	list_tree	root_id=workspace-b	6.786	ok
1776705507759	ws	list_tree	root_id=workspace-b	6.762	ok
1776705507766	ws	list_tree	root_id=workspace-b	6.819	ok
1776705507772	ws	list_tree	root_id=workspace-b	6.789	ok
1776705507779	ws	list_tree	root_id=workspace-b	6.832	ok
1776705507786	ws	list_tree	root_id=workspace-b	6.828	ok
1776705507793	ws	list_tree	root_id=workspace-b	6.762	ok
1776705507800	ws	list_tree	root_id=workspace-b	7.268	ok
1776705507808	ws	list_tree	root_id=workspace-b	7.471	ok
1776705507815	ws	list_tree	root_id=workspace-b	7.213	ok
1776705507817	ws	upload_chunk	transfer_id=15610072-a71c-4827-b06f-9fc1226867fb	0.071	ok
1776705507817	ws	end_upload	transfer_id=15610072-a71c-4827-b06f-9fc1226867fb	0.301	ok
1776705507824	ws	list_tree	root_id=workspace-b	7.048	ok
1776705507860	ws	list_tree	root_id=workspace-b	7.313	ok
1776705507867	ws	list_tree	root_id=workspace-b	7.161	ok
1776705507868	ws	begin_upload	root_id=workspace-b path=facturici/.git/objects/0f/63141cb559d07b12d8c63961986ee74c589ab4 size=23018	0.326	ok
1776705507872	ws	upload_chunk	transfer_id=af5d1ed8-23e3-4f50-8cf3-ab0ef91115d0	0.090	ok
1776705507872	ws	end_upload	transfer_id=af5d1ed8-23e3-4f50-8cf3-ab0ef91115d0	0.265	ok
1776705507888	ws	list_tree	root_id=workspace-b	7.618	ok
1776705507896	ws	list_tree	root_id=workspace-b	8.328	ok
1776705507904	ws	list_tree	root_id=workspace-b	7.099	ok
1776705507911	ws	list_tree	root_id=workspace-b	7.541	ok
1776705507919	ws	list_tree	root_id=workspace-b	7.468	ok
1776705507926	ws	list_tree	root_id=workspace-b	7.101	ok
1776705507933	ws	list_tree	root_id=workspace-b	7.190	ok
1776705507934	ws	begin_upload	root_id=workspace-b path=facturici/.git/objects/0f/d77f9349af951d15857854bf7f67087c9189f9 size=340	0.325	ok
1776705507942	ws	list_tree	root_id=workspace-b	7.584	ok
1776705507949	ws	list_tree	root_id=workspace-b	7.751	ok
1776705507957	ws	list_tree	root_id=workspace-b	7.018	ok
1776705507964	ws	list_tree	root_id=workspace-b	7.447	ok
1776705507972	ws	list_tree	root_id=workspace-b	8.153	ok
1776705507980	ws	list_tree	root_id=workspace-b	7.338	ok
1776705507987	ws	list_tree	root_id=workspace-b	6.994	ok
1776705507987	ws	upload_chunk	transfer_id=d67d1817-a026-402f-a2bd-c327ed22f877	0.065	ok
1776705507987	ws	end_upload	transfer_id=d67d1817-a026-402f-a2bd-c327ed22f877	0.263	ok
1776705507995	ws	list_tree	root_id=workspace-b	7.384	ok
1776705508005	ws	list_tree	root_id=workspace-b	7.821	ok
1776705508013	ws	list_tree	root_id=workspace-b	7.236	ok
1776705508013	ws	begin_upload	root_id=workspace-b path=facturici/.git/objects/0a/beed89b1e1f76a4046d150aac85076859ae1f4 size=216658	0.319	ok
1776705508017	ws	upload_chunk	transfer_id=8c1ee4b6-12fa-4e61-a64b-32b9a66ae0b8	0.096	ok
1776705508017	ws	end_upload	transfer_id=8c1ee4b6-12fa-4e61-a64b-32b9a66ae0b8	0.277	ok
1776705508033	ws	list_tree	root_id=workspace-b	7.876	ok
1776705508034	ws	begin_upload	root_id=workspace-b path=facturici/.git/objects/0a/1dc6f7346a01650e2cb478aa6ac035f626878b size=420518	0.287	ok
1776705508040	ws	upload_chunk	transfer_id=947b05dd-9a6a-408c-85d2-db676f275ae5	0.102	ok
1776705508040	ws	end_upload	transfer_id=947b05dd-9a6a-408c-85d2-db676f275ae5	0.271	ok
1776705508061	ws	list_tree	root_id=workspace-b	7.558	ok
1776705508069	ws	list_tree	root_id=workspace-b	7.028	ok
1776705508076	ws	list_tree	root_id=workspace-b	7.122	ok
1776705508083	ws	list_tree	root_id=workspace-b	7.428	ok
1776705508091	ws	list_tree	root_id=workspace-b	7.943	ok
1776705508099	ws	list_tree	root_id=workspace-b	7.233	ok
1776705508107	ws	list_tree	root_id=workspace-b	8.332	ok
1776705508108	ws	begin_upload	root_id=workspace-b path=facturici/.git/objects/d3/113600b7973b7ec223ec326f59c45d89e26a2c size=288	0.305	ok
1776705508115	ws	list_tree	root_id=workspace-b	7.557	ok
1776705508124	ws	list_tree	root_id=workspace-b	8.524	ok
1776705508131	ws	list_tree	root_id=workspace-b	7.193	ok
1776705508138	ws	list_tree	root_id=workspace-b	6.958	ok
1776705508146	ws	list_tree	root_id=workspace-b	7.623	ok
1776705508153	ws	list_tree	root_id=workspace-b	7.209	ok
1776705508161	ws	list_tree	root_id=workspace-b	7.040	ok
1776705508168	ws	list_tree	root_id=workspace-b	7.145	ok
1776705508175	ws	list_tree	root_id=workspace-b	7.580	ok
1776705508184	ws	list_tree	root_id=workspace-b	8.282	ok
1776705508191	ws	list_tree	root_id=workspace-b	6.964	ok
1776705508199	ws	list_tree	root_id=workspace-b	7.427	ok
1776705508206	ws	list_tree	root_id=workspace-b	7.432	ok
1776705508206	ws	upload_chunk	transfer_id=c5148b33-2d8d-4aca-b677-68b85b9dbf7d	0.071	ok
1776705508207	ws	end_upload	transfer_id=c5148b33-2d8d-4aca-b677-68b85b9dbf7d	0.357	ok
1776705508214	ws	list_tree	root_id=workspace-b	7.189	ok
1776705508221	ws	list_tree	root_id=workspace-b	7.193	ok
1776705508229	ws	list_tree	root_id=workspace-b	7.718	ok
1776705508230	ws	begin_upload	root_id=workspace-b path=facturici/.git/objects/d3/aa7c0c6f47ca302bc873a216483777aee4c941 size=430	0.310	ok
1776705508231	ws	upload_chunk	transfer_id=55211f8c-48ed-42c8-b269-bb25cdda0fd3	0.062	ok
1776705508231	ws	end_upload	transfer_id=55211f8c-48ed-42c8-b269-bb25cdda0fd3	0.301	ok
1776705508263	ws	list_tree	root_id=workspace-b	7.502	ok
1776705508271	ws	list_tree	root_id=workspace-b	7.100	ok
1776705508278	ws	list_tree	root_id=workspace-b	7.161	ok
1776705508286	ws	list_tree	root_id=workspace-b	7.592	ok
1776705508293	ws	list_tree	root_id=workspace-b	7.175	ok
1776705508300	ws	list_tree	root_id=workspace-b	7.152	ok
1776705508307	ws	list_tree	root_id=workspace-b	7.128	ok
1776705508308	ws	begin_upload	root_id=workspace-b path=facturici/.git/objects/d3/e191679c5adcc4fea597a88be6d6acc8db82ec size=260	0.283	ok
1776705508317	ws	list_tree	root_id=workspace-b	8.863	ok
1776705508324	ws	list_tree	root_id=workspace-b	7.622	ok
1776705508332	ws	list_tree	root_id=workspace-b	7.186	ok
1776705508339	ws	list_tree	root_id=workspace-b	7.044	ok
1776705508347	ws	list_tree	root_id=workspace-b	7.750	ok
1776705508354	ws	list_tree	root_id=workspace-b	7.269	ok
1776705508361	ws	list_tree	root_id=workspace-b	6.999	ok
1776705508362	ws	upload_chunk	transfer_id=125051e5-816c-46ea-b147-d12c517b4bdc	0.096	ok
1776705508362	ws	end_upload	transfer_id=125051e5-816c-46ea-b147-d12c517b4bdc	0.298	ok
1776705508369	ws	list_tree	root_id=workspace-b	7.202	ok
1776705508379	ws	list_tree	root_id=workspace-b	7.798	ok
1776705508388	ws	list_tree	root_id=workspace-b	8.425	ok
1776705508388	ws	begin_upload	root_id=workspace-b path=facturici/.git/objects/a0/8502633a4f3d19729e2c62c87c59d5b3c7239b size=651799	0.325	ok
1776705508396	ws	upload_chunk	transfer_id=3db2cc33-b2b9-47ae-8547-7f4a34f33119	0.095	ok
1776705508397	ws	end_upload	transfer_id=3db2cc33-b2b9-47ae-8547-7f4a34f33119	0.708	ok
1776705508410	ws	list_tree	root_id=workspace-b	7.860	ok
1776705508411	ws	begin_upload	root_id=workspace-b path=facturici/.git/objects/a7/02eb472323b7366aba1641320dba66970b06ea size=142123	0.596	ok
1776705508413	ws	upload_chunk	transfer_id=f309c58f-dfe4-44b4-b252-e3b998889c8d	0.066	ok
1776705508413	ws	end_upload	transfer_id=f309c58f-dfe4-44b4-b252-e3b998889c8d	0.218	ok
1776705508437	ws	list_tree	root_id=workspace-b	7.433	ok
1776705508445	ws	list_tree	root_id=workspace-b	7.288	ok
1776705508453	ws	list_tree	root_id=workspace-b	8.344	ok
1776705508461	ws	list_tree	root_id=workspace-b	7.275	ok
1776705508469	ws	list_tree	root_id=workspace-b	7.696	ok
1776705508476	ws	list_tree	root_id=workspace-b	7.083	ok
1776705508483	ws	list_tree	root_id=workspace-b	7.149	ok
1776705508491	ws	list_tree	root_id=workspace-b	7.541	ok
1776705508499	ws	list_tree	root_id=workspace-b	8.240	ok
1776705508507	ws	list_tree	root_id=workspace-b	7.541	ok
1776705508514	ws	list_tree	root_id=workspace-b	7.512	ok
1776705508524	ws	list_tree	root_id=workspace-b	9.238	ok
1776705508532	ws	list_tree	root_id=workspace-b	8.677	ok
1776705508533	ws	begin_upload	root_id=workspace-b path=facturici/.git/objects/b8/761c0e97768534eca1328ce48de6cf6fd707e7 size=235	0.359	ok
1776705508541	ws	list_tree	root_id=workspace-b	7.482	ok
1776705508548	ws	list_tree	root_id=workspace-b	7.381	ok
1776705508556	ws	list_tree	root_id=workspace-b	7.601	ok
1776705508563	ws	list_tree	root_id=workspace-b	7.464	ok
1776705508571	ws	list_tree	root_id=workspace-b	7.150	ok
1776705508578	ws	list_tree	root_id=workspace-b	7.519	ok
1776705508586	ws	list_tree	root_id=workspace-b	7.641	ok
1776705508586	ws	upload_chunk	transfer_id=23a0200f-4d3e-492c-85d7-c59c22322aed	0.066	ok
1776705508587	ws	end_upload	transfer_id=23a0200f-4d3e-492c-85d7-c59c22322aed	0.246	ok
1776705508595	ws	list_tree	root_id=workspace-b	8.656	ok
1776705508612	ws	list_tree	root_id=workspace-b	7.803	ok
1776705508620	ws	list_tree	root_id=workspace-b	7.140	ok
1776705508620	ws	begin_upload	root_id=workspace-b path=facturici/.git/objects/b1/60598d08f2971f43c68aa2aab186206b1e40c8 size=85	0.290	ok
1776705508621	ws	upload_chunk	transfer_id=9a07dafa-b93a-4159-8128-d0d5775371e5	0.057	ok
1776705508621	ws	end_upload	transfer_id=9a07dafa-b93a-4159-8128-d0d5775371e5	0.221	ok
1776705508640	ws	list_tree	root_id=workspace-b	7.599	ok
1776705508647	ws	list_tree	root_id=workspace-b	7.371	ok
1776705508655	ws	list_tree	root_id=workspace-b	7.279	ok
1776705508662	ws	list_tree	root_id=workspace-b	7.673	ok
1776705508671	ws	list_tree	root_id=workspace-b	8.818	ok
1776705508679	ws	list_tree	root_id=workspace-b	7.187	ok
1776705508686	ws	list_tree	root_id=workspace-b	7.147	ok
1776705508686	ws	begin_upload	root_id=workspace-b path=facturici/.git/objects/dd/1f4ade7c7e684e72627fee3cf56ca7403f7663 size=149266	0.315	ok
1776705508694	ws	list_tree	root_id=workspace-b	7.830	ok
1776705508696	ws	upload_chunk	transfer_id=38a7c1fa-64c2-465d-a7ee-d7e220590051	0.095	ok
1776705508696	ws	end_upload	transfer_id=38a7c1fa-64c2-465d-a7ee-d7e220590051	0.271	ok
1776705508704	ws	list_tree	root_id=workspace-b	7.725	ok
1776705508711	ws	list_tree	root_id=workspace-b	7.355	ok
1776705508719	ws	list_tree	root_id=workspace-b	7.270	ok
1776705508727	ws	list_tree	root_id=workspace-b	7.719	ok
1776705508735	ws	list_tree	root_id=workspace-b	8.363	ok
1776705508743	ws	list_tree	root_id=workspace-b	7.332	ok
1776705508743	ws	begin_upload	root_id=workspace-b path=facturici/.git/objects/dd/b378991378ef893a5e51ead260b4de64c995a7 size=311604	0.292	ok
1776705508747	ws	upload_chunk	transfer_id=26772e12-bdc4-45dd-a528-1694ffd66c69	0.079	ok
1776705508748	ws	end_upload	transfer_id=26772e12-bdc4-45dd-a528-1694ffd66c69	0.272	ok
1776705508760	ws	list_tree	root_id=workspace-b	7.758	ok
1776705508768	ws	list_tree	root_id=workspace-b	7.245	ok
1776705508775	ws	list_tree	root_id=workspace-b	6.939	ok
1776705508782	ws	list_tree	root_id=workspace-b	6.995	ok
1776705508789	ws	list_tree	root_id=workspace-b	6.789	ok
1776705508796	ws	list_tree	root_id=workspace-b	6.861	ok
1776705508803	ws	list_tree	root_id=workspace-b	6.865	ok
1776705508803	ws	begin_upload	root_id=workspace-b path=facturici/.git/objects/dd/bdd300c327bb3177535e47986639a31e7416f5 size=141089	0.398	ok
1776705508806	ws	upload_chunk	transfer_id=daa588e5-5d87-41a3-9827-5e5b723a174e	0.073	ok
1776705508806	ws	end_upload	transfer_id=daa588e5-5d87-41a3-9827-5e5b723a174e	0.216	ok
1776705508833	ws	list_tree	root_id=workspace-b	7.718	ok
1776705508834	ws	begin_upload	root_id=workspace-b path=facturici/.git/objects/b6/a4901a8a90abe5ee676d0dc36535b2dbc9b213 size=443	0.292	ok
1776705508835	ws	upload_chunk	transfer_id=d62b1a7c-3a8e-468a-b8aa-e7b5977e947b	0.051	ok
1776705508835	ws	end_upload	transfer_id=d62b1a7c-3a8e-468a-b8aa-e7b5977e947b	0.203	ok
1776705508884	ws	list_tree	root_id=workspace-b	7.600	ok
1776705508892	ws	list_tree	root_id=workspace-b	7.090	ok
1776705508899	ws	list_tree	root_id=workspace-b	7.163	ok
1776705508907	ws	list_tree	root_id=workspace-b	7.483	ok
1776705508914	ws	list_tree	root_id=workspace-b	7.699	ok
1776705508922	ws	list_tree	root_id=workspace-b	7.147	ok
1776705508931	ws	list_tree	root_id=workspace-b	8.987	ok
1776705508939	ws	list_tree	root_id=workspace-b	8.100	ok
1776705508948	ws	list_tree	root_id=workspace-b	9.139	ok
1776705508956	ws	list_tree	root_id=workspace-b	7.822	ok
1776705508964	ws	list_tree	root_id=workspace-b	7.430	ok
1776705508971	ws	list_tree	root_id=workspace-b	7.334	ok
1776705508979	ws	list_tree	root_id=workspace-b	7.727	ok
1776705508979	ws	begin_upload	root_id=workspace-b path=facturici/.git/objects/b6/c13eb1be2d5096dc821d27efad63ef55c14175 size=153	0.283	ok
1776705508987	ws	list_tree	root_id=workspace-b	7.326	ok
1776705508994	ws	list_tree	root_id=workspace-b	7.369	ok
1776705509002	ws	list_tree	root_id=workspace-b	7.438	ok
1776705509011	ws	list_tree	root_id=workspace-b	8.784	ok
1776705509018	ws	list_tree	root_id=workspace-b	7.347	ok
1776705509026	ws	list_tree	root_id=workspace-b	7.168	ok
1776705509033	ws	list_tree	root_id=workspace-b	7.668	ok
1776705509034	ws	upload_chunk	transfer_id=9e14bf40-1f29-4cf9-b91d-5974f66eef05	0.123	ok
1776705509034	ws	end_upload	transfer_id=9e14bf40-1f29-4cf9-b91d-5974f66eef05	0.323	ok
1776705509041	ws	list_tree	root_id=workspace-b	7.220	ok
1776705509049	ws	list_tree	root_id=workspace-b	7.756	ok
1776705509057	ws	list_tree	root_id=workspace-b	7.285	ok
1776705509058	ws	begin_upload	root_id=workspace-b path=facturici/.git/objects/a9/c584fab84d6d5c807bb73c7f2fc9498758fc69 size=141587	0.354	ok
1776705509060	ws	upload_chunk	transfer_id=ccd59a5e-44e8-4141-ba39-7bdf2e05693b	0.073	ok
1776705509061	ws	end_upload	transfer_id=ccd59a5e-44e8-4141-ba39-7bdf2e05693b	0.252	ok
1776705509094	ws	list_tree	root_id=workspace-b	7.506	ok
1776705509101	ws	list_tree	root_id=workspace-b	7.337	ok
1776705509108	ws	list_tree	root_id=workspace-b	7.158	ok
1776705509116	ws	list_tree	root_id=workspace-b	7.828	ok
1776705509124	ws	list_tree	root_id=workspace-b	7.233	ok
1776705509131	ws	list_tree	root_id=workspace-b	7.230	ok
1776705509139	ws	list_tree	root_id=workspace-b	8.330	ok
1776705509140	ws	begin_upload	root_id=workspace-b path=facturici/.git/objects/d5/bae352624d16a0275ac41ef6a26fbe9671d0a4 size=181	0.389	ok
1776705509148	ws	list_tree	root_id=workspace-b	7.846	ok
1776705509156	ws	list_tree	root_id=workspace-b	7.613	ok
1776705509163	ws	list_tree	root_id=workspace-b	7.220	ok
1776705509170	ws	list_tree	root_id=workspace-b	7.069	ok
1776705509178	ws	list_tree	root_id=workspace-b	7.805	ok
1776705509185	ws	list_tree	root_id=workspace-b	7.225	ok
1776705509193	ws	list_tree	root_id=workspace-b	7.117	ok
1776705509193	ws	upload_chunk	transfer_id=d8b4a31e-b125-4d6f-b33d-3fb9c7e641a8	0.079	ok
1776705509193	ws	end_upload	transfer_id=d8b4a31e-b125-4d6f-b33d-3fb9c7e641a8	0.269	ok
1776705509201	ws	list_tree	root_id=workspace-b	7.349	ok
1776705509209	ws	list_tree	root_id=workspace-b	7.628	ok
1776705509218	ws	list_tree	root_id=workspace-b	8.679	ok
1776705509218	ws	begin_upload	root_id=workspace-b path=facturici/.git/objects/d2/477be8d944c39c7bc91df319b13e15a1655096 size=386371	0.302	ok
1776705509223	ws	upload_chunk	transfer_id=230e2eb6-851a-47db-9901-3049e6b61fad	0.109	ok
1776705509224	ws	end_upload	transfer_id=230e2eb6-851a-47db-9901-3049e6b61fad	0.288	ok
1776705509239	ws	list_tree	root_id=workspace-b	7.555	ok
1776705509240	ws	begin_upload	root_id=workspace-b path=facturici/.git/objects/aa/1520386ea4e5d26dcbb3ee9ffaf537e49c551a size=459	0.303	ok
1776705509241	ws	upload_chunk	transfer_id=7480a2a5-898a-4619-b173-9a129cc297ca	0.063	ok
1776705509241	ws	end_upload	transfer_id=7480a2a5-898a-4619-b173-9a129cc297ca	0.214	ok
1776705509267	ws	list_tree	root_id=workspace-b	7.628	ok
1776705509274	ws	list_tree	root_id=workspace-b	7.163	ok
1776705509283	ws	list_tree	root_id=workspace-b	8.588	ok
1776705509290	ws	list_tree	root_id=workspace-b	7.517	ok
1776705509298	ws	list_tree	root_id=workspace-b	7.949	ok
1776705509306	ws	list_tree	root_id=workspace-b	7.107	ok
1776705509313	ws	list_tree	root_id=workspace-b	7.379	ok
1776705509320	ws	list_tree	root_id=workspace-b	7.259	ok
1776705509328	ws	list_tree	root_id=workspace-b	7.604	ok
1776705509336	ws	list_tree	root_id=workspace-b	7.223	ok
1776705509343	ws	list_tree	root_id=workspace-b	7.184	ok
1776705509350	ws	list_tree	root_id=workspace-b	7.524	ok
1776705509359	ws	list_tree	root_id=workspace-b	8.466	ok
1776705509359	ws	begin_upload	root_id=workspace-b path=facturici/.git/objects/b7/6d42338c3ff0d6051e6dec30a977fbfc2b6017 size=199	0.330	ok
1776705509367	ws	list_tree	root_id=workspace-b	7.612	ok
1776705509375	ws	list_tree	root_id=workspace-b	7.315	ok
1776705509382	ws	list_tree	root_id=workspace-b	7.680	ok
1776705509390	ws	list_tree	root_id=workspace-b	7.210	ok
1776705509397	ws	list_tree	root_id=workspace-b	7.054	ok
1776705509404	ws	list_tree	root_id=workspace-b	7.249	ok
1776705509412	ws	list_tree	root_id=workspace-b	8.115	ok
1776705509413	ws	upload_chunk	transfer_id=d2b4b448-0784-45e4-9aa1-8f07ee88e451	0.094	ok
1776705509413	ws	end_upload	transfer_id=d2b4b448-0784-45e4-9aa1-8f07ee88e451	0.247	ok
1776705509424	ws	list_tree	root_id=workspace-b	11.105	ok
1776705509434	ws	list_tree	root_id=workspace-b	9.364	ok
1776705509442	ws	list_tree	root_id=workspace-b	7.905	ok
1776705509442	ws	begin_upload	root_id=workspace-b path=facturici/.git/objects/db/e079487f2eccd2ea1253ef7004020b4c95ba24 size=263	0.345	ok
1776705509443	ws	upload_chunk	transfer_id=97e8e5d0-8891-4b9c-9585-79c9e2e7e539	0.077	ok
1776705509444	ws	end_upload	transfer_id=97e8e5d0-8891-4b9c-9585-79c9e2e7e539	0.245	ok
1776705509471	ws	list_tree	root_id=workspace-b	7.499	ok
1776705509479	ws	list_tree	root_id=workspace-b	7.228	ok
1776705509486	ws	list_tree	root_id=workspace-b	7.219	ok
1776705509496	ws	list_tree	root_id=workspace-b	9.467	ok
1776705509503	ws	list_tree	root_id=workspace-b	7.530	ok
1776705509511	ws	list_tree	root_id=workspace-b	7.259	ok
1776705509518	ws	list_tree	root_id=workspace-b	7.296	ok
1776705509519	ws	begin_upload	root_id=workspace-b path=facturici/.git/objects/db/2aabc1e425ba18a21b7a4475e6c2b78e48466e size=221224	0.334	ok
1776705509527	ws	list_tree	root_id=workspace-b	7.949	ok
1776705509535	ws	list_tree	root_id=workspace-b	7.648	ok
1776705509542	ws	list_tree	root_id=workspace-b	7.250	ok
1776705509550	ws	list_tree	root_id=workspace-b	7.378	ok
1776705509557	ws	list_tree	root_id=workspace-b	7.609	ok
1776705509566	ws	list_tree	root_id=workspace-b	8.518	ok
1776705509573	ws	list_tree	root_id=workspace-b	7.260	ok
1776705509575	ws	upload_chunk	transfer_id=ea62f271-2521-4b48-a91d-8dc26ebb78f8	0.073	ok
1776705509576	ws	end_upload	transfer_id=ea62f271-2521-4b48-a91d-8dc26ebb78f8	0.339	ok
1776705509583	ws	list_tree	root_id=workspace-b	7.875	ok
1776705509591	ws	list_tree	root_id=workspace-b	7.417	ok
1776705509599	ws	list_tree	root_id=workspace-b	7.298	ok
1776705509599	ws	begin_upload	root_id=workspace-b path=facturici/.git/objects/db/e4ee3eed50550e6e19f0ca6259e9787e8b76fa size=288	0.316	ok
1776705509600	ws	upload_chunk	transfer_id=34c71097-e425-4a07-8ca3-b0131b1f7680	0.055	ok
1776705509600	ws	end_upload	transfer_id=34c71097-e425-4a07-8ca3-b0131b1f7680	0.222	ok
1776705509616	ws	list_tree	root_id=workspace-b	7.680	ok
1776705509617	ws	begin_upload	root_id=workspace-b path=facturici/.git/objects/db/65f3e51f25cbb693edafe5c05a2461a1a3b371 size=142672	0.372	ok
1776705509619	ws	upload_chunk	transfer_id=c4b179fc-f02a-44d2-a0e0-46797c2789b0	0.062	ok
1776705509620	ws	end_upload	transfer_id=c4b179fc-f02a-44d2-a0e0-46797c2789b0	0.231	ok
1776705509645	ws	list_tree	root_id=workspace-b	7.816	ok
1776705509653	ws	list_tree	root_id=workspace-b	7.238	ok
1776705509660	ws	list_tree	root_id=workspace-b	7.245	ok
1776705509668	ws	list_tree	root_id=workspace-b	7.668	ok
1776705509676	ws	list_tree	root_id=workspace-b	7.878	ok
1776705509683	ws	list_tree	root_id=workspace-b	7.344	ok
1776705509691	ws	list_tree	root_id=workspace-b	7.228	ok
1776705509691	ws	begin_upload	root_id=workspace-b path=facturici/.git/objects/a8/45ae0a745b8e728036de520a1c9a11fea47772 size=260	0.327	ok
1776705509699	ws	list_tree	root_id=workspace-b	7.962	ok
1776705509707	ws	list_tree	root_id=workspace-b	7.828	ok
1776705509716	ws	list_tree	root_id=workspace-b	8.557	ok
1776705509723	ws	list_tree	root_id=workspace-b	7.310	ok
1776705509731	ws	list_tree	root_id=workspace-b	7.656	ok
1776705509740	ws	list_tree	root_id=workspace-b	8.612	ok
1776705509748	ws	list_tree	root_id=workspace-b	7.867	ok
1776705509756	ws	list_tree	root_id=workspace-b	7.578	ok
1776705509764	ws	list_tree	root_id=workspace-b	7.977	ok
1776705509771	ws	list_tree	root_id=workspace-b	7.389	ok
1776705509779	ws	list_tree	root_id=workspace-b	7.335	ok
1776705509786	ws	list_tree	root_id=workspace-b	7.269	ok
1776705509793	ws	list_tree	root_id=workspace-b	7.036	ok
1776705509793	ws	upload_chunk	transfer_id=101017d9-3d1a-4a2a-a471-420164a88329	0.058	ok
1776705509794	ws	end_upload	transfer_id=101017d9-3d1a-4a2a-a471-420164a88329	0.396	ok
1776705509802	ws	list_tree	root_id=workspace-b	8.248	ok
1776705509810	ws	list_tree	root_id=workspace-b	7.325	ok
1776705509817	ws	list_tree	root_id=workspace-b	7.194	ok
1776705509836	ws	begin_upload	root_id=workspace-b path=facturici/.git/objects/b0/3966670a332c466f411d429130b25f6ec7e8c3 size=226	0.365	ok
1776705509837	ws	upload_chunk	transfer_id=d65140b3-dd10-4021-9597-dcd4b7b8a0a6	0.054	ok
1776705509837	ws	end_upload	transfer_id=d65140b3-dd10-4021-9597-dcd4b7b8a0a6	0.208	ok
1776705509888	ws	list_tree	root_id=workspace-b	7.492	ok
1776705509896	ws	list_tree	root_id=workspace-b	8.392	ok
1776705509904	ws	list_tree	root_id=workspace-b	7.409	ok
1776705509912	ws	list_tree	root_id=workspace-b	7.966	ok
1776705509920	ws	list_tree	root_id=workspace-b	7.386	ok
1776705509927	ws	list_tree	root_id=workspace-b	7.167	ok
1776705509934	ws	list_tree	root_id=workspace-b	7.376	ok
1776705509935	ws	begin_upload	root_id=workspace-b path=facturici/.git/objects/b9/a043620525b7c20fef43a0a2a5638d7abdf895 size=231	0.338	ok
1776705509943	ws	list_tree	root_id=workspace-b	7.752	ok
1776705509950	ws	list_tree	root_id=workspace-b	7.575	ok
1776705509958	ws	list_tree	root_id=workspace-b	7.234	ok
1776705509965	ws	list_tree	root_id=workspace-b	7.368	ok
1776705509974	ws	list_tree	root_id=workspace-b	9.135	ok
1776705509982	ws	list_tree	root_id=workspace-b	7.332	ok
1776705509989	ws	list_tree	root_id=workspace-b	7.320	ok
1776705509990	ws	upload_chunk	transfer_id=0dbbdfec-4547-4353-9b26-072692c6080b	0.061	ok
1776705509990	ws	end_upload	transfer_id=0dbbdfec-4547-4353-9b26-072692c6080b	0.271	ok
1776705509999	ws	list_tree	root_id=workspace-b	8.738	ok
1776705510007	ws	list_tree	root_id=workspace-b	8.509	ok
1776705510016	ws	list_tree	root_id=workspace-b	7.882	ok
1776705510016	ws	begin_upload	root_id=workspace-b path=facturici/.git/objects/b9/9e8168c9f7b6612db794c52b63ef61f7b27968 size=206	0.358	ok
1776705510017	ws	upload_chunk	transfer_id=0a7608d0-9741-4b49-82c4-33ff543bf8d7	0.060	ok
1776705510017	ws	end_upload	transfer_id=0a7608d0-9741-4b49-82c4-33ff543bf8d7	0.230	ok
1776705510036	ws	list_tree	root_id=workspace-b	7.727	ok
1776705510036	ws	begin_upload	root_id=workspace-b path=facturici/.git/objects/a1/a13d20a2efa554c7929e103a00016207f0bc79 size=152	0.288	ok
1776705510037	ws	upload_chunk	transfer_id=cd9431d4-618f-4770-b940-6f0ecbfa4f1f	0.078	ok
1776705510038	ws	end_upload	transfer_id=cd9431d4-618f-4770-b940-6f0ecbfa4f1f	1.257	ok
1776705510063	ws	list_tree	root_id=workspace-b	8.056	ok
1776705510071	ws	list_tree	root_id=workspace-b	7.277	ok
1776705510078	ws	list_tree	root_id=workspace-b	7.245	ok
1776705510086	ws	list_tree	root_id=workspace-b	7.676	ok
1776705510094	ws	list_tree	root_id=workspace-b	7.730	ok
1776705510101	ws	list_tree	root_id=workspace-b	7.315	ok
1776705510110	ws	list_tree	root_id=workspace-b	8.211	ok
1776705510110	ws	begin_upload	root_id=workspace-b path=facturici/.git/objects/c3/ae6879998cd58145b802c308f499960b75105c size=198606	0.578	ok
1776705510118	ws	list_tree	root_id=workspace-b	7.680	ok
1776705510126	ws	list_tree	root_id=workspace-b	7.835	ok
1776705510134	ws	list_tree	root_id=workspace-b	7.616	ok
1776705510141	ws	list_tree	root_id=workspace-b	7.541	ok
1776705510149	ws	list_tree	root_id=workspace-b	7.945	ok
1776705510157	ws	list_tree	root_id=workspace-b	7.467	ok
1776705510164	ws	list_tree	root_id=workspace-b	7.198	ok
1776705510172	ws	list_tree	root_id=workspace-b	7.275	ok
1776705510180	ws	list_tree	root_id=workspace-b	7.914	ok
1776705510188	ws	list_tree	root_id=workspace-b	8.481	ok
1776705510196	ws	list_tree	root_id=workspace-b	7.412	ok
1776705510203	ws	list_tree	root_id=workspace-b	7.429	ok
1776705510211	ws	list_tree	root_id=workspace-b	7.706	ok
1776705510213	ws	upload_chunk	transfer_id=14bca611-26bf-47b4-a862-c0bead7bdb2f	0.073	ok
1776705510213	ws	end_upload	transfer_id=14bca611-26bf-47b4-a862-c0bead7bdb2f	0.270	ok
1776705510220	ws	list_tree	root_id=workspace-b	7.384	ok
1776705510228	ws	list_tree	root_id=workspace-b	7.530	ok
1776705510236	ws	list_tree	root_id=workspace-b	7.712	ok
1776705510237	ws	begin_upload	root_id=workspace-b path=facturici/.git/objects/ea/ace7096610c2cb84b65d282cce8184fa22bff0 size=755	0.306	ok
1776705510238	ws	upload_chunk	transfer_id=d81c871f-0e3e-48fa-9c62-ffd7dc250162	0.053	ok
1776705510238	ws	end_upload	transfer_id=d81c871f-0e3e-48fa-9c62-ffd7dc250162	0.204	ok
1776705510268	ws	list_tree	root_id=workspace-b	7.849	ok
1776705510275	ws	list_tree	root_id=workspace-b	7.353	ok
1776705510283	ws	list_tree	root_id=workspace-b	7.524	ok
1776705510291	ws	list_tree	root_id=workspace-b	7.955	ok
1776705510299	ws	list_tree	root_id=workspace-b	7.422	ok
1776705510306	ws	list_tree	root_id=workspace-b	7.192	ok
1776705510314	ws	list_tree	root_id=workspace-b	7.663	ok
1776705510314	ws	begin_upload	root_id=workspace-b path=facturici/.git/objects/e1/475577745cafe721aeaed83f6b25291d6df421 size=150894	0.372	ok
1776705510323	ws	list_tree	root_id=workspace-b	8.973	ok
1776705510331	ws	list_tree	root_id=workspace-b	7.779	ok
1776705510339	ws	list_tree	root_id=workspace-b	7.325	ok
1776705510347	ws	list_tree	root_id=workspace-b	7.778	ok
1776705510355	ws	list_tree	root_id=workspace-b	8.049	ok
1776705510362	ws	list_tree	root_id=workspace-b	7.499	ok
1776705510370	ws	list_tree	root_id=workspace-b	7.684	ok
1776705510372	ws	upload_chunk	transfer_id=86e16f8c-acb1-4528-b69a-3cfeb36086a8	0.102	ok
1776705510373	ws	end_upload	transfer_id=86e16f8c-acb1-4528-b69a-3cfeb36086a8	1.188	ok
1776705510381	ws	list_tree	root_id=workspace-b	8.141	ok
1776705510390	ws	list_tree	root_id=workspace-b	8.576	ok
1776705510398	ws	list_tree	root_id=workspace-b	7.523	ok
1776705510400	ws	begin_upload	root_id=workspace-b path=facturici/.git/objects/cd/244a121cb0c132527743082326dbb490301988 size=293978	0.336	ok
1776705510405	ws	upload_chunk	transfer_id=34310de2-02bf-4e8f-bee6-49e316854ab6	0.110	ok
1776705510405	ws	end_upload	transfer_id=34310de2-02bf-4e8f-bee6-49e316854ab6	0.283	ok
1776705510413	ws	list_tree	root_id=workspace-b	7.701	ok
1776705510438	ws	list_tree	root_id=workspace-b	7.641	ok
1776705510445	ws	list_tree	root_id=workspace-b	7.407	ok
1776705510453	ws	list_tree	root_id=workspace-b	7.309	ok
1776705510462	ws	list_tree	root_id=workspace-b	8.873	ok
1776705510469	ws	list_tree	root_id=workspace-b	7.430	ok
1776705510477	ws	list_tree	root_id=workspace-b	7.271	ok
1776705510477	ws	begin_upload	root_id=workspace-b path=facturici/.git/objects/e6/62636b2edfc8558989577d19dedde09ce26cf8 size=160	0.289	ok
1776705510485	ws	list_tree	root_id=workspace-b	7.634	ok
1776705510493	ws	list_tree	root_id=workspace-b	7.812	ok
1776705510501	ws	list_tree	root_id=workspace-b	7.646	ok
1776705510508	ws	list_tree	root_id=workspace-b	7.139	ok
1776705510515	ws	list_tree	root_id=workspace-b	7.491	ok
1776705510523	ws	list_tree	root_id=workspace-b	7.923	ok
1776705510532	ws	list_tree	root_id=workspace-b	8.509	ok
1776705510532	ws	upload_chunk	transfer_id=8a4436e5-5600-4346-bf3a-e68b5f7a0e48	0.067	ok
1776705510533	ws	end_upload	transfer_id=8a4436e5-5600-4346-bf3a-e68b5f7a0e48	0.298	ok
1776705510540	ws	list_tree	root_id=workspace-b	7.459	ok
1776705510555	ws	list_tree	root_id=workspace-b	8.248	ok
1776705510562	ws	list_tree	root_id=workspace-b	7.618	ok
1776705510563	ws	begin_upload	root_id=workspace-b path=facturici/.git/objects/e6/184498a8875ea46f6d9fc356393d4bc02a9301 size=306	0.309	ok
1776705510564	ws	upload_chunk	transfer_id=33c35859-b698-42d8-91ac-0a8f9c9129c5	0.054	ok
1776705510564	ws	end_upload	transfer_id=33c35859-b698-42d8-91ac-0a8f9c9129c5	0.220	ok
1776705510582	ws	list_tree	root_id=workspace-b	7.633	ok
1776705510589	ws	list_tree	root_id=workspace-b	7.340	ok
1776705510598	ws	list_tree	root_id=workspace-b	8.727	ok
1776705510606	ws	list_tree	root_id=workspace-b	7.767	ok
1776705510613	ws	list_tree	root_id=workspace-b	7.559	ok
1776705510621	ws	list_tree	root_id=workspace-b	7.177	ok
1776705510628	ws	list_tree	root_id=workspace-b	7.518	ok
1776705510629	ws	begin_upload	root_id=workspace-b path=facturici/.git/objects/e6/9de29bb2d1d6434b8b29ae775ad8c2e48c5391 size=15	0.343	ok
1776705510637	ws	list_tree	root_id=workspace-b	8.038	ok
1776705510637	ws	upload_chunk	transfer_id=c3929f77-7120-45ca-b31c-6dce3b15bc2e	0.075	ok
1776705510638	ws	end_upload	transfer_id=c3929f77-7120-45ca-b31c-6dce3b15bc2e	0.409	ok
1776705510645	ws	list_tree	root_id=workspace-b	7.660	ok
1776705510653	ws	list_tree	root_id=workspace-b	7.336	ok
1776705510661	ws	list_tree	root_id=workspace-b	7.726	ok
1776705510670	ws	list_tree	root_id=workspace-b	8.681	ok
1776705510677	ws	list_tree	root_id=workspace-b	7.579	ok
1776705510685	ws	list_tree	root_id=workspace-b	7.370	ok
1776705510685	ws	begin_upload	root_id=workspace-b path=facturici/.git/objects/f9/0d541dfc2d2adbffd0fc7c82ae92cfb824906b size=315052	0.339	ok
1776705510690	ws	upload_chunk	transfer_id=91a41de5-d01a-4fad-9adb-059919bf8b68	0.115	ok
1776705510690	ws	end_upload	transfer_id=91a41de5-d01a-4fad-9adb-059919bf8b68	0.434	ok
1776705510699	ws	list_tree	root_id=workspace-b	7.809	ok
1776705510707	ws	list_tree	root_id=workspace-b	7.437	ok
1776705510715	ws	list_tree	root_id=workspace-b	7.571	ok
1776705510722	ws	list_tree	root_id=workspace-b	7.763	ok
1776705510730	ws	list_tree	root_id=workspace-b	7.654	ok
1776705510739	ws	list_tree	root_id=workspace-b	8.601	ok
1776705510747	ws	list_tree	root_id=workspace-b	7.480	ok
1776705510747	ws	begin_upload	root_id=workspace-b path=facturici/.git/objects/f9/66d47c410d8f5e5a1bf6b488b3c7a0aeac595d size=23015	0.369	ok
1776705510755	ws	list_tree	root_id=workspace-b	8.072	ok
1776705510755	ws	upload_chunk	transfer_id=39a168c1-d082-4df5-88bb-e6353b7e0d39	0.094	ok
1776705510756	ws	end_upload	transfer_id=39a168c1-d082-4df5-88bb-e6353b7e0d39	0.280	ok
1776705510763	ws	list_tree	root_id=workspace-b	7.589	ok
1776705510771	ws	list_tree	root_id=workspace-b	7.358	ok
1776705510779	ws	list_tree	root_id=workspace-b	7.892	ok
1776705510786	ws	list_tree	root_id=workspace-b	7.419	ok
1776705510794	ws	list_tree	root_id=workspace-b	7.349	ok
1776705510801	ws	list_tree	root_id=workspace-b	7.110	ok
1776705510802	ws	begin_upload	root_id=workspace-b path=facturici/.git/objects/f7/8091cd985c5f722a1c2720615f426ffca5c9a6 size=250	0.333	ok
1776705510803	ws	upload_chunk	transfer_id=f126fca7-7f15-4ba5-84b2-3275ebddd345	0.053	ok
1776705510803	ws	end_upload	transfer_id=f126fca7-7f15-4ba5-84b2-3275ebddd345	0.207	ok
1776705510859	ws	list_tree	root_id=workspace-b	7.747	ok
1776705510867	ws	list_tree	root_id=workspace-b	7.313	ok
1776705510874	ws	list_tree	root_id=workspace-b	7.105	ok
1776705510881	ws	list_tree	root_id=workspace-b	7.155	ok
1776705510888	ws	list_tree	root_id=workspace-b	7.229	ok
1776705510896	ws	list_tree	root_id=workspace-b	7.456	ok
1776705510904	ws	list_tree	root_id=workspace-b	8.040	ok
1776705510905	ws	begin_upload	root_id=workspace-b path=facturici/.git/objects/e8/2ea4e5bc982d0e8f99402d6e44809b862da98e size=153	0.360	ok
1776705510912	ws	list_tree	root_id=workspace-b	7.649	ok
1776705510920	ws	list_tree	root_id=workspace-b	7.371	ok
1776705510928	ws	list_tree	root_id=workspace-b	7.739	ok
1776705510937	ws	list_tree	root_id=workspace-b	9.191	ok
1776705510945	ws	list_tree	root_id=workspace-b	7.565	ok
1776705510952	ws	list_tree	root_id=workspace-b	7.389	ok
1776705510960	ws	list_tree	root_id=workspace-b	7.683	ok
1776705510960	ws	upload_chunk	transfer_id=db493d5e-bace-4a15-8a3e-c9f2bbb142f2	0.092	ok
1776705510961	ws	end_upload	transfer_id=db493d5e-bace-4a15-8a3e-c9f2bbb142f2	0.387	ok
1776705510969	ws	list_tree	root_id=workspace-b	7.644	ok
1776705510976	ws	list_tree	root_id=workspace-b	7.560	ok
1776705510984	ws	list_tree	root_id=workspace-b	7.655	ok
1776705510987	ws	begin_upload	root_id=workspace-b path=facturici/.git/objects/fa/2476e88b86cebeee7792892e1143d1e5147dbd size=21626	0.356	ok
1776705510989	ws	upload_chunk	transfer_id=8836701f-d3c5-4865-9bad-c36ec0c70ad8	0.063	ok
1776705510989	ws	end_upload	transfer_id=8836701f-d3c5-4865-9bad-c36ec0c70ad8	0.256	ok
1776705511023	ws	list_tree	root_id=workspace-b	7.730	ok
1776705511031	ws	list_tree	root_id=workspace-b	7.449	ok
1776705511038	ws	list_tree	root_id=workspace-b	7.367	ok
1776705511047	ws	list_tree	root_id=workspace-b	8.445	ok
1776705511055	ws	list_tree	root_id=workspace-b	7.621	ok
1776705511062	ws	list_tree	root_id=workspace-b	7.379	ok
1776705511071	ws	list_tree	root_id=workspace-b	8.604	ok
1776705511071	ws	begin_upload	root_id=workspace-b path=facturici/.git/objects/fa/4209b4808a8827ec3575473f28b6ee8b31eee5 size=157	0.347	ok
1776705511080	ws	list_tree	root_id=workspace-b	8.145	ok
1776705511087	ws	list_tree	root_id=workspace-b	7.575	ok
1776705511095	ws	list_tree	root_id=workspace-b	7.500	ok
1776705511103	ws	list_tree	root_id=workspace-b	7.505	ok
1776705511111	ws	list_tree	root_id=workspace-b	8.067	ok
1776705511118	ws	list_tree	root_id=workspace-b	7.404	ok
1776705511126	ws	list_tree	root_id=workspace-b	7.429	ok
1776705511126	ws	upload_chunk	transfer_id=cd7d02da-5209-4840-9820-688455bd7cf3	0.070	ok
1776705511126	ws	end_upload	transfer_id=cd7d02da-5209-4840-9820-688455bd7cf3	0.300	ok
1776705511135	ws	list_tree	root_id=workspace-b	8.490	ok
1776705511144	ws	list_tree	root_id=workspace-b	8.934	ok
1776705511152	ws	list_tree	root_id=workspace-b	7.587	ok
1776705511153	ws	begin_upload	root_id=workspace-b path=facturici/.git/objects/fa/2e5f4eb405ece9692543d5c0d0b5467aa37766 size=145287	0.318	ok
1776705511155	ws	upload_chunk	transfer_id=6f91f690-1208-4a95-8098-0caf1b88cb44	0.080	ok
1776705511155	ws	end_upload	transfer_id=6f91f690-1208-4a95-8098-0caf1b88cb44	0.251	ok
1776705511169	ws	list_tree	root_id=workspace-b	7.962	ok
1776705511170	ws	begin_upload	root_id=workspace-b path=facturici/.git/objects/ff/90ae4f089dd473eb4c96841799987d707045ca size=154	0.343	ok
1776705511171	ws	upload_chunk	transfer_id=cdaf5779-c3a6-4414-814a-34229f67e6fe	0.049	ok
1776705511171	ws	end_upload	transfer_id=cdaf5779-c3a6-4414-814a-34229f67e6fe	0.224	ok
1776705511197	ws	list_tree	root_id=workspace-b	7.838	ok
1776705511205	ws	list_tree	root_id=workspace-b	8.186	ok
1776705511213	ws	list_tree	root_id=workspace-b	7.785	ok
1776705511221	ws	list_tree	root_id=workspace-b	7.516	ok
1776705511230	ws	list_tree	root_id=workspace-b	8.490	ok
1776705511237	ws	list_tree	root_id=workspace-b	7.443	ok
1776705511245	ws	list_tree	root_id=workspace-b	7.553	ok
1776705511245	ws	begin_upload	root_id=workspace-b path=facturici/.git/objects/c5/060a8bdec05a5faa342537a5b2132792ef4ca5 size=36601	0.401	ok
1776705511253	ws	list_tree	root_id=workspace-b	7.732	ok
1776705511261	ws	list_tree	root_id=workspace-b	8.016	ok
1776705511269	ws	list_tree	root_id=workspace-b	7.586	ok
1776705511277	ws	list_tree	root_id=workspace-b	7.435	ok
1776705511286	ws	list_tree	root_id=workspace-b	9.142	ok
1776705511296	ws	list_tree	root_id=workspace-b	9.380	ok
1776705511303	ws	list_tree	root_id=workspace-b	7.458	ok
1776705511311	ws	list_tree	root_id=workspace-b	7.384	ok
1776705511319	ws	list_tree	root_id=workspace-b	7.748	ok
1776705511326	ws	list_tree	root_id=workspace-b	7.661	ok
1776705511334	ws	list_tree	root_id=workspace-b	7.396	ok
1776705511341	ws	list_tree	root_id=workspace-b	7.377	ok
1776705511349	ws	list_tree	root_id=workspace-b	8.018	ok
1776705511350	ws	upload_chunk	transfer_id=42f4d75f-e3ad-4773-8ab3-57ddf78449c1	0.108	ok
1776705511350	ws	end_upload	transfer_id=42f4d75f-e3ad-4773-8ab3-57ddf78449c1	0.300	ok
1776705511359	ws	list_tree	root_id=workspace-b	8.723	ok
1776705511367	ws	list_tree	root_id=workspace-b	8.070	ok
1776705511375	ws	list_tree	root_id=workspace-b	7.984	ok
1776705511376	ws	begin_upload	root_id=workspace-b path=facturici/.git/objects/f1/2855d9c6b830f81b92abeb92484237bf51f5cb size=156	0.356	ok
1776705511377	ws	upload_chunk	transfer_id=98f79cdd-36ee-43a0-a673-768fb4874370	0.062	ok
1776705511378	ws	end_upload	transfer_id=98f79cdd-36ee-43a0-a673-768fb4874370	0.264	ok
1776705511409	ws	list_tree	root_id=workspace-b	7.712	ok
1776705511417	ws	list_tree	root_id=workspace-b	7.658	ok
1776705511425	ws	list_tree	root_id=workspace-b	8.430	ok
1776705511434	ws	list_tree	root_id=workspace-b	8.312	ok
1776705511442	ws	list_tree	root_id=workspace-b	7.588	ok
1776705511453	ws	list_tree	root_id=workspace-b	10.825	ok
1776705511460	ws	list_tree	root_id=workspace-b	7.659	ok
1776705511461	ws	begin_upload	root_id=workspace-b path=facturici/.git/objects/cb/5205e31790329b22ca3bd195b16612f0d4bc18 size=36597	0.516	ok
1776705511469	ws	list_tree	root_id=workspace-b	8.161	ok
1776705511477	ws	list_tree	root_id=workspace-b	7.554	ok
1776705511485	ws	list_tree	root_id=workspace-b	7.767	ok
1776705511493	ws	list_tree	root_id=workspace-b	7.947	ok
1776705511502	ws	list_tree	root_id=workspace-b	8.848	ok
1776705511510	ws	list_tree	root_id=workspace-b	7.518	ok
1776705511517	ws	list_tree	root_id=workspace-b	7.798	ok
1776705511518	ws	upload_chunk	transfer_id=d1a20baa-00d3-4ada-b3ff-5f793b441bae	0.126	ok
1776705511519	ws	end_upload	transfer_id=d1a20baa-00d3-4ada-b3ff-5f793b441bae	0.444	ok
1776705511526	ws	list_tree	root_id=workspace-b	7.717	ok
1776705511534	ws	list_tree	root_id=workspace-b	7.722	ok
1776705511542	ws	list_tree	root_id=workspace-b	7.561	ok
1776705511545	ws	begin_upload	root_id=workspace-b path=facturici/.git/objects/ce/b95b249f686fe8ff09d17e4bcfca799f493a46 size=245	0.362	ok
1776705511546	ws	upload_chunk	transfer_id=54d78eff-345c-4426-8562-72739a936b84	0.056	ok
1776705511547	ws	end_upload	transfer_id=54d78eff-345c-4426-8562-72739a936b84	0.273	ok
1776705511582	ws	list_tree	root_id=workspace-b	8.026	ok
1776705511589	ws	list_tree	root_id=workspace-b	7.410	ok
1776705511597	ws	list_tree	root_id=workspace-b	7.556	ok
1776705511605	ws	list_tree	root_id=workspace-b	8.203	ok
1776705511613	ws	list_tree	root_id=workspace-b	7.652	ok
1776705511620	ws	list_tree	root_id=workspace-b	7.309	ok
1776705511628	ws	list_tree	root_id=workspace-b	7.732	ok
1776705511629	ws	begin_upload	root_id=workspace-b path=facturici/.git/objects/ce/bd30d1bc96d9dbe4c0818b0a8d10a95b81f7c5 size=21629	0.378	ok
1776705511637	ws	list_tree	root_id=workspace-b	8.154	ok
1776705511646	ws	list_tree	root_id=workspace-b	8.857	ok
1776705511654	ws	list_tree	root_id=workspace-b	7.494	ok
1776705511662	ws	list_tree	root_id=workspace-b	7.723	ok
1776705511669	ws	list_tree	root_id=workspace-b	7.771	ok
1776705511677	ws	list_tree	root_id=workspace-b	7.415	ok
1776705511685	ws	list_tree	root_id=workspace-b	7.628	ok
1776705511685	ws	upload_chunk	transfer_id=253edd88-fcbe-470e-a6dc-5b600703dd3a	0.079	ok
1776705511686	ws	end_upload	transfer_id=253edd88-fcbe-470e-a6dc-5b600703dd3a	0.299	ok
1776705511694	ws	list_tree	root_id=workspace-b	7.920	ok
1776705511703	ws	list_tree	root_id=workspace-b	9.057	ok
1776705511711	ws	list_tree	root_id=workspace-b	7.838	ok
1776705511714	ws	begin_upload	root_id=workspace-b path=facturici/.git/objects/e0/74979f9c0ccd8c6192b1ea674c2cd8151bace8 size=142174	0.365	ok
1776705511717	ws	upload_chunk	transfer_id=4a07da4d-383f-46e8-9131-d3ccf54ab3ac	0.107	ok
1776705511717	ws	end_upload	transfer_id=4a07da4d-383f-46e8-9131-d3ccf54ab3ac	0.364	ok
1776705511725	ws	list_tree	root_id=workspace-b	7.613	ok
1776705511752	ws	list_tree	root_id=workspace-b	8.083	ok
1776705511759	ws	list_tree	root_id=workspace-b	7.415	ok
1776705511767	ws	list_tree	root_id=workspace-b	7.573	ok
1776705511776	ws	list_tree	root_id=workspace-b	9.121	ok
1776705511784	ws	list_tree	root_id=workspace-b	7.669	ok
1776705511791	ws	list_tree	root_id=workspace-b	7.473	ok
1776705511792	ws	begin_upload	root_id=workspace-b path=facturici/.git/objects/2c/f0673f82bd915ef31b30eeaf63027468e93347 size=209518	0.329	ok
1776705511800	ws	list_tree	root_id=workspace-b	7.981	ok
1776705511808	ws	list_tree	root_id=workspace-b	7.972	ok
1776705511816	ws	list_tree	root_id=workspace-b	7.631	ok
1776705511823	ws	list_tree	root_id=workspace-b	7.234	ok
1776705511830	ws	list_tree	root_id=workspace-b	7.296	ok
1776705511838	ws	list_tree	root_id=workspace-b	7.248	ok
1776705511845	ws	list_tree	root_id=workspace-b	7.083	ok
1776705511846	ws	upload_chunk	transfer_id=1f5d6ce7-76a7-4896-af50-ea8329cbcdc9	0.066	ok
1776705511847	ws	end_upload	transfer_id=1f5d6ce7-76a7-4896-af50-ea8329cbcdc9	0.287	ok
1776705511884	ws	list_tree	root_id=workspace-b	7.878	ok
1776705511885	ws	begin_upload	root_id=workspace-b path=facturici/.git/objects/2c/7e36fe08c633f7aaff5b66ebacca4039db2014 size=35171	0.339	ok
1776705511886	ws	upload_chunk	transfer_id=c1f7a778-facd-4930-9945-196abdc4b98e	0.054	ok
1776705511886	ws	end_upload	transfer_id=c1f7a778-facd-4930-9945-196abdc4b98e	0.217	ok
1776705511933	ws	list_tree	root_id=workspace-b	7.959	ok
1776705511940	ws	list_tree	root_id=workspace-b	7.395	ok
1776705511948	ws	list_tree	root_id=workspace-b	7.625	ok
1776705511956	ws	list_tree	root_id=workspace-b	8.099	ok
1776705511965	ws	list_tree	root_id=workspace-b	8.691	ok
1776705511973	ws	list_tree	root_id=workspace-b	7.630	ok
1776705511980	ws	list_tree	root_id=workspace-b	7.641	ok
1776705511988	ws	list_tree	root_id=workspace-b	7.865	ok
1776705511996	ws	list_tree	root_id=workspace-b	7.729	ok
1776705511997	ws	begin_upload	root_id=workspace-b path=facturici/.git/objects/2d/6e488fc5d05314b4ca440c9ea62aaa1b178c7f size=23012	0.312	ok
1776705512004	ws	list_tree	root_id=workspace-b	7.699	ok
1776705512012	ws	list_tree	root_id=workspace-b	7.764	ok
1776705512020	ws	list_tree	root_id=workspace-b	8.026	ok
1776705512028	ws	list_tree	root_id=workspace-b	7.481	ok
1776705512037	ws	list_tree	root_id=workspace-b	8.714	ok
1776705512045	ws	list_tree	root_id=workspace-b	8.125	ok
1776705512054	ws	list_tree	root_id=workspace-b	8.209	ok
1776705512054	ws	upload_chunk	transfer_id=133f41d0-343e-4f33-99b2-0a0ad36ba61d	0.107	ok
1776705512054	ws	end_upload	transfer_id=133f41d0-343e-4f33-99b2-0a0ad36ba61d	0.329	ok
1776705512062	ws	list_tree	root_id=workspace-b	7.779	ok
1776705512075	ws	list_tree	root_id=workspace-b	7.999	ok
1776705512083	ws	list_tree	root_id=workspace-b	7.589	ok
1776705512083	ws	begin_upload	root_id=workspace-b path=facturici/.git/objects/41/7c578dbdc7d5ab5478567b0513dd13bdb25e42 size=202	0.388	ok
1776705512084	ws	upload_chunk	transfer_id=8b209186-3dc4-4ec7-bc48-2e200f10acf6	0.058	ok
1776705512085	ws	end_upload	transfer_id=8b209186-3dc4-4ec7-bc48-2e200f10acf6	0.214	ok
1776705512102	ws	list_tree	root_id=workspace-b	8.032	ok
1776705512111	ws	list_tree	root_id=workspace-b	8.874	ok
1776705512119	ws	list_tree	root_id=workspace-b	7.643	ok
1776705512127	ws	list_tree	root_id=workspace-b	7.876	ok
1776705512135	ws	list_tree	root_id=workspace-b	7.791	ok
1776705512143	ws	list_tree	root_id=workspace-b	7.431	ok
1776705512150	ws	list_tree	root_id=workspace-b	7.542	ok
1776705512151	ws	begin_upload	root_id=workspace-b path=facturici/.git/objects/83/776135593e39da520229acaac50af873ad537f size=406	0.379	ok
1776705512159	ws	list_tree	root_id=workspace-b	7.975	ok
1776705512159	ws	upload_chunk	transfer_id=89403d10-412e-48c0-83fb-781298aae810	0.272	ok
1776705512160	ws	end_upload	transfer_id=89403d10-412e-48c0-83fb-781298aae810	0.379	ok
1776705512168	ws	list_tree	root_id=workspace-b	8.050	ok
1776705512177	ws	list_tree	root_id=workspace-b	9.328	ok
1776705512185	ws	list_tree	root_id=workspace-b	7.847	ok
1776705512194	ws	list_tree	root_id=workspace-b	8.036	ok
1776705512201	ws	list_tree	root_id=workspace-b	7.717	ok
1776705512209	ws	list_tree	root_id=workspace-b	7.588	ok
1776705512210	ws	begin_upload	root_id=workspace-b path=facturici/.git/objects/83/04facce4662074d427a14cc44bccfaaf3ce6fc size=154	0.378	ok
1776705512211	ws	upload_chunk	transfer_id=9d44c1f9-39ed-4a58-a3d5-08b5fded2d09	0.062	ok
1776705512211	ws	end_upload	transfer_id=9d44c1f9-39ed-4a58-a3d5-08b5fded2d09	0.347	ok
1776705512226	ws	list_tree	root_id=workspace-b	8.090	ok
1776705512234	ws	list_tree	root_id=workspace-b	8.006	ok
1776705512241	ws	list_tree	root_id=workspace-b	7.542	ok
1776705512250	ws	list_tree	root_id=workspace-b	8.086	ok
1776705512259	ws	list_tree	root_id=workspace-b	8.994	ok
1776705512266	ws	list_tree	root_id=workspace-b	7.487	ok
1776705512274	ws	list_tree	root_id=workspace-b	7.630	ok
1776705512275	ws	begin_upload	root_id=workspace-b path=facturici/.git/objects/77/fe336e04a088f7c5d461d379995b4041be74cf size=311554	0.322	ok
1776705512284	ws	list_tree	root_id=workspace-b	8.890	ok
1776705512286	ws	upload_chunk	transfer_id=8c27c203-53f8-4203-94d6-f877c1c489c9	0.073	ok
1776705512286	ws	end_upload	transfer_id=8c27c203-53f8-4203-94d6-f877c1c489c9	0.313	ok
1776705512294	ws	list_tree	root_id=workspace-b	7.687	ok
1776705512302	ws	list_tree	root_id=workspace-b	7.887	ok
1776705512310	ws	list_tree	root_id=workspace-b	7.968	ok
1776705512319	ws	list_tree	root_id=workspace-b	8.745	ok
1776705512327	ws	list_tree	root_id=workspace-b	7.910	ok
1776705512335	ws	list_tree	root_id=workspace-b	7.976	ok
1776705512336	ws	begin_upload	root_id=workspace-b path=facturici/.git/objects/77/cbbbd61592ffb91665620f5cbeddd12597139b size=115	0.368	ok
1776705512344	ws	list_tree	root_id=workspace-b	7.963	ok
1776705512352	ws	list_tree	root_id=workspace-b	7.712	ok
1776705512360	ws	list_tree	root_id=workspace-b	7.601	ok
1776705512368	ws	list_tree	root_id=workspace-b	7.996	ok
1776705512375	ws	list_tree	root_id=workspace-b	7.498	ok
1776705512383	ws	list_tree	root_id=workspace-b	7.546	ok
1776705512392	ws	list_tree	root_id=workspace-b	9.001	ok
1776705512400	ws	list_tree	root_id=workspace-b	7.817	ok
1776705512408	ws	list_tree	root_id=workspace-b	7.425	ok
1776705512415	ws	list_tree	root_id=workspace-b	7.673	ok
1776705512416	ws	upload_chunk	transfer_id=5b6f566d-1ca7-4222-9076-4b5157ecf19b	0.068	ok
1776705512416	ws	end_upload	transfer_id=5b6f566d-1ca7-4222-9076-4b5157ecf19b	0.361	ok
1776705512424	ws	list_tree	root_id=workspace-b	7.888	ok
1776705512432	ws	list_tree	root_id=workspace-b	7.812	ok
1776705512440	ws	list_tree	root_id=workspace-b	7.672	ok
1776705512444	ws	begin_upload	root_id=workspace-b path=facturici/.git/objects/70/8486cafb640a9557c984827a2fa8c207707b99 size=1653114	0.424	ok
1776705512457	ws	upload_chunk	transfer_id=fc85df10-9deb-4d70-854d-dd0827d9568a	0.135	ok
1776705512462	ws	upload_chunk	transfer_id=fc85df10-9deb-4d70-854d-dd0827d9568a	0.074	ok
1776705512462	ws	end_upload	transfer_id=fc85df10-9deb-4d70-854d-dd0827d9568a	0.402	ok
1776705512481	ws	list_tree	root_id=workspace-b	8.423	ok
1776705512488	ws	list_tree	root_id=workspace-b	7.637	ok
1776705512496	ws	list_tree	root_id=workspace-b	7.901	ok
1776705512505	ws	list_tree	root_id=workspace-b	8.050	ok
1776705512513	ws	list_tree	root_id=workspace-b	7.798	ok
1776705512523	ws	list_tree	root_id=workspace-b	10.132	ok
1776705512542	ws	list_tree	root_id=workspace-b	16.279	ok
1776705512543	ws	begin_upload	root_id=workspace-b path=facturici/.git/objects/24/c3503e22be809b9391bf059f3c6e0cd2ebe0fe size=349331	0.403	ok
1776705512554	ws	list_tree	root_id=workspace-b	11.759	ok
1776705512567	ws	list_tree	root_id=workspace-b	11.958	ok
1776705512575	ws	list_tree	root_id=workspace-b	8.144	ok
1776705512583	ws	list_tree	root_id=workspace-b	7.694	ok
1776705512586	ws	upload_chunk	transfer_id=c949f6fd-a8d3-4d25-9fbc-faf9e65f85bc	0.093	ok
1776705512586	ws	end_upload	transfer_id=c949f6fd-a8d3-4d25-9fbc-faf9e65f85bc	0.291	ok
1776705512595	ws	list_tree	root_id=workspace-b	8.091	ok
1776705512602	ws	list_tree	root_id=workspace-b	7.679	ok
1776705512610	ws	list_tree	root_id=workspace-b	7.811	ok
1776705512619	ws	list_tree	root_id=workspace-b	8.069	ok
1776705512626	ws	list_tree	root_id=workspace-b	7.718	ok
1776705512635	ws	list_tree	root_id=workspace-b	8.178	ok
1776705512643	ws	list_tree	root_id=workspace-b	7.628	ok
1776705512651	ws	list_tree	root_id=workspace-b	8.251	ok
1776705512659	ws	list_tree	root_id=workspace-b	7.586	ok
1776705512659	ws	begin_upload	root_id=workspace-b path=facturici/.git/objects/23/952f3e89b5e5b1906139c2b301120b66b477c7 size=413	0.353	ok
1776705512667	ws	list_tree	root_id=workspace-b	7.824	ok
1776705512675	ws	list_tree	root_id=workspace-b	7.836	ok
1776705512683	ws	list_tree	root_id=workspace-b	7.958	ok
1776705512691	ws	list_tree	root_id=workspace-b	7.456	ok
1776705512699	ws	list_tree	root_id=workspace-b	7.924	ok
1776705512708	ws	list_tree	root_id=workspace-b	9.371	ok
1776705512716	ws	list_tree	root_id=workspace-b	7.578	ok
1776705512716	ws	upload_chunk	transfer_id=2a1d8cdc-13f7-47de-b311-8e2859c311e7	0.111	ok
1776705512717	ws	end_upload	transfer_id=2a1d8cdc-13f7-47de-b311-8e2859c311e7	0.327	ok
1776705512724	ws	list_tree	root_id=workspace-b	7.549	ok
1776705512739	ws	list_tree	root_id=workspace-b	7.874	ok
1776705512747	ws	list_tree	root_id=workspace-b	7.678	ok
1776705512747	ws	begin_upload	root_id=workspace-b path=facturici/.git/objects/23/e882f3e8223b41b51198b86d048162fadb8ade size=434	0.335	ok
1776705512748	ws	upload_chunk	transfer_id=eb629935-87d1-4ebc-bf8b-c9dc19b60c08	0.058	ok
1776705512748	ws	end_upload	transfer_id=eb629935-87d1-4ebc-bf8b-c9dc19b60c08	0.255	ok
1776705512772	ws	list_tree	root_id=workspace-b	7.894	ok
1776705512781	ws	list_tree	root_id=workspace-b	8.769	ok
1776705512788	ws	list_tree	root_id=workspace-b	7.627	ok
1776705512797	ws	list_tree	root_id=workspace-b	8.195	ok
1776705512805	ws	list_tree	root_id=workspace-b	8.086	ok
1776705512812	ws	list_tree	root_id=workspace-b	7.391	ok
1776705512820	ws	list_tree	root_id=workspace-b	7.589	ok
1776705512821	ws	begin_upload	root_id=workspace-b path=facturici/.git/objects/4f/48446ea10ffb911225c126093a3c48086f81c1 size=147	0.371	ok
1776705512829	ws	list_tree	root_id=workspace-b	8.160	ok
1776705512837	ws	list_tree	root_id=workspace-b	8.016	ok
1776705512845	ws	list_tree	root_id=workspace-b	7.591	ok
1776705512852	ws	list_tree	root_id=workspace-b	7.472	ok
1776705512860	ws	list_tree	root_id=workspace-b	7.289	ok
1776705512867	ws	list_tree	root_id=workspace-b	7.647	ok
1776705512875	ws	list_tree	root_id=workspace-b	7.238	ok
1776705512875	ws	upload_chunk	transfer_id=f59b45cc-0a2f-43a7-964e-2381c354ae43	0.072	ok
1776705512875	ws	end_upload	transfer_id=f59b45cc-0a2f-43a7-964e-2381c354ae43	0.295	ok
1776705512912	ws	list_tree	root_id=workspace-b	8.198	ok
1776705512913	ws	begin_upload	root_id=workspace-b path=facturici/.git/objects/12/843b485df98f80d3c54ff417847314e7db155e size=244	0.319	ok
1776705512914	ws	upload_chunk	transfer_id=cbde460f-b508-41a7-bae6-61e0865883fa	0.055	ok
1776705512914	ws	end_upload	transfer_id=cbde460f-b508-41a7-bae6-61e0865883fa	0.246	ok
1776705512958	ws	list_tree	root_id=workspace-b	7.879	ok
1776705512965	ws	list_tree	root_id=workspace-b	7.724	ok
1776705512974	ws	list_tree	root_id=workspace-b	8.533	ok
1776705512983	ws	list_tree	root_id=workspace-b	8.722	ok
1776705512991	ws	list_tree	root_id=workspace-b	7.954	ok
1776705512999	ws	list_tree	root_id=workspace-b	7.650	ok
1776705513007	ws	list_tree	root_id=workspace-b	7.697	ok
1776705513015	ws	list_tree	root_id=workspace-b	8.053	ok
1776705513022	ws	list_tree	root_id=workspace-b	7.610	ok
1776705513023	ws	begin_upload	root_id=workspace-b path=facturici/.git/objects/12/2ab1f432fe125dc8a664a7b0f3cf380b6c5f7a size=207	0.349	ok
1776705513031	ws	list_tree	root_id=workspace-b	8.020	ok
1776705513039	ws	list_tree	root_id=workspace-b	7.982	ok
1776705513049	ws	list_tree	root_id=workspace-b	9.291	ok
1776705513056	ws	list_tree	root_id=workspace-b	7.697	ok
1776705513065	ws	list_tree	root_id=workspace-b	7.957	ok
1776705513073	ws	list_tree	root_id=workspace-b	7.986	ok
1776705513081	ws	list_tree	root_id=workspace-b	7.766	ok
1776705513081	ws	upload_chunk	transfer_id=0c0d6222-48c1-404d-89e5-d4e117cd5b12	0.102	ok
1776705513081	ws	end_upload	transfer_id=0c0d6222-48c1-404d-89e5-d4e117cd5b12	0.335	ok
1776705513089	ws	list_tree	root_id=workspace-b	7.663	ok
1776705513099	ws	list_tree	root_id=workspace-b	8.190	ok
1776705513107	ws	list_tree	root_id=workspace-b	7.724	ok
1776705513108	ws	begin_upload	root_id=workspace-b path=facturici/.git/objects/8c/ec1df2b66b1f492d1d2ad721c6966d29e70a5c size=363250	1.415	ok
1776705513113	ws	upload_chunk	transfer_id=7915b939-b99e-4b57-85bc-bb3b5e97cc24	0.101	ok
1776705513113	ws	end_upload	transfer_id=7915b939-b99e-4b57-85bc-bb3b5e97cc24	0.294	ok
1776705513129	ws	list_tree	root_id=workspace-b	8.156	ok
1776705513129	ws	begin_upload	root_id=workspace-b path=facturici/.git/objects/1d/984558ad3f8fb5b06ca2d635cd53094634c28c size=395564	0.393	ok
1776705513134	ws	upload_chunk	transfer_id=16a7e337-77b3-446b-ae48-4428efb973dc	0.093	ok
1776705513134	ws	end_upload	transfer_id=16a7e337-77b3-446b-ae48-4428efb973dc	0.525	ok
1776705513156	ws	list_tree	root_id=workspace-b	7.964	ok
1776705513164	ws	list_tree	root_id=workspace-b	7.594	ok
1776705513172	ws	list_tree	root_id=workspace-b	7.588	ok
1776705513180	ws	list_tree	root_id=workspace-b	8.219	ok
1776705513189	ws	list_tree	root_id=workspace-b	8.877	ok
1776705513197	ws	list_tree	root_id=workspace-b	7.829	ok
1776705513205	ws	list_tree	root_id=workspace-b	7.599	ok
1776705513213	ws	list_tree	root_id=workspace-b	7.947	ok
1776705513221	ws	list_tree	root_id=workspace-b	7.787	ok
1776705513228	ws	list_tree	root_id=workspace-b	7.566	ok
1776705513236	ws	list_tree	root_id=workspace-b	7.722	ok
1776705513245	ws	list_tree	root_id=workspace-b	8.211	ok
1776705513254	ws	list_tree	root_id=workspace-b	8.757	ok
1776705513254	ws	begin_upload	root_id=workspace-b path=facturici/.git/objects/71/96618ddc3979245c938d877e6e26546f15cd6f size=458	0.350	ok
1776705513262	ws	list_tree	root_id=workspace-b	8.055	ok
1776705513270	ws	list_tree	root_id=workspace-b	8.089	ok
1776705513278	ws	list_tree	root_id=workspace-b	7.747	ok
1776705513286	ws	list_tree	root_id=workspace-b	7.610	ok
1776705513294	ws	list_tree	root_id=workspace-b	8.033	ok
1776705513302	ws	list_tree	root_id=workspace-b	7.693	ok
1776705513310	ws	list_tree	root_id=workspace-b	7.540	ok
1776705513310	ws	upload_chunk	transfer_id=92a5320d-e0ab-4be3-9d7c-dd1dfc106a3b	0.100	ok
1776705513310	ws	end_upload	transfer_id=92a5320d-e0ab-4be3-9d7c-dd1dfc106a3b	0.368	ok
1776705513318	ws	list_tree	root_id=workspace-b	8.016	ok
1776705513328	ws	list_tree	root_id=workspace-b	9.125	ok
1776705513336	ws	list_tree	root_id=workspace-b	7.754	ok
1776705513336	ws	begin_upload	root_id=workspace-b path=facturici/.git/objects/76/06a302abed2e9824fafc483e837e593fcfe77f size=174	0.340	ok
1776705513337	ws	upload_chunk	transfer_id=a7931468-be60-44e0-8b8f-5b1a67530899	0.051	ok
1776705513338	ws	end_upload	transfer_id=a7931468-be60-44e0-8b8f-5b1a67530899	0.248	ok
1776705513354	ws	list_tree	root_id=workspace-b	8.107	ok
1776705513355	ws	begin_upload	root_id=workspace-b path=facturici/.git/objects/76/1d9a47fae9507d2326b84d51f93af5d9166ede size=882003	0.384	ok
1776705513364	ws	upload_chunk	transfer_id=57cfe782-319f-41b3-90d1-9491f08f82f6	0.157	ok
1776705513365	ws	end_upload	transfer_id=57cfe782-319f-41b3-90d1-9491f08f82f6	0.381	ok
1776705513383	ws	list_tree	root_id=workspace-b	8.193	ok
1776705513392	ws	list_tree	root_id=workspace-b	8.994	ok
1776705513400	ws	list_tree	root_id=workspace-b	7.776	ok
1776705513408	ws	list_tree	root_id=workspace-b	8.338	ok
1776705513416	ws	list_tree	root_id=workspace-b	7.907	ok
1776705513424	ws	list_tree	root_id=workspace-b	7.512	ok
1776705513432	ws	list_tree	root_id=workspace-b	7.934	ok
1776705513432	ws	begin_upload	root_id=workspace-b path=facturici/.git/objects/1c/a65eba1c1067a832bd7c33fca0c4d7a15fd5f9 size=300340	0.341	ok
1776705513441	ws	list_tree	root_id=workspace-b	8.477	ok
1776705513449	ws	list_tree	root_id=workspace-b	7.774	ok
1776705513456	ws	list_tree	root_id=workspace-b	7.579	ok
1776705513465	ws	list_tree	root_id=workspace-b	8.860	ok
1776705513473	ws	list_tree	root_id=workspace-b	7.669	ok
1776705513481	ws	list_tree	root_id=workspace-b	7.744	ok
1776705513489	ws	list_tree	root_id=workspace-b	8.167	ok
1776705513498	ws	list_tree	root_id=workspace-b	8.249	ok
1776705513506	ws	list_tree	root_id=workspace-b	7.765	ok
1776705513513	ws	list_tree	root_id=workspace-b	7.631	ok
1776705513521	ws	list_tree	root_id=workspace-b	7.934	ok
1776705513531	ws	list_tree	root_id=workspace-b	9.127	ok
1776705513538	ws	list_tree	root_id=workspace-b	7.740	ok
1776705513541	ws	upload_chunk	transfer_id=6d5ae55e-1ab4-4df5-b14a-7fa1a11c47a4	0.106	ok
1776705513541	ws	end_upload	transfer_id=6d5ae55e-1ab4-4df5-b14a-7fa1a11c47a4	0.330	ok
1776705513550	ws	list_tree	root_id=workspace-b	8.216	ok
1776705513558	ws	list_tree	root_id=workspace-b	8.009	ok
1776705513566	ws	list_tree	root_id=workspace-b	7.639	ok
1776705513566	ws	begin_upload	root_id=workspace-b path=facturici/.git/objects/1c/bac47a962b4493eee578be87175c1ec3c6d9b6 size=198453	0.348	ok
1776705513569	ws	upload_chunk	transfer_id=ec2af9eb-189e-4c39-81a1-58b7608fb306	0.081	ok
1776705513569	ws	end_upload	transfer_id=ec2af9eb-189e-4c39-81a1-58b7608fb306	0.249	ok
1776705513582	ws	list_tree	root_id=workspace-b	8.403	ok
1776705513583	ws	begin_upload	root_id=workspace-b path=facturici/.git/objects/49/86d0eaadb61e92752ecdf36248e30db0212765 size=229	0.340	ok
1776705513584	ws	upload_chunk	transfer_id=c6103aa7-18a7-44d6-bb80-d18f846aee3b	0.061	ok
1776705513584	ws	end_upload	transfer_id=c6103aa7-18a7-44d6-bb80-d18f846aee3b	0.224	ok
1776705513611	ws	list_tree	root_id=workspace-b	7.957	ok
1776705513619	ws	list_tree	root_id=workspace-b	7.738	ok
1776705513627	ws	list_tree	root_id=workspace-b	7.677	ok
1776705513635	ws	list_tree	root_id=workspace-b	8.212	ok
1776705513643	ws	list_tree	root_id=workspace-b	7.876	ok
1776705513651	ws	list_tree	root_id=workspace-b	7.950	ok
1776705513659	ws	list_tree	root_id=workspace-b	7.657	ok
1776705513659	ws	begin_upload	root_id=workspace-b path=facturici/.git/objects/49/c7db5887ab5964d831b4e397c6a77d0ab4f178 size=154	0.418	ok
1776705513668	ws	list_tree	root_id=workspace-b	8.281	ok
1776705513677	ws	list_tree	root_id=workspace-b	9.435	ok
1776705513685	ws	list_tree	root_id=workspace-b	7.675	ok
1776705513693	ws	list_tree	root_id=workspace-b	7.811	ok
1776705513701	ws	list_tree	root_id=workspace-b	8.023	ok
1776705513709	ws	list_tree	root_id=workspace-b	7.587	ok
1776705513717	ws	list_tree	root_id=workspace-b	7.789	ok
1776705513725	ws	list_tree	root_id=workspace-b	8.254	ok
1776705513734	ws	list_tree	root_id=workspace-b	8.084	ok
1776705513743	ws	list_tree	root_id=workspace-b	7.874	ok
1776705513751	ws	list_tree	root_id=workspace-b	8.092	ok
1776705513759	ws	list_tree	root_id=workspace-b	7.896	ok
1776705513767	ws	list_tree	root_id=workspace-b	7.654	ok
1776705513767	ws	upload_chunk	transfer_id=dcf6d32c-4284-4e6f-8d5a-b6b1704b0b5c	0.114	ok
1776705513767	ws	end_upload	transfer_id=dcf6d32c-4284-4e6f-8d5a-b6b1704b0b5c	0.292	ok
1776705513775	ws	list_tree	root_id=workspace-b	8.016	ok
1776705513784	ws	list_tree	root_id=workspace-b	8.135	ok
1776705513791	ws	list_tree	root_id=workspace-b	7.786	ok
1776705513792	ws	begin_upload	root_id=workspace-b path=facturici/.git/objects/2b/7053fadeb7486f999d5418d02bf31b524f9efb size=376	0.406	ok
1776705513793	ws	upload_chunk	transfer_id=8accca9c-3232-4d64-8445-bf865cbbdeb4	0.096	ok
1776705513794	ws	end_upload	transfer_id=8accca9c-3232-4d64-8445-bf865cbbdeb4	0.261	ok
1776705513811	ws	list_tree	root_id=workspace-b	9.521	ok
1776705513811	ws	begin_upload	root_id=workspace-b path=facturici/.git/objects/2b/5ceb6726f6d206455a4a5167df5b933b2dbfb4 size=36596	0.362	ok
1776705513813	ws	upload_chunk	transfer_id=7e64cf83-15b1-4a05-a411-78e777c51b79	0.073	ok
1776705513813	ws	end_upload	transfer_id=7e64cf83-15b1-4a05-a411-78e777c51b79	0.230	ok
1776705513838	ws	list_tree	root_id=workspace-b	8.099	ok
1776705513846	ws	list_tree	root_id=workspace-b	7.510	ok
1776705513853	ws	list_tree	root_id=workspace-b	7.382	ok
1776705513861	ws	list_tree	root_id=workspace-b	7.551	ok
1776705513869	ws	list_tree	root_id=workspace-b	7.442	ok
1776705513876	ws	list_tree	root_id=workspace-b	7.334	ok
1776705513884	ws	list_tree	root_id=workspace-b	7.570	ok
1776705513884	ws	begin_upload	root_id=workspace-b path=facturici/.git/objects/47/984a529fef7e3f1f371b7db48a1ea4614d44e2 size=202	0.328	ok
1776705513886	ws	upload_chunk	transfer_id=349b41f3-8d75-46ce-81b5-8fbf43cdcce8	0.052	ok
1776705513886	ws	end_upload	transfer_id=349b41f3-8d75-46ce-81b5-8fbf43cdcce8	0.200	ok
1776705513914	ws	list_tree	root_id=workspace-b	8.319	ok
1776705513921	ws	list_tree	root_id=workspace-b	7.499	ok
1776705513931	ws	list_tree	root_id=workspace-b	9.283	ok
1776705513938	ws	list_tree	root_id=workspace-b	7.511	ok
1776705513946	ws	list_tree	root_id=workspace-b	7.555	ok
1776705513954	ws	list_tree	root_id=workspace-b	7.773	ok
1776705513962	ws	list_tree	root_id=workspace-b	8.333	ok
1776705513970	ws	list_tree	root_id=workspace-b	7.751	ok
1776705513978	ws	list_tree	root_id=workspace-b	7.803	ok
1776705513986	ws	list_tree	root_id=workspace-b	7.847	ok
1776705513994	ws	list_tree	root_id=workspace-b	8.130	ok
1776705514003	ws	list_tree	root_id=workspace-b	8.927	ok
1776705514011	ws	list_tree	root_id=workspace-b	7.826	ok
1776705514012	ws	begin_upload	root_id=workspace-b path=facturici/.git/objects/47/802bd21f7f29dc0eec382592e22d88ccf40faf size=204211	0.376	ok
1776705514020	ws	list_tree	root_id=workspace-b	8.275	ok
1776705514028	ws	list_tree	root_id=workspace-b	7.972	ok
1776705514036	ws	list_tree	root_id=workspace-b	7.775	ok
1776705514044	ws	list_tree	root_id=workspace-b	8.003	ok
1776705514053	ws	list_tree	root_id=workspace-b	8.530	ok
1776705514061	ws	list_tree	root_id=workspace-b	7.617	ok
1776705514070	ws	list_tree	root_id=workspace-b	8.999	ok
1776705514071	ws	upload_chunk	transfer_id=96127853-a6aa-4270-9949-dacfa69a1b40	0.101	ok
1776705514072	ws	end_upload	transfer_id=96127853-a6aa-4270-9949-dacfa69a1b40	0.337	ok
1776705514081	ws	list_tree	root_id=workspace-b	8.031	ok
1776705514088	ws	list_tree	root_id=workspace-b	7.803	ok
1776705514097	ws	list_tree	root_id=workspace-b	7.904	ok
1776705514098	ws	begin_upload	root_id=workspace-b path=facturici/.git/objects/78/84bfc7b0c1027104779f8a5ae806855d6377fe size=23013	0.340	ok
1776705514100	ws	upload_chunk	transfer_id=08ed3b90-3152-43ba-b358-573936de3f52	0.096	ok
1776705514100	ws	end_upload	transfer_id=08ed3b90-3152-43ba-b358-573936de3f52	0.394	ok
1776705514108	ws	list_tree	root_id=workspace-b	8.081	ok
1776705514135	ws	list_tree	root_id=workspace-b	8.088	ok
1776705514144	ws	list_tree	root_id=workspace-b	9.060	ok
1776705514152	ws	list_tree	root_id=workspace-b	7.989	ok
1776705514160	ws	list_tree	root_id=workspace-b	8.301	ok
1776705514169	ws	list_tree	root_id=workspace-b	8.010	ok
1776705514176	ws	list_tree	root_id=workspace-b	7.690	ok
1776705514177	ws	begin_upload	root_id=workspace-b path=facturici/.git/objects/78/286347a54d37c0a88112c2302001b35be0524a size=141	0.567	ok
1776705514185	ws	list_tree	root_id=workspace-b	8.058	ok
1776705514194	ws	list_tree	root_id=workspace-b	8.350	ok
1776705514202	ws	list_tree	root_id=workspace-b	7.774	ok
1776705514211	ws	list_tree	root_id=workspace-b	9.177	ok
1776705514219	ws	list_tree	root_id=workspace-b	8.368	ok
1776705514227	ws	list_tree	root_id=workspace-b	7.687	ok
1776705514235	ws	list_tree	root_id=workspace-b	7.906	ok
1776705514236	ws	upload_chunk	transfer_id=6448fc39-cb86-4e5a-baf9-838d5384fb48	0.132	ok
1776705514236	ws	end_upload	transfer_id=6448fc39-cb86-4e5a-baf9-838d5384fb48	0.303	ok
1776705514244	ws	list_tree	root_id=workspace-b	8.303	ok
1776705514252	ws	list_tree	root_id=workspace-b	7.971	ok
1776705514260	ws	list_tree	root_id=workspace-b	7.802	ok
1776705514261	ws	begin_upload	root_id=workspace-b path=facturici/.git/objects/13/a01c789f240f885bf46322c0ca1909d65f13fe size=151554	0.487	ok
1776705514264	ws	upload_chunk	transfer_id=6e337f14-d90e-47b1-bbe8-8d99afe5de4c	0.082	ok
1776705514264	ws	end_upload	transfer_id=6e337f14-d90e-47b1-bbe8-8d99afe5de4c	0.774	ok
1776705514277	ws	list_tree	root_id=workspace-b	9.401	ok
1776705514278	ws	begin_upload	root_id=workspace-b path=facturici/.git/objects/13/0d605c56681178196a836dc4cde7ea7b54615b size=153	0.647	ok
1776705514279	ws	upload_chunk	transfer_id=e1703c11-8724-4bae-b8fd-c32371df4643	0.052	ok
1776705514279	ws	end_upload	transfer_id=e1703c11-8724-4bae-b8fd-c32371df4643	0.221	ok
1776705514304	ws	list_tree	root_id=workspace-b	8.040	ok
1776705514313	ws	list_tree	root_id=workspace-b	7.930	ok
1776705514320	ws	list_tree	root_id=workspace-b	7.728	ok
1776705514329	ws	list_tree	root_id=workspace-b	8.434	ok
1776705514337	ws	list_tree	root_id=workspace-b	7.854	ok
1776705514346	ws	list_tree	root_id=workspace-b	8.898	ok
1776705514354	ws	list_tree	root_id=workspace-b	7.831	ok
1776705514354	ws	begin_upload	root_id=workspace-b path=facturici/.git/objects/13/2c8aaa2948283e4923f3e7ff0175d7d62e3b71 size=153	0.383	ok
1776705514363	ws	list_tree	root_id=workspace-b	8.433	ok
1776705514371	ws	list_tree	root_id=workspace-b	7.887	ok
1776705514379	ws	list_tree	root_id=workspace-b	8.030	ok
1776705514387	ws	list_tree	root_id=workspace-b	8.119	ok
1776705514395	ws	list_tree	root_id=workspace-b	7.884	ok
1776705514403	ws	list_tree	root_id=workspace-b	7.715	ok
1776705514411	ws	list_tree	root_id=workspace-b	8.079	ok
1776705514421	ws	list_tree	root_id=workspace-b	9.261	ok
1776705514429	ws	list_tree	root_id=workspace-b	7.760	ok
1776705514437	ws	list_tree	root_id=workspace-b	8.089	ok
1776705514445	ws	list_tree	root_id=workspace-b	8.191	ok
1776705514453	ws	list_tree	root_id=workspace-b	7.728	ok
1776705514461	ws	list_tree	root_id=workspace-b	7.807	ok
1776705514461	ws	upload_chunk	transfer_id=1a6acff8-8d08-4650-9a0d-4c559bf22def	0.123	ok
1776705514462	ws	end_upload	transfer_id=1a6acff8-8d08-4650-9a0d-4c559bf22def	0.305	ok
1776705514470	ws	list_tree	root_id=workspace-b	8.265	ok
1776705514478	ws	list_tree	root_id=workspace-b	8.155	ok
1776705514487	ws	list_tree	root_id=workspace-b	9.030	ok
1776705514488	ws	begin_upload	root_id=workspace-b path=facturici/.git/objects/13/30fd6f484f203cd59debd83256182efaf34d25 size=39059	0.334	ok
1776705514489	ws	upload_chunk	transfer_id=9a110ae9-f11d-4566-b1ad-94de280cbb3f	0.054	ok
1776705514489	ws	end_upload	transfer_id=9a110ae9-f11d-4566-b1ad-94de280cbb3f	0.227	ok
1776705514504	ws	list_tree	root_id=workspace-b	8.449	ok
1776705514505	ws	begin_upload	root_id=workspace-b path=facturici/.git/objects/13/777f20aa99bcab47819d50c803d8725bdf353d size=151	0.398	ok
1776705514506	ws	upload_chunk	transfer_id=31d10806-ac9a-4020-8715-975771fa165e	0.070	ok
1776705514506	ws	end_upload	transfer_id=31d10806-ac9a-4020-8715-975771fa165e	0.226	ok
1776705514531	ws	list_tree	root_id=workspace-b	8.326	ok
1776705514539	ws	list_tree	root_id=workspace-b	7.774	ok
1776705514547	ws	list_tree	root_id=workspace-b	8.081	ok
1776705514557	ws	list_tree	root_id=workspace-b	9.621	ok
1776705514565	ws	list_tree	root_id=workspace-b	8.050	ok
1776705514573	ws	list_tree	root_id=workspace-b	7.917	ok
1776705514581	ws	list_tree	root_id=workspace-b	8.354	ok
1776705514582	ws	begin_upload	root_id=workspace-b path=facturici/.git/objects/7f/394a5b72126fcf961eb6477ce1d1a18dff8e84 size=150	0.348	ok
1776705514590	ws	list_tree	root_id=workspace-b	8.459	ok
1776705514599	ws	list_tree	root_id=workspace-b	8.219	ok
1776705514607	ws	list_tree	root_id=workspace-b	8.602	ok
1776705514618	ws	list_tree	root_id=workspace-b	8.856	ok
1776705514627	ws	list_tree	root_id=workspace-b	9.073	ok
1776705514635	ws	list_tree	root_id=workspace-b	8.064	ok
1776705514644	ws	list_tree	root_id=workspace-b	8.150	ok
1776705514652	ws	list_tree	root_id=workspace-b	8.215	ok
1776705514660	ws	list_tree	root_id=workspace-b	7.734	ok
1776705514668	ws	list_tree	root_id=workspace-b	8.090	ok
1776705514676	ws	list_tree	root_id=workspace-b	8.029	ok
1776705514684	ws	list_tree	root_id=workspace-b	7.887	ok
1776705514693	ws	list_tree	root_id=workspace-b	9.024	ok
1776705514694	ws	upload_chunk	transfer_id=4c44e762-ef5a-4146-bb4c-886ee2dc2244	0.118	ok
1776705514694	ws	end_upload	transfer_id=4c44e762-ef5a-4146-bb4c-886ee2dc2244	0.382	ok
1776705514702	ws	list_tree	root_id=workspace-b	8.155	ok
1776705514711	ws	list_tree	root_id=workspace-b	7.974	ok
1776705514719	ws	list_tree	root_id=workspace-b	8.023	ok
1776705514720	ws	begin_upload	root_id=workspace-b path=facturici/.git/objects/7a/68c592776b9a5dce9d80d15f8411e3f2cc9a9c size=384	0.341	ok
1776705514721	ws	upload_chunk	transfer_id=2b08e956-839c-4374-814e-b47a8d98cc55	0.060	ok
1776705514722	ws	end_upload	transfer_id=2b08e956-839c-4374-814e-b47a8d98cc55	0.443	ok
1776705514754	ws	list_tree	root_id=workspace-b	8.325	ok
1776705514763	ws	list_tree	root_id=workspace-b	9.289	ok
1776705514771	ws	list_tree	root_id=workspace-b	7.780	ok
1776705514780	ws	list_tree	root_id=workspace-b	8.279	ok
1776705514788	ws	list_tree	root_id=workspace-b	7.934	ok
1776705514796	ws	list_tree	root_id=workspace-b	7.878	ok
1776705514804	ws	list_tree	root_id=workspace-b	7.871	ok
1776705514804	ws	begin_upload	root_id=workspace-b path=facturici/.git/objects/14/84e9866429b804579b9c00418bedb1aa7c8e2d size=424096	0.372	ok
1776705514813	ws	list_tree	root_id=workspace-b	8.790	ok
1776705514821	ws	list_tree	root_id=workspace-b	7.922	ok
1776705514830	ws	list_tree	root_id=workspace-b	9.104	ok
1776705514839	ws	list_tree	root_id=workspace-b	8.276	ok
1776705514847	ws	list_tree	root_id=workspace-b	8.066	ok
1776705514855	ws	list_tree	root_id=workspace-b	7.684	ok
1776705514862	ws	list_tree	root_id=workspace-b	7.635	ok
1776705514866	ws	upload_chunk	transfer_id=4df69528-b64d-49f3-aa0e-00d4cf645ee6	0.075	ok
1776705514866	ws	end_upload	transfer_id=4df69528-b64d-49f3-aa0e-00d4cf645ee6	0.353	ok
1776705514874	ws	list_tree	root_id=workspace-b	7.732	ok
1776705514914	ws	list_tree	root_id=workspace-b	8.179	ok
1776705514922	ws	list_tree	root_id=workspace-b	7.686	ok
1776705514922	ws	begin_upload	root_id=workspace-b path=facturici/.git/objects/14/64e4b96532c2688779753e874b8cdb4411c1fe size=143	0.350	ok
1776705514924	ws	upload_chunk	transfer_id=4e3f740d-e21f-4634-b0d1-99450e17c347	0.059	ok
1776705514924	ws	end_upload	transfer_id=4e3f740d-e21f-4634-b0d1-99450e17c347	0.262	ok
1776705514964	ws	list_tree	root_id=workspace-b	8.341	ok
1776705514972	ws	list_tree	root_id=workspace-b	7.863	ok
1776705514980	ws	list_tree	root_id=workspace-b	8.023	ok
1776705514989	ws	list_tree	root_id=workspace-b	8.535	ok
1776705514997	ws	list_tree	root_id=workspace-b	7.879	ok
1776705515005	ws	list_tree	root_id=workspace-b	7.814	ok
1776705515013	ws	list_tree	root_id=workspace-b	8.146	ok
1776705515014	ws	begin_upload	root_id=workspace-b path=facturici/.git/objects/8e/0cab561f1a0001e1d3abbd84a13ef309b41370 size=192	0.554	ok
1776705515023	ws	list_tree	root_id=workspace-b	9.114	ok
1776705515031	ws	list_tree	root_id=workspace-b	8.110	ok
1776705515039	ws	list_tree	root_id=workspace-b	7.889	ok
1776705515048	ws	list_tree	root_id=workspace-b	8.423	ok
1776705515056	ws	list_tree	root_id=workspace-b	8.683	ok
1776705515065	ws	list_tree	root_id=workspace-b	7.928	ok
1776705515073	ws	list_tree	root_id=workspace-b	8.315	ok
1776705515073	ws	upload_chunk	transfer_id=c5ee0c85-d487-4cd7-88c8-d675412e991b	0.070	ok
1776705515074	ws	end_upload	transfer_id=c5ee0c85-d487-4cd7-88c8-d675412e991b	0.319	ok
1776705515081	ws	list_tree	root_id=workspace-b	7.874	ok
1776705515091	ws	list_tree	root_id=workspace-b	9.085	ok
1776705515099	ws	list_tree	root_id=workspace-b	8.477	ok
1776705515100	ws	begin_upload	root_id=workspace-b path=facturici/.git/objects/25/97b97243569b59dcaf84882545474b3f29b77c size=262	0.350	ok
1776705515101	ws	upload_chunk	transfer_id=dc650bf2-29e5-4257-baa2-011805e98b26	0.061	ok
1776705515101	ws	end_upload	transfer_id=dc650bf2-29e5-4257-baa2-011805e98b26	0.212	ok
1776705515126	ws	list_tree	root_id=workspace-b	8.348	ok
1776705515134	ws	list_tree	root_id=workspace-b	7.909	ok
1776705515142	ws	list_tree	root_id=workspace-b	7.875	ok
1776705515151	ws	list_tree	root_id=workspace-b	8.498	ok
1776705515160	ws	list_tree	root_id=workspace-b	9.102	ok
1776705515168	ws	list_tree	root_id=workspace-b	8.036	ok
1776705515176	ws	list_tree	root_id=workspace-b	8.031	ok
1776705515177	ws	begin_upload	root_id=workspace-b path=facturici/.git/objects/25/296e3e8ab8d4e3d93d5d80db9f65f0cb42c3ec size=300475	0.580	ok
1776705515186	ws	list_tree	root_id=workspace-b	9.160	ok
1776705515194	ws	list_tree	root_id=workspace-b	7.871	ok
1776705515202	ws	list_tree	root_id=workspace-b	7.995	ok
1776705515211	ws	list_tree	root_id=workspace-b	8.211	ok
1776705515219	ws	list_tree	root_id=workspace-b	7.997	ok
1776705515228	ws	list_tree	root_id=workspace-b	9.299	ok
1776705515237	ws	list_tree	root_id=workspace-b	8.471	ok
1776705515239	ws	upload_chunk	transfer_id=77dde396-48c0-4fce-8ba8-b5014f3c2b0c	0.099	ok
1776705515239	ws	end_upload	transfer_id=77dde396-48c0-4fce-8ba8-b5014f3c2b0c	0.322	ok
1776705515247	ws	list_tree	root_id=workspace-b	7.943	ok
1776705515256	ws	list_tree	root_id=workspace-b	7.996	ok
1776705515264	ws	list_tree	root_id=workspace-b	8.361	ok
1776705515265	ws	begin_upload	root_id=workspace-b path=facturici/.git/HEAD size=21	0.333	ok
1776705515266	ws	upload_chunk	transfer_id=418da08c-c73c-4d8a-aa23-d484893e5671	0.053	ok
1776705515266	ws	end_upload	transfer_id=418da08c-c73c-4d8a-aa23-d484893e5671	0.211	ok
1776705515295	ws	list_tree	root_id=workspace-b	9.257	ok
1776705515304	ws	list_tree	root_id=workspace-b	8.065	ok
1776705515312	ws	list_tree	root_id=workspace-b	7.929	ok
1776705515320	ws	list_tree	root_id=workspace-b	8.498	ok
1776705515328	ws	list_tree	root_id=workspace-b	7.953	ok
1776705515336	ws	list_tree	root_id=workspace-b	7.901	ok
1776705515345	ws	list_tree	root_id=workspace-b	8.197	ok
1776705515345	ws	begin_upload	root_id=workspace-b path=facturici/.git/info/exclude size=240	0.588	ok
1776705515354	ws	list_tree	root_id=workspace-b	8.336	ok
1776705515363	ws	list_tree	root_id=workspace-b	9.196	ok
1776705515371	ws	list_tree	root_id=workspace-b	8.100	ok
1776705515380	ws	list_tree	root_id=workspace-b	8.214	ok
1776705515388	ws	list_tree	root_id=workspace-b	7.789	ok
1776705515396	ws	list_tree	root_id=workspace-b	8.076	ok
1776705515405	ws	list_tree	root_id=workspace-b	8.271	ok
1776705515405	ws	upload_chunk	transfer_id=8283274d-7982-4901-a252-f9df20454d71	0.096	ok
1776705515405	ws	end_upload	transfer_id=8283274d-7982-4901-a252-f9df20454d71	0.267	ok
1776705515413	ws	list_tree	root_id=workspace-b	8.192	ok
1776705515422	ws	list_tree	root_id=workspace-b	8.515	ok
1776705515432	ws	list_tree	root_id=workspace-b	9.366	ok
1776705515432	ws	begin_upload	root_id=workspace-b path=facturici/.git/logs/HEAD size=4289	0.394	ok
1776705515433	ws	upload_chunk	transfer_id=3d16b608-4fd2-48d5-bbc3-8089a1722ed6	0.061	ok
1776705515434	ws	end_upload	transfer_id=3d16b608-4fd2-48d5-bbc3-8089a1722ed6	0.254	ok
1776705515460	ws	list_tree	root_id=workspace-b	8.252	ok
1776705515468	ws	list_tree	root_id=workspace-b	7.838	ok
1776705515476	ws	list_tree	root_id=workspace-b	8.087	ok
1776705515485	ws	list_tree	root_id=workspace-b	8.413	ok
1776705515493	ws	list_tree	root_id=workspace-b	7.905	ok
1776705515503	ws	list_tree	root_id=workspace-b	10.330	ok
1776705515513	ws	list_tree	root_id=workspace-b	9.201	ok
1776705515514	ws	begin_upload	root_id=workspace-b path=facturici/.git/logs/refs/heads/main size=4137	0.902	ok
1776705515523	ws	list_tree	root_id=workspace-b	8.949	ok
1776705515536	ws	list_tree	root_id=workspace-b	12.312	ok
1776705515544	ws	list_tree	root_id=workspace-b	8.317	ok
1776705515552	ws	list_tree	root_id=workspace-b	7.983	ok
1776705515560	ws	list_tree	root_id=workspace-b	7.866	ok
1776705515569	ws	list_tree	root_id=workspace-b	8.311	ok
1776705515578	ws	list_tree	root_id=workspace-b	9.326	ok
1776705515578	ws	upload_chunk	transfer_id=6c5be32f-74c4-4da4-983c-581b91baa5b8	0.075	ok
1776705515579	ws	end_upload	transfer_id=6c5be32f-74c4-4da4-983c-581b91baa5b8	0.297	ok
1776705515587	ws	list_tree	root_id=workspace-b	8.370	ok
1776705515596	ws	list_tree	root_id=workspace-b	8.518	ok
1776705515604	ws	list_tree	root_id=workspace-b	8.112	ok
1776705515605	ws	begin_upload	root_id=workspace-b path=facturici/.git/logs/refs/remotes/origin/HEAD size=179	0.310	ok
1776705515606	ws	upload_chunk	transfer_id=f5cc207c-8ef4-4200-89e9-9316ffaddc67	0.058	ok
1776705515606	ws	end_upload	transfer_id=f5cc207c-8ef4-4200-89e9-9316ffaddc67	0.218	ok
1776705515630	ws	list_tree	root_id=workspace-b	8.499	ok
1776705515631	ws	begin_upload	root_id=workspace-b path=facturici/.git/logs/refs/remotes/origin/main size=3931	0.406	ok
1776705515632	ws	upload_chunk	transfer_id=c9152f33-9342-4a82-b1da-9f474cae7e79	0.068	ok
1776705515632	ws	end_upload	transfer_id=c9152f33-9342-4a82-b1da-9f474cae7e79	0.248	ok
1776705515660	ws	list_tree	root_id=workspace-b	8.407	ok
1776705515668	ws	list_tree	root_id=workspace-b	8.046	ok
1776705515676	ws	list_tree	root_id=workspace-b	7.923	ok
1776705515687	ws	list_tree	root_id=workspace-b	10.476	ok
1776705515695	ws	list_tree	root_id=workspace-b	8.048	ok
1776705515703	ws	list_tree	root_id=workspace-b	7.851	ok
1776705515711	ws	list_tree	root_id=workspace-b	8.296	ok
1776705515721	ws	list_tree	root_id=workspace-b	9.430	ok
1776705515729	ws	list_tree	root_id=workspace-b	8.394	ok
1776705515738	ws	list_tree	root_id=workspace-b	7.984	ok
1776705515746	ws	list_tree	root_id=workspace-b	8.304	ok
1776705515754	ws	list_tree	root_id=workspace-b	7.962	ok
1776705515762	ws	list_tree	root_id=workspace-b	7.899	ok
1776705515763	ws	begin_upload	root_id=workspace-b path=facturici/.git/description size=73	0.295	ok
1776705515771	ws	list_tree	root_id=workspace-b	8.180	ok
1776705515780	ws	list_tree	root_id=workspace-b	9.423	ok
1776705515789	ws	list_tree	root_id=workspace-b	8.113	ok
1776705515797	ws	list_tree	root_id=workspace-b	8.369	ok
1776705515805	ws	list_tree	root_id=workspace-b	7.905	ok
1776705515813	ws	list_tree	root_id=workspace-b	7.963	ok
1776705515822	ws	list_tree	root_id=workspace-b	8.319	ok
1776705515822	ws	upload_chunk	transfer_id=f0ac1a4d-b774-4499-8ba2-a342e628c4d8	0.069	ok
1776705515822	ws	end_upload	transfer_id=f0ac1a4d-b774-4499-8ba2-a342e628c4d8	0.254	ok
1776705515830	ws	list_tree	root_id=workspace-b	8.114	ok
1776705515839	ws	list_tree	root_id=workspace-b	7.992	ok
1776705515847	ws	list_tree	root_id=workspace-b	8.167	ok
1776705515847	ws	begin_upload	root_id=workspace-b path=facturici/.git/hooks/commit-msg.sample size=896	0.343	ok
1776705515849	ws	upload_chunk	transfer_id=fffa3b36-052b-4ca0-a245-33de8d801c52	0.059	ok
1776705515849	ws	end_upload	transfer_id=fffa3b36-052b-4ca0-a245-33de8d801c52	0.229	ok
1776705515922	ws	list_tree	root_id=workspace-b	8.124	ok
1776705515929	ws	list_tree	root_id=workspace-b	7.750	ok
1776705515937	ws	list_tree	root_id=workspace-b	7.573	ok
1776705515945	ws	list_tree	root_id=workspace-b	7.744	ok
1776705515953	ws	list_tree	root_id=workspace-b	7.795	ok
1776705515961	ws	list_tree	root_id=workspace-b	8.435	ok
1776705515971	ws	list_tree	root_id=workspace-b	9.452	ok
1776705515972	ws	begin_upload	root_id=workspace-b path=facturici/.git/hooks/pre-rebase.sample size=4898	0.395	ok
1776705515980	ws	list_tree	root_id=workspace-b	8.387	ok
1776705515988	ws	list_tree	root_id=workspace-b	8.018	ok
1776705515997	ws	list_tree	root_id=workspace-b	8.856	ok
1776705516005	ws	list_tree	root_id=workspace-b	8.060	ok
1776705516014	ws	list_tree	root_id=workspace-b	8.322	ok
1776705516022	ws	list_tree	root_id=workspace-b	8.165	ok
1776705516030	ws	list_tree	root_id=workspace-b	7.953	ok
1776705516030	ws	upload_chunk	transfer_id=ad610837-904c-4fc6-b86c-a00880c05f52	0.058	ok
1776705516031	ws	end_upload	transfer_id=ad610837-904c-4fc6-b86c-a00880c05f52	0.317	ok
1776705516040	ws	list_tree	root_id=workspace-b	9.046	ok
1776705516055	ws	list_tree	root_id=workspace-b	8.766	ok
1776705516063	ws	list_tree	root_id=workspace-b	7.978	ok
1776705516064	ws	begin_upload	root_id=workspace-b path=facturici/.git/hooks/pre-commit.sample size=1643	0.361	ok
1776705516065	ws	upload_chunk	transfer_id=9bf48dee-5e3c-4bef-b2d9-1b2aadfd6ac7	0.060	ok
1776705516065	ws	end_upload	transfer_id=9bf48dee-5e3c-4bef-b2d9-1b2aadfd6ac7	0.235	ok
1776705516082	ws	list_tree	root_id=workspace-b	8.763	ok
1776705516090	ws	list_tree	root_id=workspace-b	7.849	ok
1776705516098	ws	list_tree	root_id=workspace-b	8.127	ok
1776705516106	ws	list_tree	root_id=workspace-b	8.363	ok
1776705516116	ws	list_tree	root_id=workspace-b	9.293	ok
1776705516124	ws	list_tree	root_id=workspace-b	8.270	ok
1776705516133	ws	list_tree	root_id=workspace-b	8.436	ok
1776705516134	ws	begin_upload	root_id=workspace-b path=facturici/.git/hooks/applypatch-msg.sample size=478	0.555	ok
1776705516142	ws	list_tree	root_id=workspace-b	8.505	ok
1776705516150	ws	list_tree	root_id=workspace-b	8.134	ok
1776705516159	ws	list_tree	root_id=workspace-b	8.027	ok
1776705516167	ws	list_tree	root_id=workspace-b	8.624	ok
1776705516175	ws	list_tree	root_id=workspace-b	7.862	ok
1776705516185	ws	list_tree	root_id=workspace-b	9.285	ok
1776705516193	ws	list_tree	root_id=workspace-b	8.524	ok
1776705516194	ws	upload_chunk	transfer_id=b015532b-f3f1-4bc4-bc61-b6856b821458	0.153	ok
1776705516194	ws	end_upload	transfer_id=b015532b-f3f1-4bc4-bc61-b6856b821458	0.357	ok
1776705516202	ws	list_tree	root_id=workspace-b	7.971	ok
1776705516211	ws	list_tree	root_id=workspace-b	8.906	ok
1776705516220	ws	list_tree	root_id=workspace-b	8.569	ok
1776705516220	ws	begin_upload	root_id=workspace-b path=facturici/.git/hooks/fsmonitor-watchman.sample size=4726	0.354	ok
1776705516221	ws	upload_chunk	transfer_id=ded79995-65d3-44f9-9612-ac2cb892bdd9	0.064	ok
1776705516222	ws	end_upload	transfer_id=ded79995-65d3-44f9-9612-ac2cb892bdd9	0.248	ok
1776705516249	ws	list_tree	root_id=workspace-b	8.374	ok
1776705516258	ws	list_tree	root_id=workspace-b	8.953	ok
1776705516266	ws	list_tree	root_id=workspace-b	8.164	ok
1776705516275	ws	list_tree	root_id=workspace-b	8.405	ok
1776705516283	ws	list_tree	root_id=workspace-b	8.076	ok
1776705516291	ws	list_tree	root_id=workspace-b	7.941	ok
1776705516300	ws	list_tree	root_id=workspace-b	8.318	ok
1776705516300	ws	begin_upload	root_id=workspace-b path=facturici/.git/hooks/pre-receive.sample size=544	0.394	ok
1776705516309	ws	list_tree	root_id=workspace-b	8.348	ok
1776705516318	ws	list_tree	root_id=workspace-b	8.777	ok
1776705516326	ws	list_tree	root_id=workspace-b	8.130	ok
1776705516335	ws	list_tree	root_id=workspace-b	8.601	ok
1776705516343	ws	list_tree	root_id=workspace-b	7.857	ok
1776705516351	ws	list_tree	root_id=workspace-b	8.087	ok
1776705516359	ws	list_tree	root_id=workspace-b	8.364	ok
1776705516359	ws	upload_chunk	transfer_id=a9fcc41a-9d77-4954-b11c-513374691655	0.061	ok
1776705516360	ws	end_upload	transfer_id=a9fcc41a-9d77-4954-b11c-513374691655	0.313	ok
1776705516368	ws	list_tree	root_id=workspace-b	8.038	ok
1776705516377	ws	list_tree	root_id=workspace-b	8.755	ok
1776705516385	ws	list_tree	root_id=workspace-b	8.456	ok
1776705516386	ws	begin_upload	root_id=workspace-b path=facturici/.git/hooks/prepare-commit-msg.sample size=1492	0.307	ok
1776705516387	ws	upload_chunk	transfer_id=c1da321e-0dd2-4f85-8b4f-f4e0beab361d	0.065	ok
1776705516387	ws	end_upload	transfer_id=c1da321e-0dd2-4f85-8b4f-f4e0beab361d	0.214	ok
1776705516415	ws	list_tree	root_id=workspace-b	8.261	ok
1776705516423	ws	list_tree	root_id=workspace-b	7.926	ok
1776705516431	ws	list_tree	root_id=workspace-b	8.044	ok
1776705516440	ws	list_tree	root_id=workspace-b	8.604	ok
1776705516448	ws	list_tree	root_id=workspace-b	8.154	ok
1776705516458	ws	list_tree	root_id=workspace-b	9.265	ok
1776705516466	ws	list_tree	root_id=workspace-b	8.302	ok
1776705516467	ws	begin_upload	root_id=workspace-b path=facturici/.git/hooks/post-update.sample size=189	0.392	ok
1776705516475	ws	list_tree	root_id=workspace-b	8.440	ok
1776705516483	ws	list_tree	root_id=workspace-b	8.098	ok
1776705516492	ws	list_tree	root_id=workspace-b	8.042	ok
1776705516500	ws	list_tree	root_id=workspace-b	8.594	ok
1776705516509	ws	list_tree	root_id=workspace-b	8.148	ok
1776705516517	ws	list_tree	root_id=workspace-b	8.061	ok
1776705516525	ws	list_tree	root_id=workspace-b	8.450	ok
1776705516526	ws	upload_chunk	transfer_id=c14391b2-e513-47b4-9e43-deb9083c5fc6	0.053	ok
1776705516526	ws	end_upload	transfer_id=c14391b2-e513-47b4-9e43-deb9083c5fc6	0.295	ok
1776705516536	ws	list_tree	root_id=workspace-b	9.825	ok
1776705516544	ws	list_tree	root_id=workspace-b	8.306	ok
1776705516553	ws	list_tree	root_id=workspace-b	8.616	ok
1776705516554	ws	begin_upload	root_id=workspace-b path=facturici/.git/hooks/pre-merge-commit.sample size=416	0.334	ok
1776705516555	ws	upload_chunk	transfer_id=abf04ea6-db98-40a9-a6aa-c3223ec724f3	0.055	ok
1776705516555	ws	end_upload	transfer_id=abf04ea6-db98-40a9-a6aa-c3223ec724f3	0.225	ok
1776705516581	ws	list_tree	root_id=workspace-b	8.276	ok
1776705516589	ws	list_tree	root_id=workspace-b	7.897	ok
1776705516598	ws	list_tree	root_id=workspace-b	9.253	ok
1776705516607	ws	list_tree	root_id=workspace-b	8.537	ok
1776705516615	ws	list_tree	root_id=workspace-b	8.233	ok
1776705516624	ws	list_tree	root_id=workspace-b	7.932	ok
1776705516632	ws	list_tree	root_id=workspace-b	8.362	ok
1776705516633	ws	begin_upload	root_id=workspace-b path=facturici/.git/hooks/pre-applypatch.sample size=424	0.602	ok
1776705516641	ws	list_tree	root_id=workspace-b	8.492	ok
1776705516650	ws	list_tree	root_id=workspace-b	8.042	ok
1776705516658	ws	list_tree	root_id=workspace-b	8.127	ok
1776705516666	ws	list_tree	root_id=workspace-b	8.485	ok
1776705516676	ws	list_tree	root_id=workspace-b	9.321	ok
1776705516684	ws	list_tree	root_id=workspace-b	8.296	ok
1776705516693	ws	list_tree	root_id=workspace-b	8.422	ok
1776705516693	ws	upload_chunk	transfer_id=3ce76ccd-6472-4ecd-9778-8523477622fe	0.068	ok
1776705516693	ws	end_upload	transfer_id=3ce76ccd-6472-4ecd-9778-8523477622fe	0.291	ok
1776705516702	ws	list_tree	root_id=workspace-b	8.229	ok
1776705516710	ws	list_tree	root_id=workspace-b	8.245	ok
1776705516719	ws	list_tree	root_id=workspace-b	8.448	ok
1776705516719	ws	begin_upload	root_id=workspace-b path=facturici/.git/hooks/pre-push.sample size=1374	0.337	ok
1776705516720	ws	upload_chunk	transfer_id=d6b06a20-254b-497c-9771-c0632ae7245e	0.057	ok
1776705516720	ws	end_upload	transfer_id=d6b06a20-254b-497c-9771-c0632ae7245e	0.209	ok
1776705516749	ws	list_tree	root_id=workspace-b	8.424	ok
1776705516757	ws	list_tree	root_id=workspace-b	7.949	ok
1776705516765	ws	list_tree	root_id=workspace-b	8.062	ok
1776705516774	ws	list_tree	root_id=workspace-b	8.687	ok
1776705516782	ws	list_tree	root_id=workspace-b	8.541	ok
1776705516790	ws	list_tree	root_id=workspace-b	8.083	ok
1776705516799	ws	list_tree	root_id=workspace-b	8.752	ok
1776705516800	ws	begin_upload	root_id=workspace-b path=facturici/.git/hooks/update.sample size=3650	0.370	ok
1776705516809	ws	list_tree	root_id=workspace-b	9.145	ok
1776705516818	ws	list_tree	root_id=workspace-b	8.398	ok
1776705516826	ws	list_tree	root_id=workspace-b	8.319	ok
1776705516834	ws	list_tree	root_id=workspace-b	8.133	ok
1776705516842	ws	list_tree	root_id=workspace-b	7.891	ok
1776705516851	ws	list_tree	root_id=workspace-b	8.393	ok
1776705516859	ws	list_tree	root_id=workspace-b	8.043	ok
1776705516859	ws	upload_chunk	transfer_id=f5c8a8b6-5dc8-41ce-ae26-6bcad3f66bf4	0.125	ok
1776705516860	ws	end_upload	transfer_id=f5c8a8b6-5dc8-41ce-ae26-6bcad3f66bf4	0.310	ok
1776705516868	ws	list_tree	root_id=workspace-b	8.736	ok
1776705516877	ws	list_tree	root_id=workspace-b	7.970	ok
1776705516885	ws	list_tree	root_id=workspace-b	7.852	ok
1776705516920	ws	begin_upload	root_id=workspace-b path=facturici/.git/hooks/push-to-checkout.sample size=2783	0.380	ok
1776705516922	ws	upload_chunk	transfer_id=cd9fe7d6-0b1f-478d-a235-2f52932fb043	0.057	ok
1776705516922	ws	end_upload	transfer_id=cd9fe7d6-0b1f-478d-a235-2f52932fb043	0.217	ok
1776705516975	ws	list_tree	root_id=workspace-b	8.453	ok
1776705516984	ws	list_tree	root_id=workspace-b	8.124	ok
1776705516992	ws	list_tree	root_id=workspace-b	8.096	ok
1776705517002	ws	list_tree	root_id=workspace-b	9.762	ok
1776705517010	ws	list_tree	root_id=workspace-b	8.312	ok
1776705517018	ws	list_tree	root_id=workspace-b	7.990	ok
1776705517027	ws	list_tree	root_id=workspace-b	8.181	ok
1776705517027	ws	begin_upload	root_id=workspace-b path=facturici/.git/refs/heads/main size=41	0.654	ok
1776705517036	ws	list_tree	root_id=workspace-b	8.691	ok
1776705517045	ws	list_tree	root_id=workspace-b	8.219	ok
1776705517053	ws	list_tree	root_id=workspace-b	8.369	ok
1776705517061	ws	list_tree	root_id=workspace-b	8.251	ok
1776705517071	ws	list_tree	root_id=workspace-b	9.554	ok
1776705517080	ws	list_tree	root_id=workspace-b	8.414	ok
1776705517088	ws	list_tree	root_id=workspace-b	8.284	ok
1776705517088	ws	upload_chunk	transfer_id=96952c94-f7ae-4d53-9eb6-af6ddf1ff47d	0.064	ok
1776705517089	ws	end_upload	transfer_id=96952c94-f7ae-4d53-9eb6-af6ddf1ff47d	0.293	ok
1776705517097	ws	list_tree	root_id=workspace-b	8.086	ok
1776705517105	ws	list_tree	root_id=workspace-b	8.487	ok
1776705517114	ws	list_tree	root_id=workspace-b	8.193	ok
1776705517114	ws	begin_upload	root_id=workspace-b path=facturici/.git/refs/remotes/origin/HEAD size=30	0.325	ok
1776705517115	ws	upload_chunk	transfer_id=3c69347d-fdd4-4c7b-a64b-073a859e9800	0.056	ok
1776705517116	ws	end_upload	transfer_id=3c69347d-fdd4-4c7b-a64b-073a859e9800	0.225	ok
1776705517140	ws	list_tree	root_id=workspace-b	9.281	ok
1776705517140	ws	begin_upload	root_id=workspace-b path=facturici/.git/refs/remotes/origin/main size=41	0.433	ok
1776705517141	ws	upload_chunk	transfer_id=8d0f2511-dd8e-4298-ac91-4dd529cebd0f	0.059	ok
1776705517141	ws	end_upload	transfer_id=8d0f2511-dd8e-4298-ac91-4dd529cebd0f	0.220	ok
1776705517167	ws	list_tree	root_id=workspace-b	8.400	ok
1776705517175	ws	list_tree	root_id=workspace-b	8.220	ok
1776705517184	ws	list_tree	root_id=workspace-b	8.591	ok
1776705517193	ws	list_tree	root_id=workspace-b	8.620	ok
1776705517201	ws	list_tree	root_id=workspace-b	8.238	ok
1776705517211	ws	list_tree	root_id=workspace-b	9.504	ok
1776705517219	ws	list_tree	root_id=workspace-b	8.211	ok
1776705517227	ws	list_tree	root_id=workspace-b	8.417	ok
1776705517236	ws	list_tree	root_id=workspace-b	8.169	ok
1776705517244	ws	list_tree	root_id=workspace-b	8.173	ok
1776705517253	ws	list_tree	root_id=workspace-b	8.376	ok
1776705517261	ws	list_tree	root_id=workspace-b	7.987	ok
1776705517269	ws	list_tree	root_id=workspace-b	8.098	ok
1776705517270	ws	begin_upload	root_id=workspace-b path=facturici/.git/index size=19130	0.374	ok
1776705517278	ws	list_tree	root_id=workspace-b	8.786	ok
1776705517288	ws	list_tree	root_id=workspace-b	9.778	ok
1776705517297	ws	list_tree	root_id=workspace-b	8.375	ok
1776705517305	ws	list_tree	root_id=workspace-b	8.356	ok
1776705517314	ws	list_tree	root_id=workspace-b	8.028	ok
1776705517322	ws	list_tree	root_id=workspace-b	7.897	ok
1776705517330	ws	list_tree	root_id=workspace-b	8.655	ok
1776705517331	ws	upload_chunk	transfer_id=6f4b3ed3-f41a-4f33-b382-16ea723e380c	0.092	ok
1776705517332	ws	end_upload	transfer_id=6f4b3ed3-f41a-4f33-b382-16ea723e380c	1.249	ok
1776705517340	ws	list_tree	root_id=workspace-b	8.086	ok
1776705517350	ws	list_tree	root_id=workspace-b	9.419	ok
1776705517358	ws	list_tree	root_id=workspace-b	8.590	ok
1776705517359	ws	begin_upload	root_id=workspace-b path=facturici/.git/packed-refs size=112	0.322	ok
1776705517360	ws	upload_chunk	transfer_id=2388e3ec-2cf4-4835-bb5d-d674648e4131	0.072	ok
1776705517360	ws	end_upload	transfer_id=2388e3ec-2cf4-4835-bb5d-d674648e4131	0.240	ok
1776705517387	ws	list_tree	root_id=workspace-b	8.251	ok
1776705517395	ws	list_tree	root_id=workspace-b	8.308	ok
1776705517403	ws	list_tree	root_id=workspace-b	8.188	ok
1776705517412	ws	list_tree	root_id=workspace-b	8.636	ok
1776705517422	ws	list_tree	root_id=workspace-b	9.394	ok
1776705517430	ws	list_tree	root_id=workspace-b	8.401	ok
1776705517439	ws	list_tree	root_id=workspace-b	8.353	ok
1776705517439	ws	begin_upload	root_id=workspace-b path=facturici/.git/COMMIT_EDITMSG size=7	0.420	ok
1776705517448	ws	list_tree	root_id=workspace-b	8.758	ok
1776705517456	ws	list_tree	root_id=workspace-b	8.109	ok
1776705517465	ws	list_tree	root_id=workspace-b	8.562	ok
1776705517473	ws	list_tree	root_id=workspace-b	8.015	ok
1776705517481	ws	list_tree	root_id=workspace-b	7.989	ok
1776705517491	ws	list_tree	root_id=workspace-b	9.267	ok
1776705517499	ws	list_tree	root_id=workspace-b	8.266	ok
1776705517499	ws	upload_chunk	transfer_id=216d0e8e-0eeb-4dfe-8216-df750856f59a	0.081	ok
1776705517500	ws	end_upload	transfer_id=216d0e8e-0eeb-4dfe-8216-df750856f59a	0.292	ok
1776705517508	ws	list_tree	root_id=workspace-b	8.450	ok
1776705517517	ws	list_tree	root_id=workspace-b	8.662	ok
1776705517526	ws	list_tree	root_id=workspace-b	8.237	ok
1776705517526	ws	begin_upload	root_id=workspace-b path=facturici/.git/FETCH_HEAD size=92	0.409	ok
1776705517527	ws	upload_chunk	transfer_id=6f2222db-6623-4e2c-afd7-58e71aa3e094	0.061	ok
1776705517527	ws	end_upload	transfer_id=6f2222db-6623-4e2c-afd7-58e71aa3e094	0.269	ok
1776705517549	ws	list_tree	root_id=workspace-b	8.467	ok
1776705517580	ws	list_tree	root_id=workspace-b	9.145	ok
1776705517588	ws	list_tree	root_id=workspace-b	8.061	ok
1776705517596	ws	list_tree	root_id=workspace-b	8.182	ok
1776705517605	ws	list_tree	root_id=workspace-b	8.559	ok
1776705517614	ws	list_tree	root_id=workspace-b	8.384	ok
1776705517622	ws	list_tree	root_id=workspace-b	8.317	ok
1776705517631	ws	list_tree	root_id=workspace-b	8.734	ok
1776705517640	ws	list_tree	root_id=workspace-b	9.247	ok
1776705517649	ws	list_tree	root_id=workspace-b	8.109	ok
1776705517657	ws	list_tree	root_id=workspace-b	8.589	ok
1776705517666	ws	list_tree	root_id=workspace-b	8.309	ok
1776705517674	ws	list_tree	root_id=workspace-b	7.923	ok
1776705517683	ws	list_tree	root_id=workspace-b	9.376	ok
1776705528055	ws	list	root_id=workspace-b path=	1.436	ok
1776705529011	ws	list	root_id=workspace-b path=facturici	1.870	ok
1776705530179	ws	list	root_id=workspace-b path=facturici/2024	0.643	ok
1776705531114	ws	list	root_id=workspace-b path=facturici/2024/februarie	1.382	ok
1776705560165	ws	list	root_id=workspace-b path=facturici/2024/ianuarie	2.075	ok
1776705561577	ws	list	root_id=workspace-b path=facturici	1.183	ok
1776705568540	ws	remove	root_id=workspace-b path=facturici	84.275	ok
1776705568548	ws	list	root_id=workspace-b path=facturici	0.369	err
1776705568549	ws	list_tree	root_id=workspace-b	0.867	ok
1776705568550	ws	list	root_id=workspace-b path=facturici	0.076	err
1776705568585	ws	list	root_id=workspace-b path=	0.327	ok
1776705568598	ws	list_tree	root_id=workspace-b	1.671	ok
1776705568598	ws	list	root_id=workspace-b path=	0.442	ok
1776705568599	ws	list_tree	root_id=workspace-b	0.473	ok
1776705568599	ws	list	root_id=workspace-b path=	0.448	ok
1776705568600	ws	list_tree	root_id=workspace-b	0.839	ok
1776705568601	ws	list	root_id=workspace-b path=	0.223	ok
1776705568601	ws	list_tree	root_id=workspace-b	0.364	ok
1776705568602	ws	list	root_id=workspace-b path=	0.287	ok
1776705568602	ws	list_tree	root_id=workspace-b	0.321	ok
1776705568602	ws	list	root_id=workspace-b path=	0.219	ok
1776705568603	ws	list_tree	root_id=workspace-b	0.382	ok
1776705568603	ws	list	root_id=workspace-b path=	0.387	ok
1776705568603	ws	list_tree	root_id=workspace-b	0.302	ok
1776705568604	ws	list	root_id=workspace-b path=	0.244	ok
1776705568604	ws	list_tree	root_id=workspace-b	0.328	ok
1776705568604	ws	list	root_id=workspace-b path=	0.148	ok
1776705568605	ws	list_tree	root_id=workspace-b	0.377	ok
1776705568605	ws	list	root_id=workspace-b path=	0.156	ok
1776705568605	ws	list_tree	root_id=workspace-b	0.289	ok
1776705568605	ws	list	root_id=workspace-b path=	0.140	ok
1776705568606	ws	list_tree	root_id=workspace-b	0.281	ok
1776705568606	ws	list	root_id=workspace-b path=	0.138	ok
1776705568606	ws	list_tree	root_id=workspace-b	0.256	ok
1776705568606	ws	list	root_id=workspace-b path=	0.148	ok
1776705568607	ws	list_tree	root_id=workspace-b	0.258	ok
1776705568607	ws	list	root_id=workspace-b path=	0.126	ok
1776705568607	ws	list_tree	root_id=workspace-b	0.289	ok
1776705568607	ws	list	root_id=workspace-b path=	0.154	ok
1776705568608	ws	list_tree	root_id=workspace-b	0.268	ok
1776705568608	ws	list	root_id=workspace-b path=	0.158	ok
1776705568608	ws	list_tree	root_id=workspace-b	0.297	ok
1776705568608	ws	list	root_id=workspace-b path=	0.157	ok
1776705568609	ws	list_tree	root_id=workspace-b	0.256	ok
1776705568609	ws	list	root_id=workspace-b path=	0.146	ok
1776705568609	ws	list_tree	root_id=workspace-b	0.267	ok
1776705568609	ws	list	root_id=workspace-b path=	0.161	ok
1776705568610	ws	list_tree	root_id=workspace-b	0.257	ok
1776705568610	ws	list	root_id=workspace-b path=	0.161	ok
1776705568610	ws	list_tree	root_id=workspace-b	0.262	ok
1776705568610	ws	list	root_id=workspace-b path=	0.270	ok
1776705568611	ws	list_tree	root_id=workspace-b	0.352	ok
1776705568611	ws	list	root_id=workspace-b path=	0.167	ok
1776705568611	ws	list_tree	root_id=workspace-b	0.258	ok
1776705568611	ws	list	root_id=workspace-b path=	0.129	ok
1776705568612	ws	list_tree	root_id=workspace-b	0.258	ok
1776705568612	ws	list	root_id=workspace-b path=	0.177	ok
1776705568612	ws	list_tree	root_id=workspace-b	0.290	ok
1776705568612	ws	list	root_id=workspace-b path=	0.136	ok
1776705568613	ws	list_tree	root_id=workspace-b	0.251	ok
1776705568613	ws	list	root_id=workspace-b path=	0.133	ok
1776705568613	ws	list_tree	root_id=workspace-b	0.257	ok
1776705568613	ws	list	root_id=workspace-b path=	0.165	ok
1776705568614	ws	list_tree	root_id=workspace-b	0.257	ok
1776705568614	ws	list	root_id=workspace-b path=	0.149	ok
1776705568614	ws	list_tree	root_id=workspace-b	0.257	ok
1776705568614	ws	list	root_id=workspace-b path=	0.153	ok
1776705568615	ws	list_tree	root_id=workspace-b	0.259	ok
1776705568615	ws	list	root_id=workspace-b path=	0.158	ok
1776705568615	ws	list_tree	root_id=workspace-b	0.248	ok
1776705568615	ws	list	root_id=workspace-b path=	0.147	ok
1776705568616	ws	list_tree	root_id=workspace-b	0.322	ok
1776705568616	ws	list	root_id=workspace-b path=	0.143	ok
1776705568616	ws	list_tree	root_id=workspace-b	0.253	ok
1776705568616	ws	list	root_id=workspace-b path=	0.136	ok
1776705568617	ws	list_tree	root_id=workspace-b	0.259	ok
1776705568617	ws	list	root_id=workspace-b path=	0.888	ok
1776705568618	ws	list_tree	root_id=workspace-b	0.384	ok
1776705568618	ws	list	root_id=workspace-b path=	0.210	ok
1776705568619	ws	list_tree	root_id=workspace-b	0.282	ok
1776705568619	ws	list	root_id=workspace-b path=	0.128	ok
1776705568619	ws	list_tree	root_id=workspace-b	0.278	ok
1776705568619	ws	list	root_id=workspace-b path=	0.152	ok
1776705568619	ws	list_tree	root_id=workspace-b	0.257	ok
1776705568620	ws	list	root_id=workspace-b path=	0.124	ok
1776705568620	ws	list_tree	root_id=workspace-b	0.300	ok
1776705568620	ws	list	root_id=workspace-b path=	0.142	ok
1776705568620	ws	list_tree	root_id=workspace-b	0.246	ok
1776705568621	ws	list	root_id=workspace-b path=	0.119	ok
1776705568621	ws	list_tree	root_id=workspace-b	0.261	ok
1776705568621	ws	list	root_id=workspace-b path=	0.148	ok
1776705568621	ws	list_tree	root_id=workspace-b	0.270	ok
1776705568622	ws	list	root_id=workspace-b path=	0.137	ok
1776705568622	ws	list_tree	root_id=workspace-b	0.265	ok
1776705568622	ws	list	root_id=workspace-b path=	0.143	ok
1776705568622	ws	list_tree	root_id=workspace-b	0.262	ok
1776705568622	ws	list	root_id=workspace-b path=	0.139	ok
1776705568623	ws	list_tree	root_id=workspace-b	0.248	ok
1776705568623	ws	list	root_id=workspace-b path=	0.119	ok
1776705568623	ws	list_tree	root_id=workspace-b	0.264	ok
1776705568623	ws	list	root_id=workspace-b path=	0.113	ok
1776705568624	ws	list_tree	root_id=workspace-b	0.245	ok
1776705568624	ws	list	root_id=workspace-b path=	0.134	ok
1776705568624	ws	list_tree	root_id=workspace-b	0.277	ok
1776705568624	ws	list	root_id=workspace-b path=	0.123	ok
1776705568625	ws	list_tree	root_id=workspace-b	0.276	ok
1776705568625	ws	list	root_id=workspace-b path=	0.142	ok
1776705568625	ws	list_tree	root_id=workspace-b	0.276	ok
1776705568625	ws	list	root_id=workspace-b path=	0.126	ok
1776705568626	ws	list_tree	root_id=workspace-b	0.285	ok
1776705568626	ws	list	root_id=workspace-b path=	0.140	ok
1776705568626	ws	list_tree	root_id=workspace-b	0.273	ok
1776705568626	ws	list	root_id=workspace-b path=	0.174	ok
1776705568627	ws	list_tree	root_id=workspace-b	0.430	ok
1776705568627	ws	list	root_id=workspace-b path=	0.132	ok
1776705568627	ws	list_tree	root_id=workspace-b	0.262	ok
1776705568627	ws	list	root_id=workspace-b path=	0.128	ok
1776705568628	ws	list_tree	root_id=workspace-b	0.259	ok
1776705568628	ws	list	root_id=workspace-b path=	0.140	ok
1776705568628	ws	list_tree	root_id=workspace-b	0.260	ok
1776705568628	ws	list	root_id=workspace-b path=	0.123	ok
1776705568629	ws	list_tree	root_id=workspace-b	0.270	ok
1776705568629	ws	list	root_id=workspace-b path=	0.128	ok
1776705568629	ws	list_tree	root_id=workspace-b	0.250	ok
1776705568629	ws	list	root_id=workspace-b path=	0.138	ok
1776705568629	ws	list_tree	root_id=workspace-b	0.248	ok
1776705568630	ws	list	root_id=workspace-b path=	0.142	ok
1776705568630	ws	list_tree	root_id=workspace-b	0.275	ok
1776705568630	ws	list	root_id=workspace-b path=	0.142	ok
1776705568630	ws	list_tree	root_id=workspace-b	0.260	ok
1776705568631	ws	list	root_id=workspace-b path=	0.139	ok
1776705568631	ws	list_tree	root_id=workspace-b	0.256	ok
1776705568631	ws	list	root_id=workspace-b path=	0.119	ok
1776705568631	ws	list_tree	root_id=workspace-b	0.269	ok
1776705568631	ws	list	root_id=workspace-b path=	0.129	ok
1776705568632	ws	list_tree	root_id=workspace-b	0.255	ok
1776705568632	ws	list	root_id=workspace-b path=	0.134	ok
1776705568632	ws	list_tree	root_id=workspace-b	0.252	ok
1776705568632	ws	list	root_id=workspace-b path=	0.138	ok
1776705568633	ws	list_tree	root_id=workspace-b	0.261	ok
1776705568633	ws	list	root_id=workspace-b path=	0.143	ok
1776705568633	ws	list_tree	root_id=workspace-b	0.253	ok
1776705568633	ws	list	root_id=workspace-b path=	0.140	ok
1776705568634	ws	list_tree	root_id=workspace-b	0.268	ok
1776705568634	ws	list	root_id=workspace-b path=	0.120	ok
1776705568634	ws	list_tree	root_id=workspace-b	0.245	ok
1776705568634	ws	list	root_id=workspace-b path=	0.156	ok
1776705568635	ws	list_tree	root_id=workspace-b	0.265	ok
1776705568635	ws	list	root_id=workspace-b path=	0.124	ok
1776705568635	ws	list_tree	root_id=workspace-b	0.247	ok
1776705568635	ws	list	root_id=workspace-b path=	0.138	ok
1776705568635	ws	list_tree	root_id=workspace-b	0.272	ok
1776705568636	ws	list	root_id=workspace-b path=	0.152	ok
1776705568636	ws	list_tree	root_id=workspace-b	0.337	ok
1776705568636	ws	list	root_id=workspace-b path=	0.219	ok
1776705568637	ws	list_tree	root_id=workspace-b	0.304	ok
1776705568637	ws	list	root_id=workspace-b path=	0.126	ok
1776705568637	ws	list_tree	root_id=workspace-b	0.284	ok
1776705568637	ws	list	root_id=workspace-b path=	0.129	ok
1776705568638	ws	list_tree	root_id=workspace-b	0.255	ok
1776705568638	ws	list	root_id=workspace-b path=	0.127	ok
1776705568638	ws	list_tree	root_id=workspace-b	0.273	ok
1776705568638	ws	list	root_id=workspace-b path=	0.151	ok
1776705568639	ws	list_tree	root_id=workspace-b	0.277	ok
1776705568639	ws	list	root_id=workspace-b path=	0.132	ok
1776705568639	ws	list_tree	root_id=workspace-b	0.259	ok
1776705568639	ws	list	root_id=workspace-b path=	0.150	ok
1776705568640	ws	list_tree	root_id=workspace-b	0.266	ok
1776705568640	ws	list	root_id=workspace-b path=	0.138	ok
1776705568640	ws	list_tree	root_id=workspace-b	0.268	ok
1776705568640	ws	list	root_id=workspace-b path=	0.120	ok
1776705568640	ws	list_tree	root_id=workspace-b	0.256	ok
1776705568641	ws	list	root_id=workspace-b path=	0.133	ok
1776705568641	ws	list_tree	root_id=workspace-b	0.253	ok
1776705568641	ws	list	root_id=workspace-b path=	0.132	ok
1776705568641	ws	list_tree	root_id=workspace-b	0.288	ok
1776705568642	ws	list	root_id=workspace-b path=	0.132	ok
1776705568642	ws	list_tree	root_id=workspace-b	0.277	ok
1776705568642	ws	list	root_id=workspace-b path=	0.154	ok
1776705568642	ws	list_tree	root_id=workspace-b	0.257	ok
1776705568642	ws	list	root_id=workspace-b path=	0.134	ok
1776705568643	ws	list_tree	root_id=workspace-b	0.247	ok
1776705568643	ws	list	root_id=workspace-b path=	0.191	ok
1776705568643	ws	list_tree	root_id=workspace-b	0.331	ok
1776705568644	ws	list	root_id=workspace-b path=	0.153	ok
1776705568644	ws	list_tree	root_id=workspace-b	0.321	ok
1776705568644	ws	list	root_id=workspace-b path=	0.142	ok
1776705568644	ws	list_tree	root_id=workspace-b	0.261	ok
1776705568645	ws	list	root_id=workspace-b path=	0.159	ok
1776705568645	ws	list_tree	root_id=workspace-b	0.257	ok
1776705568645	ws	list	root_id=workspace-b path=	0.135	ok
1776705568645	ws	list_tree	root_id=workspace-b	0.263	ok
1776705568645	ws	list	root_id=workspace-b path=	0.125	ok
1776705568646	ws	list_tree	root_id=workspace-b	0.299	ok
1776705568646	ws	list	root_id=workspace-b path=	0.121	ok
1776705568646	ws	list_tree	root_id=workspace-b	0.258	ok
1776705568646	ws	list	root_id=workspace-b path=	0.144	ok
1776705568647	ws	list_tree	root_id=workspace-b	0.260	ok
1776705568647	ws	list	root_id=workspace-b path=	0.143	ok
1776705568647	ws	list_tree	root_id=workspace-b	0.325	ok
1776705568647	ws	list	root_id=workspace-b path=	0.150	ok
1776705568648	ws	list_tree	root_id=workspace-b	0.264	ok
1776705568648	ws	list	root_id=workspace-b path=	0.125	ok
1776705568648	ws	list_tree	root_id=workspace-b	0.255	ok
1776705568648	ws	list	root_id=workspace-b path=	0.122	ok
1776705568649	ws	list_tree	root_id=workspace-b	0.252	ok
1776705568649	ws	list	root_id=workspace-b path=	0.116	ok
1776705568649	ws	list_tree	root_id=workspace-b	0.248	ok
1776705568649	ws	list	root_id=workspace-b path=	0.149	ok
1776705568659	ws	list_tree	root_id=workspace-b	1.535	ok
1776705568659	ws	list	root_id=workspace-b path=	0.654	ok
1776705568661	ws	list_tree	root_id=workspace-b	1.313	ok
1776705568662	ws	list	root_id=workspace-b path=	0.717	ok
1776705568662	ws	list_tree	root_id=workspace-b	0.482	ok
1776705568663	ws	list	root_id=workspace-b path=	0.244	ok
1776705568663	ws	list_tree	root_id=workspace-b	0.652	ok
1776705568664	ws	list	root_id=workspace-b path=	0.196	ok
1776705568664	ws	list_tree	root_id=workspace-b	0.423	ok
1776705568664	ws	list	root_id=workspace-b path=	0.158	ok
1776705568665	ws	list_tree	root_id=workspace-b	0.345	ok
1776705568665	ws	list	root_id=workspace-b path=	0.166	ok
1776705568665	ws	list_tree	root_id=workspace-b	0.275	ok
1776705568665	ws	list	root_id=workspace-b path=	0.138	ok
1776705568666	ws	list_tree	root_id=workspace-b	0.259	ok
1776705568666	ws	list	root_id=workspace-b path=	0.134	ok
1776705568666	ws	list_tree	root_id=workspace-b	0.267	ok
1776705568666	ws	list	root_id=workspace-b path=	0.139	ok
1776705568667	ws	list_tree	root_id=workspace-b	0.277	ok
1776705568667	ws	list	root_id=workspace-b path=	0.131	ok
1776705568667	ws	list_tree	root_id=workspace-b	0.266	ok
1776705568667	ws	list	root_id=workspace-b path=	0.149	ok
1776705568668	ws	list_tree	root_id=workspace-b	0.252	ok
1776705568668	ws	list	root_id=workspace-b path=	0.133	ok
1776705568668	ws	list_tree	root_id=workspace-b	0.344	ok
1776705568668	ws	list	root_id=workspace-b path=	0.177	ok
1776705568669	ws	list_tree	root_id=workspace-b	0.367	ok
1776705568670	ws	list	root_id=workspace-b path=	1.025	ok
1776705568670	ws	list_tree	root_id=workspace-b	0.451	ok
1776705568671	ws	list	root_id=workspace-b path=	0.197	ok
1776705568671	ws	list_tree	root_id=workspace-b	0.366	ok
1776705568671	ws	list	root_id=workspace-b path=	0.183	ok
1776705568672	ws	list_tree	root_id=workspace-b	0.300	ok
1776705568672	ws	list	root_id=workspace-b path=	0.158	ok
1776705568672	ws	list_tree	root_id=workspace-b	0.273	ok
1776705568672	ws	list	root_id=workspace-b path=	0.178	ok
1776705568673	ws	list_tree	root_id=workspace-b	0.288	ok
1776705568673	ws	list	root_id=workspace-b path=	0.152	ok
1776705568673	ws	list_tree	root_id=workspace-b	0.267	ok
1776705568673	ws	list	root_id=workspace-b path=	0.176	ok
1776705568674	ws	list_tree	root_id=workspace-b	0.265	ok
1776705568674	ws	list	root_id=workspace-b path=	0.157	ok
1776705568674	ws	list_tree	root_id=workspace-b	0.270	ok
1776705568674	ws	list	root_id=workspace-b path=	0.161	ok
1776705568675	ws	list_tree	root_id=workspace-b	0.245	ok
1776705568675	ws	list	root_id=workspace-b path=	0.151	ok
1776705568675	ws	list_tree	root_id=workspace-b	0.275	ok
1776705568675	ws	list	root_id=workspace-b path=	0.143	ok
1776705568676	ws	list_tree	root_id=workspace-b	0.277	ok
1776705568676	ws	list	root_id=workspace-b path=	0.143	ok
1776705568676	ws	list_tree	root_id=workspace-b	0.343	ok
1776705568676	ws	list	root_id=workspace-b path=	0.138	ok
1776705568677	ws	list_tree	root_id=workspace-b	0.263	ok
1776705568677	ws	list	root_id=workspace-b path=	0.151	ok
1776705568677	ws	list_tree	root_id=workspace-b	0.264	ok
1776705568677	ws	list	root_id=workspace-b path=	0.226	ok
1776705568678	ws	list_tree	root_id=workspace-b	0.326	ok
1776705568678	ws	list	root_id=workspace-b path=	0.162	ok
1776705568678	ws	list_tree	root_id=workspace-b	0.293	ok
1776705568679	ws	list	root_id=workspace-b path=	0.205	ok
1776705568679	ws	list_tree	root_id=workspace-b	0.288	ok
1776705568679	ws	list	root_id=workspace-b path=	0.168	ok
1776705568679	ws	list_tree	root_id=workspace-b	0.290	ok
1776705568680	ws	list	root_id=workspace-b path=	0.181	ok
1776705568680	ws	list_tree	root_id=workspace-b	0.297	ok
1776705568680	ws	list	root_id=workspace-b path=	0.171	ok
1776705568681	ws	list_tree	root_id=workspace-b	0.288	ok
1776705568681	ws	list	root_id=workspace-b path=	0.167	ok
1776705568681	ws	list_tree	root_id=workspace-b	0.281	ok
1776705568681	ws	list	root_id=workspace-b path=	0.152	ok
1776705568682	ws	list_tree	root_id=workspace-b	0.286	ok
1776705568682	ws	list	root_id=workspace-b path=	0.147	ok
1776705568682	ws	list_tree	root_id=workspace-b	0.279	ok
1776705568682	ws	list	root_id=workspace-b path=	0.142	ok
1776705568683	ws	list_tree	root_id=workspace-b	0.283	ok
1776705568683	ws	list	root_id=workspace-b path=	0.154	ok
1776705568683	ws	list_tree	root_id=workspace-b	0.289	ok
1776705568683	ws	list	root_id=workspace-b path=	0.161	ok
1776705568684	ws	list_tree	root_id=workspace-b	0.382	ok
1776705568684	ws	list	root_id=workspace-b path=	0.151	ok
1776705568684	ws	list_tree	root_id=workspace-b	0.279	ok
1776705568684	ws	list	root_id=workspace-b path=	0.148	ok
1776705568685	ws	list_tree	root_id=workspace-b	0.291	ok
1776705568685	ws	list	root_id=workspace-b path=	0.237	ok
1776705568685	ws	list_tree	root_id=workspace-b	0.464	ok
1776705568686	ws	list	root_id=workspace-b path=	0.262	ok
1776705568686	ws	list_tree	root_id=workspace-b	0.328	ok
1776705568686	ws	list	root_id=workspace-b path=	0.272	ok
1776705568687	ws	list_tree	root_id=workspace-b	0.390	ok
1776705568687	ws	list	root_id=workspace-b path=	0.156	ok
1776705568687	ws	list_tree	root_id=workspace-b	0.354	ok
1776705568688	ws	list	root_id=workspace-b path=	0.300	ok
1776705568688	ws	list_tree	root_id=workspace-b	0.351	ok
1776705568688	ws	list	root_id=workspace-b path=	0.147	ok
1776705568689	ws	list_tree	root_id=workspace-b	0.337	ok
1776705568689	ws	list	root_id=workspace-b path=	0.124	ok
1776705568689	ws	list_tree	root_id=workspace-b	0.294	ok
1776705568690	ws	list	root_id=workspace-b path=	0.300	ok
1776705568690	ws	list_tree	root_id=workspace-b	0.328	ok
1776705568691	ws	list	root_id=workspace-b path=	0.444	ok
1776705568691	ws	list_tree	root_id=workspace-b	0.373	ok
1776705568691	ws	list	root_id=workspace-b path=	0.161	ok
1776705568691	ws	list_tree	root_id=workspace-b	0.281	ok
1776705568692	ws	list	root_id=workspace-b path=	0.141	ok
1776705568692	ws	list_tree	root_id=workspace-b	0.282	ok
1776705568692	ws	list	root_id=workspace-b path=	0.121	ok
1776705568692	ws	list_tree	root_id=workspace-b	0.305	ok
1776705568693	ws	list	root_id=workspace-b path=	0.120	ok
1776705568694	ws	list_tree	root_id=workspace-b	1.079	ok
1776705568694	ws	list	root_id=workspace-b path=	0.434	ok
1776705568695	ws	list_tree	root_id=workspace-b	0.658	ok
1776705568696	ws	list	root_id=workspace-b path=	0.154	ok
1776705568696	ws	list_tree	root_id=workspace-b	0.295	ok
1776705568696	ws	list	root_id=workspace-b path=	0.149	ok
1776705568697	ws	list_tree	root_id=workspace-b	0.280	ok
1776705568697	ws	list	root_id=workspace-b path=	0.154	ok
1776705568697	ws	list_tree	root_id=workspace-b	0.266	ok
1776705568697	ws	list	root_id=workspace-b path=	0.160	ok
1776705568698	ws	list_tree	root_id=workspace-b	0.272	ok
1776705568698	ws	list	root_id=workspace-b path=	0.124	ok
1776705568698	ws	list_tree	root_id=workspace-b	0.262	ok
1776705568698	ws	list	root_id=workspace-b path=	0.138	ok
1776705568698	ws	list_tree	root_id=workspace-b	0.270	ok
1776705568699	ws	list	root_id=workspace-b path=	0.109	ok
1776705568699	ws	list_tree	root_id=workspace-b	0.250	ok
1776705568699	ws	list	root_id=workspace-b path=	0.096	ok
1776705568699	ws	list_tree	root_id=workspace-b	0.260	ok
1776705568699	ws	list	root_id=workspace-b path=	0.096	ok
1776705568700	ws	list_tree	root_id=workspace-b	0.245	ok
1776705568700	ws	list	root_id=workspace-b path=	0.097	ok
1776705568700	ws	list_tree	root_id=workspace-b	0.243	ok
1776705568700	ws	list	root_id=workspace-b path=	0.107	ok
1776705568701	ws	list_tree	root_id=workspace-b	0.242	ok
1776705568701	ws	list	root_id=workspace-b path=	0.097	ok
1776705568701	ws	list_tree	root_id=workspace-b	0.244	ok
1776705568701	ws	list	root_id=workspace-b path=	0.091	ok
1776705568701	ws	list_tree	root_id=workspace-b	0.289	ok
1776705568702	ws	list	root_id=workspace-b path=	0.098	ok
1776705568702	ws	list_tree	root_id=workspace-b	0.248	ok
1776705568702	ws	list	root_id=workspace-b path=	0.117	ok
1776705568702	ws	list_tree	root_id=workspace-b	0.326	ok
1776705568703	ws	list	root_id=workspace-b path=	0.138	ok
1776705568703	ws	list_tree	root_id=workspace-b	0.302	ok
1776705568703	ws	list	root_id=workspace-b path=	0.192	ok
1776705568704	ws	list_tree	root_id=workspace-b	0.338	ok
1776705568704	ws	list	root_id=workspace-b path=	0.099	ok
1776705568704	ws	list_tree	root_id=workspace-b	0.259	ok
1776705568704	ws	list	root_id=workspace-b path=	0.113	ok
1776705568704	ws	list_tree	root_id=workspace-b	0.257	ok
1776705568705	ws	list	root_id=workspace-b path=	0.099	ok
1776705568705	ws	list_tree	root_id=workspace-b	0.241	ok
1776705568705	ws	list	root_id=workspace-b path=	0.099	ok
1776705568705	ws	list_tree	root_id=workspace-b	0.241	ok
1776705568705	ws	list	root_id=workspace-b path=	0.107	ok
1776705568706	ws	list_tree	root_id=workspace-b	0.261	ok
1776705568706	ws	list	root_id=workspace-b path=	0.098	ok
1776705568706	ws	list_tree	root_id=workspace-b	0.255	ok
1776705568706	ws	list	root_id=workspace-b path=	0.088	ok
1776705568706	ws	list_tree	root_id=workspace-b	0.257	ok
1776705568707	ws	list	root_id=workspace-b path=	0.126	ok
1776705568707	ws	list_tree	root_id=workspace-b	0.254	ok
1776705568707	ws	list	root_id=workspace-b path=	0.127	ok
1776705568707	ws	list_tree	root_id=workspace-b	0.254	ok
1776705568708	ws	list	root_id=workspace-b path=	0.125	ok
1776705568708	ws	list_tree	root_id=workspace-b	0.269	ok
1776705568708	ws	list	root_id=workspace-b path=	0.133	ok
1776705568708	ws	list_tree	root_id=workspace-b	0.255	ok
1776705568708	ws	list	root_id=workspace-b path=	0.146	ok
1776705568709	ws	list_tree	root_id=workspace-b	0.284	ok
1776705568709	ws	list	root_id=workspace-b path=	0.156	ok
1776705568709	ws	list_tree	root_id=workspace-b	0.258	ok
1776705568709	ws	list	root_id=workspace-b path=	0.134	ok
1776705568710	ws	list_tree	root_id=workspace-b	0.274	ok
1776705568710	ws	list	root_id=workspace-b path=	0.137	ok
1776705568710	ws	list_tree	root_id=workspace-b	0.298	ok
1776705568710	ws	list	root_id=workspace-b path=	0.158	ok
1776705568711	ws	list_tree	root_id=workspace-b	0.270	ok
1776705568711	ws	list	root_id=workspace-b path=	0.120	ok
1776705568711	ws	list_tree	root_id=workspace-b	0.253	ok
1776705568711	ws	list	root_id=workspace-b path=	0.140	ok
1776705568712	ws	list_tree	root_id=workspace-b	0.253	ok
1776705568712	ws	list	root_id=workspace-b path=	0.156	ok
1776705568712	ws	list_tree	root_id=workspace-b	0.278	ok
1776705568712	ws	list	root_id=workspace-b path=	0.181	ok
1776705568713	ws	list_tree	root_id=workspace-b	0.273	ok
1776705568713	ws	list	root_id=workspace-b path=	0.651	ok
1776705568714	ws	list_tree	root_id=workspace-b	0.383	ok
1776705568714	ws	list	root_id=workspace-b path=	0.151	ok
1776705568714	ws	list_tree	root_id=workspace-b	0.265	ok
1776705568714	ws	list	root_id=workspace-b path=	0.141	ok
1776705568715	ws	list_tree	root_id=workspace-b	0.256	ok
1776705568715	ws	list	root_id=workspace-b path=	0.135	ok
1776705568715	ws	list_tree	root_id=workspace-b	0.248	ok
1776705568715	ws	list	root_id=workspace-b path=	0.140	ok
1776705568716	ws	list_tree	root_id=workspace-b	0.271	ok
1776705568716	ws	list	root_id=workspace-b path=	0.131	ok
1776705568716	ws	list_tree	root_id=workspace-b	0.273	ok
1776705568716	ws	list	root_id=workspace-b path=	0.150	ok
1776705568717	ws	list_tree	root_id=workspace-b	0.264	ok
1776705568717	ws	list	root_id=workspace-b path=	0.143	ok
1776705568717	ws	list_tree	root_id=workspace-b	0.289	ok
1776705568717	ws	list	root_id=workspace-b path=	0.164	ok
1776705568718	ws	list_tree	root_id=workspace-b	0.260	ok
1776705568718	ws	list	root_id=workspace-b path=	0.181	ok
1776705568718	ws	list_tree	root_id=workspace-b	0.267	ok
1776705568718	ws	list	root_id=workspace-b path=	0.213	ok
1776705568719	ws	list_tree	root_id=workspace-b	0.283	ok
1776705568719	ws	list	root_id=workspace-b path=	0.162	ok
1776705568719	ws	list_tree	root_id=workspace-b	0.295	ok
1776705568719	ws	list	root_id=workspace-b path=	0.201	ok
1776705568720	ws	list_tree	root_id=workspace-b	0.329	ok
1776705568720	ws	list	root_id=workspace-b path=	0.292	ok
1776705568721	ws	list_tree	root_id=workspace-b	0.481	ok
1776705568721	ws	list	root_id=workspace-b path=	0.200	ok
1776705568721	ws	list_tree	root_id=workspace-b	0.348	ok
1776705568722	ws	list	root_id=workspace-b path=	0.219	ok
1776705568722	ws	list_tree	root_id=workspace-b	0.302	ok
1776705568722	ws	list	root_id=workspace-b path=	0.132	ok
1776705568723	ws	list_tree	root_id=workspace-b	0.299	ok
1776705568723	ws	list	root_id=workspace-b path=	0.141	ok
1776705568723	ws	list_tree	root_id=workspace-b	0.271	ok
1776705568723	ws	list	root_id=workspace-b path=	0.139	ok
1776705568724	ws	list_tree	root_id=workspace-b	0.287	ok
1776705568724	ws	list	root_id=workspace-b path=	0.157	ok
1776705568724	ws	list_tree	root_id=workspace-b	0.254	ok
1776705568724	ws	list	root_id=workspace-b path=	0.116	ok
1776705568724	ws	list_tree	root_id=workspace-b	0.271	ok
1776705568725	ws	list	root_id=workspace-b path=	0.148	ok
1776705568725	ws	list_tree	root_id=workspace-b	0.272	ok
1776705568725	ws	list	root_id=workspace-b path=	0.137	ok
1776705568725	ws	list_tree	root_id=workspace-b	0.257	ok
1776705568726	ws	list	root_id=workspace-b path=	0.163	ok
1776705568726	ws	list_tree	root_id=workspace-b	0.343	ok
1776705568726	ws	list	root_id=workspace-b path=	0.183	ok
1776705568727	ws	list_tree	root_id=workspace-b	0.281	ok
1776705568727	ws	list	root_id=workspace-b path=	0.176	ok
1776705568727	ws	list_tree	root_id=workspace-b	0.277	ok
1776705568727	ws	list	root_id=workspace-b path=	0.150	ok
1776705568728	ws	list_tree	root_id=workspace-b	0.257	ok
1776705568728	ws	list	root_id=workspace-b path=	0.132	ok
1776705568728	ws	list_tree	root_id=workspace-b	0.275	ok
1776705568728	ws	list	root_id=workspace-b path=	0.141	ok
1776705568729	ws	list_tree	root_id=workspace-b	0.302	ok
1776705568729	ws	list	root_id=workspace-b path=	0.125	ok
1776705568729	ws	list_tree	root_id=workspace-b	0.260	ok
1776705568729	ws	list	root_id=workspace-b path=	0.141	ok
1776705568729	ws	list_tree	root_id=workspace-b	0.272	ok
1776705568730	ws	list	root_id=workspace-b path=	0.170	ok
1776705568730	ws	list_tree	root_id=workspace-b	0.283	ok
1776705568730	ws	list	root_id=workspace-b path=	0.278	ok
1776705568731	ws	list_tree	root_id=workspace-b	0.371	ok
1776705568731	ws	list	root_id=workspace-b path=	0.285	ok
1776705568732	ws	list_tree	root_id=workspace-b	0.323	ok
1776705568732	ws	list	root_id=workspace-b path=	0.172	ok
1776705568732	ws	list_tree	root_id=workspace-b	0.310	ok
1776705568732	ws	list	root_id=workspace-b path=	0.156	ok
1776705568733	ws	list_tree	root_id=workspace-b	0.287	ok
1776705568733	ws	list	root_id=workspace-b path=	0.156	ok
1776705568733	ws	list_tree	root_id=workspace-b	0.283	ok
1776705568733	ws	list	root_id=workspace-b path=	0.169	ok
1776705568734	ws	list_tree	root_id=workspace-b	0.267	ok
1776705568734	ws	list	root_id=workspace-b path=	0.140	ok
1776705568734	ws	list_tree	root_id=workspace-b	0.258	ok
1776705568734	ws	list	root_id=workspace-b path=	0.143	ok
1776705568735	ws	list_tree	root_id=workspace-b	0.252	ok
1776705568735	ws	list	root_id=workspace-b path=	0.148	ok
1776705568735	ws	list_tree	root_id=workspace-b	0.299	ok
1776705568735	ws	list	root_id=workspace-b path=	0.155	ok
1776705568736	ws	list_tree	root_id=workspace-b	0.302	ok
1776705568736	ws	list	root_id=workspace-b path=	0.159	ok
1776705568736	ws	list_tree	root_id=workspace-b	0.326	ok
1776705568736	ws	list	root_id=workspace-b path=	0.130	ok
1776705568737	ws	list_tree	root_id=workspace-b	0.301	ok
1776705568737	ws	list	root_id=workspace-b path=	0.183	ok
1776705568737	ws	list_tree	root_id=workspace-b	0.288	ok
1776705568737	ws	list	root_id=workspace-b path=	0.135	ok
1776705568738	ws	list_tree	root_id=workspace-b	0.266	ok
1776705568738	ws	list	root_id=workspace-b path=	0.166	ok
1776705568738	ws	list_tree	root_id=workspace-b	0.260	ok
1776705568738	ws	list	root_id=workspace-b path=	0.142	ok
1776705568739	ws	list_tree	root_id=workspace-b	0.283	ok
1776705568739	ws	list	root_id=workspace-b path=	0.140	ok
1776705568739	ws	list_tree	root_id=workspace-b	0.282	ok
1776705568739	ws	list	root_id=workspace-b path=	0.126	ok
1776705568740	ws	list_tree	root_id=workspace-b	0.257	ok
1776705568740	ws	list	root_id=workspace-b path=	0.144	ok
1776705568740	ws	list_tree	root_id=workspace-b	0.272	ok
1776705568740	ws	list	root_id=workspace-b path=	0.132	ok
1776705568741	ws	list_tree	root_id=workspace-b	0.257	ok
1776705568741	ws	list	root_id=workspace-b path=	0.153	ok
1776705568741	ws	list_tree	root_id=workspace-b	0.293	ok
1776705568741	ws	list	root_id=workspace-b path=	0.138	ok
1776705568742	ws	list_tree	root_id=workspace-b	0.281	ok
1776705568742	ws	list	root_id=workspace-b path=	0.136	ok
1776705568742	ws	list_tree	root_id=workspace-b	0.260	ok
1776705568742	ws	list	root_id=workspace-b path=	0.139	ok
1776705568742	ws	list_tree	root_id=workspace-b	0.265	ok
1776705568743	ws	list	root_id=workspace-b path=	0.154	ok
1776705568743	ws	list_tree	root_id=workspace-b	0.249	ok
1776705568743	ws	list	root_id=workspace-b path=	0.189	ok
1776705568743	ws	list_tree	root_id=workspace-b	0.262	ok
1776705568744	ws	list	root_id=workspace-b path=	0.140	ok
1776705568744	ws	list_tree	root_id=workspace-b	0.282	ok
1776705568744	ws	list	root_id=workspace-b path=	0.138	ok
1776705568744	ws	list_tree	root_id=workspace-b	0.256	ok
1776705568745	ws	list	root_id=workspace-b path=	0.145	ok
1776705568745	ws	list_tree	root_id=workspace-b	0.271	ok
1776705568745	ws	list	root_id=workspace-b path=	0.150	ok
1776705568745	ws	list_tree	root_id=workspace-b	0.278	ok
1776705568746	ws	list	root_id=workspace-b path=	0.137	ok
1776705568746	ws	list_tree	root_id=workspace-b	0.276	ok
1776705568746	ws	list	root_id=workspace-b path=	0.137	ok
1776705568746	ws	list_tree	root_id=workspace-b	0.254	ok
1776705568747	ws	list	root_id=workspace-b path=	0.132	ok
1776705568747	ws	list_tree	root_id=workspace-b	0.315	ok
1776705568747	ws	list	root_id=workspace-b path=	0.242	ok
1776705568747	ws	list_tree	root_id=workspace-b	0.303	ok
1776705568748	ws	list	root_id=workspace-b path=	0.133	ok
1776705568748	ws	list_tree	root_id=workspace-b	0.281	ok
1776705568748	ws	list	root_id=workspace-b path=	0.140	ok
1776705568748	ws	list_tree	root_id=workspace-b	0.261	ok
1776705568749	ws	list	root_id=workspace-b path=	0.137	ok
1776705568749	ws	list_tree	root_id=workspace-b	0.252	ok
1776705568749	ws	list	root_id=workspace-b path=	0.143	ok
1776705568749	ws	list_tree	root_id=workspace-b	0.283	ok
1776705568750	ws	list	root_id=workspace-b path=	0.143	ok
1776705568750	ws	list_tree	root_id=workspace-b	0.263	ok
1776705568750	ws	list	root_id=workspace-b path=	0.125	ok
1776705568750	ws	list_tree	root_id=workspace-b	0.267	ok
1776705568751	ws	list	root_id=workspace-b path=	0.144	ok
1776705568751	ws	list_tree	root_id=workspace-b	0.267	ok
1776705568751	ws	list	root_id=workspace-b path=	0.154	ok
1776705568751	ws	list_tree	root_id=workspace-b	0.274	ok
1776705568751	ws	list	root_id=workspace-b path=	0.149	ok
1776705568752	ws	list_tree	root_id=workspace-b	0.260	ok
1776705568752	ws	list	root_id=workspace-b path=	0.145	ok
1776705568752	ws	list_tree	root_id=workspace-b	0.266	ok
1776705568752	ws	list	root_id=workspace-b path=	0.123	ok
1776705568753	ws	list_tree	root_id=workspace-b	0.275	ok
1776705568753	ws	list	root_id=workspace-b path=	0.149	ok
1776705568753	ws	list_tree	root_id=workspace-b	0.251	ok
1776705568753	ws	list	root_id=workspace-b path=	0.161	ok
1776705568754	ws	list_tree	root_id=workspace-b	0.262	ok
1776705568754	ws	list	root_id=workspace-b path=	0.131	ok
1776705568754	ws	list_tree	root_id=workspace-b	0.286	ok
1776705568754	ws	list	root_id=workspace-b path=	0.158	ok
1776705568755	ws	list_tree	root_id=workspace-b	0.269	ok
1776705568755	ws	list	root_id=workspace-b path=	0.131	ok
1776705568755	ws	list_tree	root_id=workspace-b	0.342	ok
1776705568755	ws	list	root_id=workspace-b path=	0.183	ok
1776705568756	ws	list_tree	root_id=workspace-b	0.261	ok
1776705568756	ws	list	root_id=workspace-b path=	0.147	ok
1776705568756	ws	list_tree	root_id=workspace-b	0.271	ok
1776705568756	ws	list	root_id=workspace-b path=	0.135	ok
1776705706483	ws	list	root_id=workspace-b path=	0.791	ok
1776705706484	http	GET /api/roots		0.127	ok
1776705706484	ws	list_tree	root_id=workspace-a	0.954	ok
1776705706485	ws	list_tree	root_id=workspace-b	0.961	ok
1776705706563	ws	list_tree	root_id=workspace-a	0.658	ok
1776705706564	ws	list_tree	root_id=workspace-b	0.656	ok
1776705710516	ws	list	root_id=workspace-b path=	0.526	ok
1776705710516	http	GET /api/roots		0.002	ok
1776705710517	ws	list_tree	root_id=workspace-a	0.465	ok
1776705710517	ws	list_tree	root_id=workspace-b	0.684	ok
1776705710578	ws	list_tree	root_id=workspace-a	0.776	ok
1776705710579	ws	list_tree	root_id=workspace-b	0.437	ok
1776705730093	ws	list	root_id=workspace-b path=	0.545	ok
1776705730094	ws	list_tree	root_id=workspace-a	0.560	ok
1776705730095	ws	list_tree	root_id=workspace-b	0.874	ok
1776705730095	http	GET /api/roots		0.124	ok
1776705730171	ws	list_tree	root_id=workspace-a	0.558	ok
1776705730171	ws	list_tree	root_id=workspace-b	0.712	ok
1776705746370	http	GET /api/roots		0.004	ok
1776705746370	ws	list	root_id=workspace-b path=	2.878	ok
1776705746371	ws	list_tree	root_id=workspace-a	0.688	ok
1776705746372	ws	list_tree	root_id=workspace-b	0.969	ok
1776705746434	ws	list_tree	root_id=workspace-a	0.638	ok
1776705746435	ws	list_tree	root_id=workspace-b	0.442	ok
1776705785483	http	GET /api/roots		0.007	ok
1776705785486	http	GET /api/roots		0.004	ok
1776707879101	http	GET /api/roots		0.279	ok
1776707879105	http	GET /api/roots		0.003	ok
1776711412531	http	GET /api/roots		0.361	ok
1776711412535	http	GET /api/roots		0.003	ok
1776712966629	http	GET /api/roots		0.038	ok
1776712966631	http	GET /api/roots		0.002	ok
1776713253676	http	GET /api/roots		0.003	ok
1776713253678	http	GET /api/roots		0.003	ok
1776721477444	http	POST /api/login	user=admin	910.254	ok
1776721477478	ws	list	root_id=workspace-a path=	4.238	ok
1776721477480	ws	list_tree	root_id=workspace-a	1.508	ok
1776721477481	ws	list_tree	root_id=workspace-b	0.740	ok
1776721486818	http	POST /api/login	user=admin	937.607	ok
1776721486856	ws	list	root_id=workspace-a path=	0.374	ok
1776721486857	ws	list_tree	root_id=workspace-a	0.579	ok
1776721486857	ws	list_tree	root_id=workspace-b	0.405	ok
1776721489795	ws	list	root_id=workspace-b path=	0.727	ok
1776721490838	ws	list	root_id=workspace-b path=projects	0.935	ok
1776721491794	ws	list	root_id=workspace-b path=projects/alpha	1.195	ok
1776721492526	ws	list	root_id=workspace-b path=projects/alpha/src	0.666	ok
1776721493361	ws	list	root_id=workspace-b path=projects/alpha/src/nested	0.531	ok
1776721499273	ws	list	root_id=workspace-b path=	1.034	ok
1776721500033	ws	list	root_id=workspace-a path=photos	0.470	ok
1776721500685	ws	list	root_id=workspace-a path=docs	0.515	ok
1776721502310	ws	list	root_id=workspace-a path=	0.557	ok
1776721505994	ws	list	root_id=workspace-a path=	0.969	ok
1776721506043	ws	list_tree	root_id=workspace-a	1.306	ok
1776721506045	ws	list_tree	root_id=workspace-b	0.904	ok
1776721508942	ws	list	root_id=workspace-b path=	1.048	ok
1776721511163	ws	list	root_id=workspace-b path=projects	1.055	ok
1776721512177	ws	list	root_id=workspace-b path=projects/beta	0.748	ok
1776721514186	ws	list	root_id=workspace-b path=projects/beta/data	0.905	ok
1776721516355	ws	list	root_id=workspace-a path=	1.030	ok
1776721517083	ws	list	root_id=workspace-a path=docs	0.662	ok
1776721517666	ws	list	root_id=workspace-a path=docs/07	0.875	ok
1776721518194	ws	list	root_id=workspace-a path=docs/manuals	0.396	ok
1776940312242	http	GET /api/roots		0.043	ok
1776940312245	http	GET /api/roots		0.003	ok
1776940314917	http	POST /api/login	user=admin	941.511	ok
1776940314942	ws	list	root_id=workspace-a path=	2.116	ok
1776940314943	ws	list_tree	root_id=workspace-a	1.083	ok
1776940314944	ws	list_tree	root_id=workspace-b	0.895	ok
1776940316678	ws	list	root_id=workspace-a path=docs	1.220	ok
1776940317545	ws	list	root_id=workspace-a path=docs/manuals	0.999	ok
1776940318428	ws	list	root_id=workspace-a path=docs/manuals/deep	1.114	ok
1776940319226	ws	list	root_id=workspace-a path=photos	0.607	ok
1776940320037	ws	list	root_id=workspace-a path=docs/vacation	0.709	ok
1776940320822	ws	list	root_id=workspace-b path=	0.624	ok
1776940321549	ws	list	root_id=workspace-b path=projects	0.992	ok
1776940322366	ws	list	root_id=workspace-b path=projects/alpha	0.797	ok
1776940323096	ws	list	root_id=workspace-b path=projects/beta	0.498	ok
1776940323762	ws	list	root_id=workspace-b path=projects/scratch-empty	0.520	ok
1776940329762	ws	list	root_id=workspace-b path=projects	1.066	ok
1776940330599	ws	list	root_id=workspace-b path=	0.960	ok
1787152094572	http	GET /api/roots		0.331	ok
1787152094578	http	GET /api/roots		0.003	ok
1787152096908	http	POST /api/login	user=admin	926.143	ok
1787152096935	ws	list	root_id=workspace-a path=	2.541	ok
1787152096937	ws	list_tree	root_id=workspace-a	1.495	ok
1787152096938	ws	list_tree	root_id=workspace-b	1.032	ok
1787152100107	ws	move	from_root_id=workspace-a from=photos to_root_id=workspace-a to=docs/photos	1.283	ok
1787152100129	ws	list_tree	root_id=workspace-a	2.046	ok
1787152100133	ws	list	root_id=workspace-a path=	2.423	ok
1787152100136	ws	list_tree	root_id=workspace-a	1.217	ok
1787152100136	ws	list	root_id=workspace-a path=	0.299	ok
1787152100137	ws	list_tree	root_id=workspace-a	0.961	ok
1787152100138	ws	list	root_id=workspace-a path=	0.285	ok
1787152100139	ws	list_tree	root_id=workspace-a	0.815	ok
1787152100139	ws	list	root_id=workspace-a path=	0.220	ok
1787152734246	http	GET /api/roots		0.306	ok
1787152734251	http	GET /api/roots		0.003	ok
1787152757073	http	POST /api/login	user=admin	954.851	ok
1787152757101	ws	list	root_id=workspace-a path=	2.297	ok
1787152757103	ws	list_tree	root_id=workspace-a	0.961	ok
1787152757103	ws	list_tree	root_id=workspace-b	0.645	ok
1787152766205	ws	list	root_id=workspace-b path=	0.542	ok
1787152767687	ws	list	root_id=workspace-b path=projects	0.457	ok
1787152768814	ws	list	root_id=workspace-a path=docs	0.480	ok
1787152995453	http	GET /api/roots		0.507	ok
1787152995463	http	GET /api/roots		0.004	ok
1787153021059	http	GET /api/roots		0.511	ok
1787153021063	http	GET /api/roots		0.004	ok
1787153289452	http	GET /api/roots		0.269	ok
1787153289456	http	GET /api/roots		0.004	ok
1787153329566	http	GET /api/roots		0.016	ok
1787153329569	http	GET /api/roots		0.005	ok
1787153373053	http	GET /api/roots		0.008	ok
1787153373057	http	GET /api/roots		0.005	ok
1787153375079	http	POST /api/login	user=admin	1731.495	ok
1787153375125	ws	list	root_id=workspace-a path=	3.157	ok
1787153375127	ws	list_tree	root_id=workspace-a	1.268	ok
1787153375128	ws	list_tree	root_id=workspace-b	1.329	ok
